{
	"__credit": "Generated using Animated Java (https://animated-java.dev/)",
	"textures": {
		"0": "minecraft:rpg/mobs/gbrpg/pikaspooder/pikachu"
	},
	"elements": [
		{
			"faces": {
				"north": {"uv": [15.125, 0.125, 15.5, 0.25], "texture": "#0"},
				"east": {"uv": [15, 0.125, 15.125, 0.25], "texture": "#0"},
				"south": {"uv": [15.625, 0.125, 16, 0.25], "texture": "#0"},
				"west": {"uv": [15.5, 0.125, 15.625, 0.25], "texture": "#0"},
				"up": {"uv": [15.5, 0.125, 15.125, 0], "texture": "#0"},
				"down": {"uv": [15.875, 0, 15.5, 0.125], "texture": "#0"}
			},
			"to": [9.72339, 8.39941, 9.9254],
			"from": [5.97339, 6.59941, 8.7254],
			"rotation": {"angle": -22.5, "axis": "z", "origin": [4.56204, 7.091, 9.3254]}
		},
		{
			"faces": {
				"north": {"uv": [15.125, 0.125, 15.25, 0.5], "texture": "#0"},
				"east": {"uv": [15, 0.125, 15.125, 0.5], "texture": "#0"},
				"south": {"uv": [15.375, 0.125, 15.5, 0.5], "texture": "#0"},
				"west": {"uv": [15.25, 0.125, 15.375, 0.5], "texture": "#0"},
				"up": {"uv": [15.25, 0.125, 15.125, 0], "texture": "#0"},
				"down": {"uv": [15.375, 0, 15.25, 0.125], "texture": "#0"}
			},
			"to": [6.46611, 9.41512, 9.9254],
			"from": [4.66611, 5.57512, 8.7254],
			"rotation": {"angle": 45, "axis": "z", "origin": [4.56204, 7.091, 9.3254]}
		},
		{
			"faces": {
				"north": {"uv": [15.125, 0.125, 15.25, 1.375], "texture": "#0"},
				"east": {"uv": [15, 0.125, 15.125, 1.375], "texture": "#0"},
				"south": {"uv": [15.375, 0.125, 15.5, 1.375], "texture": "#0"},
				"west": {"uv": [15.25, 0.125, 15.375, 1.375], "texture": "#0"},
				"up": {"uv": [15.25, 0.125, 15.125, 0], "texture": "#0"},
				"down": {"uv": [15.375, 0, 15.25, 0.125], "texture": "#0"}
			},
			"to": [3.6344, 8.18683, 9.9254],
			"from": [2.4344, -4.05317, 8.7254],
			"rotation": {"angle": -22.5, "axis": "z", "origin": [4.56204, 7.091, 9.3254]}
		},
		{
			"faces": {
				"north": {"uv": [15.5, 4.625, 15.625, 4.875], "texture": "#0"},
				"east": {"uv": [15.375, 4.625, 15.5, 4.875], "texture": "#0"},
				"south": {"uv": [15.75, 4.625, 15.875, 4.875], "texture": "#0"},
				"west": {"uv": [15.625, 4.625, 15.75, 4.875], "texture": "#0"},
				"up": {"uv": [15.625, 4.625, 15.5, 4.5], "texture": "#0"},
				"down": {"uv": [15.75, 4.5, 15.625, 4.625], "texture": "#0"}
			},
			"to": [3.9344, -4.05317, 10.2254],
			"from": [2.1344, -6.45317, 8.4254],
			"rotation": {"angle": -22.5, "axis": "z", "origin": [4.56204, 7.091, 9.3254]}
		},
		{
			"faces": {
				"north": {"uv": [15.125, 0.125, 15.25, 0.25], "texture": "#0"},
				"east": {"uv": [15, 0.125, 15.125, 0.25], "texture": "#0"},
				"south": {"uv": [15.375, 0.125, 15.5, 0.25], "texture": "#0"},
				"west": {"uv": [15.25, 0.125, 15.375, 0.25], "texture": "#0"},
				"up": {"uv": [15.25, 0.125, 15.125, 0], "texture": "#0"},
				"down": {"uv": [15.375, 0, 15.25, 0.125], "texture": "#0"}
			},
			"to": [4.2644, 10.07683, 9.9254],
			"from": [2.9444, 8.69683, 8.7254],
			"rotation": {"angle": 0, "axis": "y", "origin": [12.83575, -0.19345, -3.8746]}
		}
	],
	"display": {
		"head": {
			"translation": [0, 5.6, 0],
			"scale": [4, 4, 4],
			"rotation": [0, 0, 0]
		}
	}
}