{
	"__credit": "Generated using Animated Java (https://animated-java.dev/)",
	"textures": {
		"0": "minecraft:rpg/mobs/gbrpg/pikaspooder/pikachu"
	},
	"elements": [
		{
			"faces": {
				"north": {"uv": [14, 0.5, 14.75, 1.25], "texture": "#0"},
				"east": {"uv": [13.5, 0.5, 14, 1.25], "texture": "#0"},
				"south": {"uv": [15.25, 0.5, 16, 1.25], "texture": "#0"},
				"west": {"uv": [14.75, 0.5, 15.25, 1.25], "texture": "#0"},
				"up": {"uv": [14.75, 0.5, 14, 0], "texture": "#0"},
				"down": {"uv": [15.5, 0, 14.75, 0.5], "texture": "#0"}
			},
			"to": [11.6, 7.42587, -6.70477],
			"from": [4.4, 0.22587, -11.50477],
			"rotation": {"angle": 0, "axis": "y", "origin": [8, -0.97413, -7.90477]}
		},
		{
			"faces": {
				"north": {"uv": [13.75, 0.75, 14.5, 1.5], "texture": "#0"},
				"east": {"uv": [13, 0.75, 13.75, 1.5], "texture": "#0"},
				"south": {"uv": [15.25, 0.75, 16, 1.5], "texture": "#0"},
				"west": {"uv": [14.5, 0.75, 15.25, 1.5], "texture": "#0"},
				"up": {"uv": [14.5, 0.75, 13.75, 0], "texture": "#0"},
				"down": {"uv": [15.25, 0, 14.5, 0.75], "texture": "#0"}
			},
			"to": [11.6, 7.42587, 14.89523],
			"from": [4.4, 0.22587, 7.69523],
			"rotation": {"angle": 0, "axis": "y", "origin": [8, -0.97413, -7.90477]}
		},
		{
			"faces": {
				"north": {"uv": [14.25, 0.75, 14.75, 1.25], "texture": "#0"},
				"east": {"uv": [13.5, 0.75, 14.25, 1.25], "texture": "#0"},
				"south": {"uv": [15.5, 0.75, 16, 1.25], "texture": "#0"},
				"west": {"uv": [14.75, 0.75, 15.5, 1.25], "texture": "#0"},
				"up": {"uv": [14.75, 0.75, 14.25, 0], "texture": "#0"},
				"down": {"uv": [15.25, 0, 14.75, 0.75], "texture": "#0"}
			},
			"to": [10.4, 8.02587, 20.89523],
			"from": [5.6, 3.22587, 13.69523],
			"rotation": {"angle": -22.5, "axis": "x", "origin": [8, 3.82587, 18.49523]}
		},
		{
			"faces": {
				"north": {"uv": [14.75, 0.75, 15, 1], "texture": "#0"},
				"east": {"uv": [14, 0.75, 14.75, 1], "texture": "#0"},
				"south": {"uv": [15.75, 0.75, 16, 1], "texture": "#0"},
				"west": {"uv": [15, 0.75, 15.75, 1], "texture": "#0"},
				"up": {"uv": [15, 0.75, 14.75, 0], "texture": "#0"},
				"down": {"uv": [15.25, 0, 15, 0.75], "texture": "#0"}
			},
			"to": [9.2, 6.82587, 26.89523],
			"from": [6.8, 4.42587, 19.69523],
			"rotation": {"angle": -45, "axis": "x", "origin": [8, 3.82587, 18.49523]}
		},
		{
			"faces": {
				"north": {"uv": [12.5, 1.5, 13.5, 2.5], "texture": "#0"},
				"east": {"uv": [11, 1.5, 12.5, 2.5], "texture": "#0"},
				"south": {"uv": [15, 1.5, 16, 2.5], "texture": "#0"},
				"west": {"uv": [13.5, 1.5, 15, 2.5], "texture": "#0"},
				"up": {"uv": [13.5, 1.5, 12.5, 0], "texture": "#0"},
				"down": {"uv": [14.5, 0, 13.5, 1.5], "texture": "#0"}
			},
			"to": [12.8, 8.62587, 7.69523],
			"from": [3.2, -0.97413, -6.70477],
			"rotation": {"angle": 0, "axis": "y", "origin": [8, -0.97413, -7.90477]}
		}
	],
	"display": {
		"head": {
			"translation": [0, 5.6, 0],
			"scale": [4, 4, 4],
			"rotation": [0, 0, 0]
		}
	}
}