{
	"__credit": "Generated using Animated Java (https://animated-java.dev/)",
	"textures": {
		"0": "minecraft:rpg/mobs/gbrpg/pikaspooder/pikachu"
	},
	"elements": [
		{
			"faces": {
				"north": {"uv": [15.125, 0.125, 15.5, 0.25], "texture": "#0"},
				"east": {"uv": [15, 0.125, 15.125, 0.25], "texture": "#0"},
				"south": {"uv": [15.625, 0.125, 16, 0.25], "texture": "#0"},
				"west": {"uv": [15.5, 0.125, 15.625, 0.25], "texture": "#0"},
				"up": {"uv": [15.5, 0.125, 15.125, 0], "texture": "#0"},
				"down": {"uv": [15.875, 0, 15.5, 0.125], "texture": "#0"}
			},
			"to": [9.86136, 7.48565, 9.39682],
			"from": [6.11136, 5.68565, 8.19682],
			"rotation": {"angle": -22.5, "axis": "z", "origin": [4.7, 6.17724, 8.79682]}
		},
		{
			"faces": {
				"north": {"uv": [15.125, 0.125, 15.25, 0.5], "texture": "#0"},
				"east": {"uv": [15, 0.125, 15.125, 0.5], "texture": "#0"},
				"south": {"uv": [15.375, 0.125, 15.5, 0.5], "texture": "#0"},
				"west": {"uv": [15.25, 0.125, 15.375, 0.5], "texture": "#0"},
				"up": {"uv": [15.25, 0.125, 15.125, 0], "texture": "#0"},
				"down": {"uv": [15.375, 0, 15.25, 0.125], "texture": "#0"}
			},
			"to": [6.60408, 8.50136, 9.39682],
			"from": [4.80408, 4.66136, 8.19682],
			"rotation": {"angle": 45, "axis": "z", "origin": [4.7, 6.17724, 8.79682]}
		},
		{
			"faces": {
				"north": {"uv": [15.125, 0.125, 15.25, 1.375], "texture": "#0"},
				"east": {"uv": [15, 0.125, 15.125, 1.375], "texture": "#0"},
				"south": {"uv": [15.375, 0.125, 15.5, 1.375], "texture": "#0"},
				"west": {"uv": [15.25, 0.125, 15.375, 1.375], "texture": "#0"},
				"up": {"uv": [15.25, 0.125, 15.125, 0], "texture": "#0"},
				"down": {"uv": [15.375, 0, 15.25, 0.125], "texture": "#0"}
			},
			"to": [3.77236, 7.27307, 9.39682],
			"from": [2.57236, -4.96693, 8.19682],
			"rotation": {"angle": -22.5, "axis": "z", "origin": [4.7, 6.17724, 8.79682]}
		},
		{
			"faces": {
				"north": {"uv": [15.5, 4.625, 15.625, 4.875], "texture": "#0"},
				"east": {"uv": [15.375, 4.625, 15.5, 4.875], "texture": "#0"},
				"south": {"uv": [15.75, 4.625, 15.875, 4.875], "texture": "#0"},
				"west": {"uv": [15.625, 4.625, 15.75, 4.875], "texture": "#0"},
				"up": {"uv": [15.625, 4.625, 15.5, 4.5], "texture": "#0"},
				"down": {"uv": [15.75, 4.5, 15.625, 4.625], "texture": "#0"}
			},
			"to": [4.07236, -4.96693, 9.69682],
			"from": [2.27236, -7.36693, 7.89682],
			"rotation": {"angle": -22.5, "axis": "z", "origin": [4.7, 6.17724, 8.79682]}
		},
		{
			"faces": {
				"north": {"uv": [15.125, 0.125, 15.25, 0.25], "texture": "#0"},
				"east": {"uv": [15, 0.125, 15.125, 0.25], "texture": "#0"},
				"south": {"uv": [15.375, 0.125, 15.5, 0.25], "texture": "#0"},
				"west": {"uv": [15.25, 0.125, 15.375, 0.25], "texture": "#0"},
				"up": {"uv": [15.25, 0.125, 15.125, 0], "texture": "#0"},
				"down": {"uv": [15.375, 0, 15.25, 0.125], "texture": "#0"}
			},
			"to": [4.40236, 9.16307, 9.39682],
			"from": [3.08236, 7.78307, 8.19682],
			"rotation": {"angle": 0, "axis": "y", "origin": [12.97371, -1.10721, 5.19682]}
		}
	],
	"display": {
		"head": {
			"translation": [0, 5.6, 0],
			"scale": [4, 4, 4],
			"rotation": [0, 0, 0]
		}
	}
}