{
	"__credit": "Generated using Animated Java (https://animated-java.dev/)",
	"textures": {
		"0": "minecraft:rpg/mobs/gbrpg/pikaspooder/pikachu"
	},
	"elements": [
		{
			"faces": {
				"north": {"uv": [15.125, 0.125, 15.5, 0.25], "texture": "#0"},
				"east": {"uv": [15, 0.125, 15.125, 0.25], "texture": "#0"},
				"south": {"uv": [15.625, 0.125, 16, 0.25], "texture": "#0"},
				"west": {"uv": [15.5, 0.125, 15.625, 0.25], "texture": "#0"},
				"up": {"uv": [15.5, 0.125, 15.125, 0], "texture": "#0"},
				"down": {"uv": [15.875, 0, 15.5, 0.125], "texture": "#0"}
			},
			"to": [10.18864, 7.78565, 9.99682],
			"from": [6.43864, 5.98565, 8.79682],
			"rotation": {"angle": 22.5, "axis": "z", "origin": [11.6, 6.47724, 9.39682]}
		},
		{
			"faces": {
				"north": {"uv": [15.125, 0.125, 15.25, 0.5], "texture": "#0"},
				"east": {"uv": [15, 0.125, 15.125, 0.5], "texture": "#0"},
				"south": {"uv": [15.375, 0.125, 15.5, 0.5], "texture": "#0"},
				"west": {"uv": [15.25, 0.125, 15.375, 0.5], "texture": "#0"},
				"up": {"uv": [15.25, 0.125, 15.125, 0], "texture": "#0"},
				"down": {"uv": [15.375, 0, 15.25, 0.125], "texture": "#0"}
			},
			"to": [11.49592, 8.80136, 9.99682],
			"from": [9.69592, 4.96136, 8.79682],
			"rotation": {"angle": -45, "axis": "z", "origin": [11.6, 6.47724, 9.39682]}
		},
		{
			"faces": {
				"north": {"uv": [15.125, 0.125, 15.25, 1.375], "texture": "#0"},
				"east": {"uv": [15, 0.125, 15.125, 1.375], "texture": "#0"},
				"south": {"uv": [15.375, 0.125, 15.5, 1.375], "texture": "#0"},
				"west": {"uv": [15.25, 0.125, 15.375, 1.375], "texture": "#0"},
				"up": {"uv": [15.25, 0.125, 15.125, 0], "texture": "#0"},
				"down": {"uv": [15.375, 0, 15.25, 0.125], "texture": "#0"}
			},
			"to": [13.72764, 7.57307, 9.99682],
			"from": [12.52764, -4.66693, 8.79682],
			"rotation": {"angle": 22.5, "axis": "z", "origin": [11.6, 6.47724, 9.39682]}
		},
		{
			"faces": {
				"north": {"uv": [15.5, 4.625, 15.625, 4.875], "texture": "#0"},
				"east": {"uv": [15.375, 4.625, 15.5, 4.875], "texture": "#0"},
				"south": {"uv": [15.75, 4.625, 15.875, 4.875], "texture": "#0"},
				"west": {"uv": [15.625, 4.625, 15.75, 4.875], "texture": "#0"},
				"up": {"uv": [15.625, 4.625, 15.5, 4.5], "texture": "#0"},
				"down": {"uv": [15.75, 4.5, 15.625, 4.625], "texture": "#0"}
			},
			"to": [14.02764, -4.66693, 10.29682],
			"from": [12.22764, -7.06693, 8.49682],
			"rotation": {"angle": 22.5, "axis": "z", "origin": [11.6, 6.47724, 9.39682]}
		},
		{
			"faces": {
				"north": {"uv": [15.125, 0.125, 15.25, 0.25], "texture": "#0"},
				"east": {"uv": [15, 0.125, 15.125, 0.25], "texture": "#0"},
				"south": {"uv": [15.375, 0.125, 15.5, 0.25], "texture": "#0"},
				"west": {"uv": [15.25, 0.125, 15.375, 0.25], "texture": "#0"},
				"up": {"uv": [15.25, 0.125, 15.125, 0], "texture": "#0"},
				"down": {"uv": [15.375, 0, 15.25, 0.125], "texture": "#0"}
			},
			"to": [13.21764, 9.46307, 9.99682],
			"from": [11.89764, 8.08307, 8.79682],
			"rotation": {"angle": 0, "axis": "y", "origin": [3.07371, -0.80721, 5.79682]}
		}
	],
	"display": {
		"head": {
			"translation": [0, 5.6, 0],
			"scale": [4, 4, 4],
			"rotation": [0, 0, 0]
		}
	}
}