{
	"__credit": "Generated using Animated Java (https://animated-java.dev/)",
	"textures": {},
	"elements": [
		{
			"faces": {
				"north": {"uv": [15.125, 0.125, 15.5, 0.25], "texture": "#missing"},
				"east": {"uv": [15, 0.125, 15.125, 0.25], "texture": "#missing"},
				"south": {"uv": [15.625, 0.125, 16, 0.25], "texture": "#missing"},
				"west": {"uv": [15.5, 0.125, 15.625, 0.25], "texture": "#missing"},
				"up": {"uv": [15.5, 0.125, 15.125, 0], "texture": "#missing"},
				"down": {"uv": [15.875, 0, 15.5, 0.125], "texture": "#missing"}
			},
			"to": [8.72955, 5.75614, 8.2],
			"from": [7.47955, 5.15614, 7.8],
			"rotation": {"angle": 22.5, "axis": "z", "origin": [9.2, 5.32, 8]}
		},
		{
			"faces": {
				"north": {"uv": [15.125, 0.125, 15.25, 0.5], "texture": "#missing"},
				"east": {"uv": [15, 0.125, 15.125, 0.5], "texture": "#missing"},
				"south": {"uv": [15.375, 0.125, 15.5, 0.5], "texture": "#missing"},
				"west": {"uv": [15.25, 0.125, 15.375, 0.5], "texture": "#missing"},
				"up": {"uv": [15.25, 0.125, 15.125, 0], "texture": "#missing"},
				"down": {"uv": [15.375, 0, 15.25, 0.125], "texture": "#missing"}
			},
			"to": [9.16531, 6.0947, 8.2],
			"from": [8.56531, 4.8147, 7.8],
			"rotation": {"angle": -45, "axis": "z", "origin": [9.2, 5.32, 8]}
		},
		{
			"faces": {
				"north": {"uv": [15.125, 0.125, 15.25, 1.375], "texture": "#missing"},
				"east": {"uv": [15, 0.125, 15.125, 1.375], "texture": "#missing"},
				"south": {"uv": [15.375, 0.125, 15.5, 1.375], "texture": "#missing"},
				"west": {"uv": [15.25, 0.125, 15.375, 1.375], "texture": "#missing"},
				"up": {"uv": [15.25, 0.125, 15.125, 0], "texture": "#missing"},
				"down": {"uv": [15.375, 0, 15.25, 0.125], "texture": "#missing"}
			},
			"to": [9.90921, 5.68528, 8.2],
			"from": [9.50921, 1.60528, 7.8],
			"rotation": {"angle": 22.5, "axis": "z", "origin": [9.2, 5.32, 8]}
		},
		{
			"faces": {
				"north": {"uv": [15.5, 4.625, 15.625, 4.875], "texture": "#missing"},
				"east": {"uv": [15.375, 4.625, 15.5, 4.875], "texture": "#missing"},
				"south": {"uv": [15.75, 4.625, 15.875, 4.875], "texture": "#missing"},
				"west": {"uv": [15.625, 4.625, 15.75, 4.875], "texture": "#missing"},
				"up": {"uv": [15.625, 4.625, 15.5, 4.5], "texture": "#missing"},
				"down": {"uv": [15.75, 4.5, 15.625, 4.625], "texture": "#missing"}
			},
			"to": [10.00921, 1.60528, 8.3],
			"from": [9.40921, 0.80528, 7.7],
			"rotation": {"angle": 22.5, "axis": "z", "origin": [9.2, 5.32, 8]}
		},
		{
			"faces": {
				"north": {"uv": [15.125, 0.125, 15.25, 0.25], "texture": "#missing"},
				"east": {"uv": [15, 0.125, 15.125, 0.25], "texture": "#missing"},
				"south": {"uv": [15.375, 0.125, 15.5, 0.25], "texture": "#missing"},
				"west": {"uv": [15.25, 0.125, 15.375, 0.25], "texture": "#missing"},
				"up": {"uv": [15.25, 0.125, 15.125, 0], "texture": "#missing"},
				"down": {"uv": [15.375, 0, 15.25, 0.125], "texture": "#missing"}
			},
			"to": [9.73921, 6.31528, 8.2],
			"from": [9.29921, 5.85528, 7.8],
			"rotation": {"angle": 0, "axis": "y", "origin": [6.3579, 2.89185, 6.8]}
		}
	],
	"display": {
		"head": {
			"translation": [0, 5.6, 0],
			"scale": [4, 4, 4],
			"rotation": [0, 0, 0]
		}
	}
}