{
	"credit": "Made by Gameboy612",
	"parent": "item_frame_block",
	"textures": {
		"0": "block/smooth_stone",
		"particle": "block/smooth_stone"
	},
	"elements": [
		{
			"from": [-8, 16, 9],
			"to": [24, 17, 10],
			"rotation": {"angle": 0, "axis": "y", "origin": [0, 0, 16]},
			"faces": {
				"north": {"uv": [16, 0, 0, 1], "texture": "#0"},
				"east": {"uv": [1, 0, 0, 1], "texture": "#0"},
				"south": {"uv": [16, 0, 0, 1], "texture": "#0"},
				"west": {"uv": [1, 0, 0, 1], "texture": "#0"},
				"up": {"uv": [0, 1, 16, 0], "texture": "#0"},
				"down": {"uv": [0, 1, 16, 0], "texture": "#0"}
			}
		},
		{
			"from": [-8, 8, 15],
			"to": [-7, 18, 16],
			"rotation": {"angle": 0, "axis": "y", "origin": [0, 0, 16]},
			"faces": {
				"north": {"uv": [1, 0, 0, 10], "texture": "#0"},
				"east": {"uv": [1, 0, 0, 10], "texture": "#0"},
				"south": {"uv": [1, 0, 0, 10], "texture": "#0"},
				"west": {"uv": [1, 0, 0, 10], "texture": "#0"},
				"up": {"uv": [0, 1, 1, 0], "texture": "#0"},
				"down": {"uv": [0, 1, 1, 0], "texture": "#0"}
			}
		},
		{
			"from": [23, 8, 15],
			"to": [24, 18, 16],
			"rotation": {"angle": 0, "axis": "y", "origin": [0, 0, 16]},
			"faces": {
				"north": {"uv": [1, 0, 0, 10], "texture": "#0"},
				"east": {"uv": [1, 0, 0, 10], "texture": "#0"},
				"south": {"uv": [1, 0, 0, 10], "texture": "#0"},
				"west": {"uv": [1, 0, 0, 10], "texture": "#0"},
				"up": {"uv": [0, 1, 1, 0], "texture": "#0"},
				"down": {"uv": [0, 1, 1, 0], "texture": "#0"}
			}
		},
		{
			"from": [-8, 16, 8],
			"to": [-7, 17, 15],
			"rotation": {"angle": 0, "axis": "y", "origin": [0, 0, 16]},
			"faces": {
				"north": {"uv": [1, 0, 0, 1], "texture": "#0"},
				"east": {"uv": [7, 0, 0, 1], "texture": "#0"},
				"south": {"uv": [1, 0, 0, 1], "texture": "#0"},
				"west": {"uv": [7, 0, 0, 1], "texture": "#0"},
				"up": {"uv": [0, 7, 1, 0], "texture": "#0"},
				"down": {"uv": [0, 7, 1, 0], "texture": "#0"}
			}
		},
		{
			"from": [23, 16, 8],
			"to": [24, 17, 15],
			"rotation": {"angle": 0, "axis": "y", "origin": [0, 0, 16]},
			"faces": {
				"north": {"uv": [1, 0, 0, 1], "texture": "#0"},
				"east": {"uv": [7, 0, 0, 1], "texture": "#0"},
				"south": {"uv": [1, 0, 0, 1], "texture": "#0"},
				"west": {"uv": [7, 0, 0, 1], "texture": "#0"},
				"up": {"uv": [0, 7, 1, 0], "texture": "#0"},
				"down": {"uv": [0, 7, 1, 0], "texture": "#0"}
			}
		},
		{
			"from": [-8, 7, 22],
			"to": [-7, 17, 23],
			"rotation": {"angle": -45, "axis": "x", "origin": [0, 0, 16]},
			"faces": {
				"north": {"uv": [1, 0, 0, 10], "texture": "#0"},
				"east": {"uv": [1, 0, 0, 10], "texture": "#0"},
				"south": {"uv": [1, 0, 0, 10], "texture": "#0"},
				"west": {"uv": [1, 0, 0, 10], "texture": "#0"},
				"up": {"uv": [0, 1, 1, 0], "texture": "#0"},
				"down": {"uv": [0, 1, 1, 0], "texture": "#0"}
			}
		},
		{
			"from": [23, 7, 22],
			"to": [24, 17, 23],
			"rotation": {"angle": -45, "axis": "x", "origin": [0, 0, 16]},
			"faces": {
				"north": {"uv": [1, 0, 0, 10], "texture": "#0"},
				"east": {"uv": [1, 0, 0, 10], "texture": "#0"},
				"south": {"uv": [1, 0, 0, 10], "texture": "#0"},
				"west": {"uv": [1, 0, 0, 10], "texture": "#0"},
				"up": {"uv": [0, 1, 1, 0], "texture": "#0"},
				"down": {"uv": [0, 1, 1, 0], "texture": "#0"}
			}
		}
	]
}