{
	"credit": "Made by Gameboy612",
	"textures": {
		"0": "rpg/wand/basic_wand/nor_wand",
		"particle": "rpg/wand/basic_wand/nor_wand"
	},
	"elements": [
		{
			"from": [7.5, 0.75, 7.5],
			"to": [8.5, 2.5, 8.5],
			"rotation": {"angle": 0, "axis": "y", "origin": [8, 2.375, 8]},
			"faces": {
				"north": {"uv": [0.5, 0.5, 1.5, 2.25], "texture": "#0"},
				"east": {"uv": [3.5, 0, 4.5, 1.75], "texture": "#0"},
				"south": {"uv": [1, 0, 2, 1.75], "texture": "#0"},
				"west": {"uv": [2, 1.5, 3, 3.25], "texture": "#0"},
				"up": {"uv": [1, 2, 2, 3], "texture": "#0"},
				"down": {"uv": [2.5, 2, 3.5, 3], "texture": "#0"}
			}
		},
		{
			"from": [7.5, 3, 7.5],
			"to": [8.5, 4.25, 8.5],
			"rotation": {"angle": 0, "axis": "y", "origin": [8, 2.375, 8]},
			"faces": {
				"north": {"uv": [0.5, 0.5, 1.5, 1.75], "texture": "#0"},
				"east": {"uv": [3.5, 0, 4.5, 1.25], "texture": "#0"},
				"south": {"uv": [1, 0, 2, 1.25], "texture": "#0"},
				"west": {"uv": [2, 1.5, 3, 2.75], "texture": "#0"},
				"up": {"uv": [1, 2, 2, 3], "texture": "#0"},
				"down": {"uv": [2.5, 2, 3.5, 3], "texture": "#0"}
			}
		},
		{
			"from": [7.375, 2.5, 7.375],
			"to": [8.625, 3, 8.625],
			"rotation": {"angle": 0, "axis": "y", "origin": [8, 2.375, 8]},
			"faces": {
				"north": {"uv": [0.5, 4.5, 1.75, 5], "texture": "#0"},
				"east": {"uv": [1, 7, 2.25, 7.5], "texture": "#0"},
				"south": {"uv": [0.5, 4, 1.75, 4.5], "texture": "#0"},
				"west": {"uv": [1, 5, 2.25, 5.5], "texture": "#0"},
				"up": {"uv": [0.5, 6.5, 1.75, 7.75], "texture": "#0"},
				"down": {"uv": [1, 6.5, 2.25, 7.75], "texture": "#0"}
			}
		},
		{
			"from": [7.375, 4.25, 7.375],
			"to": [8.625, 4.75, 8.625],
			"rotation": {"angle": 0, "axis": "y", "origin": [8, 2.375, 8]},
			"faces": {
				"north": {"uv": [0.5, 7, 1.75, 7.5], "texture": "#0"},
				"east": {"uv": [1, 7, 2.25, 7.5], "texture": "#0"},
				"south": {"uv": [0.5, 7, 1.75, 7.5], "texture": "#0"},
				"west": {"uv": [1, 7, 2.25, 7.5], "texture": "#0"},
				"up": {"uv": [1, 6.5, 2.25, 7.75], "texture": "#0"},
				"down": {"uv": [0.5, 6, 1.75, 7.25], "texture": "#0"}
			}
		},
		{
			"from": [7.5, 4.75, 7.5],
			"to": [8.5, 6, 8.5],
			"rotation": {"angle": 0, "axis": "y", "origin": [8, 2.375, 8]},
			"faces": {
				"north": {"uv": [0.5, 0.5, 1.5, 1.75], "texture": "#0"},
				"east": {"uv": [3.5, 0, 4.5, 1.25], "texture": "#0"},
				"south": {"uv": [1, 0, 2, 1.25], "texture": "#0"},
				"west": {"uv": [2, 1.5, 3, 2.75], "texture": "#0"},
				"up": {"uv": [1, 2, 2, 3], "texture": "#0"},
				"down": {"uv": [2.5, 2, 3.5, 3], "texture": "#0"}
			}
		},
		{
			"from": [7.675, 0.325, 7.375],
			"to": [8.425, 1.075, 7.5],
			"rotation": {"angle": -45, "axis": "z", "origin": [8, 0.75, 8]},
			"faces": {
				"north": {"uv": [0.5, 4, 1.25, 4.75], "texture": "#0"},
				"east": {"uv": [4, 4.5, 4.125, 5.25], "texture": "#0"},
				"south": {"uv": [1, 4.5, 1.75, 5.25], "texture": "#0"},
				"west": {"uv": [3, 4.5, 3.125, 5.25], "texture": "#0"},
				"up": {"uv": [1, 6.5, 1.125, 7.25], "rotation": 90, "texture": "#0"},
				"down": {"uv": [4, 6.5, 4.125, 7.25], "rotation": 270, "texture": "#0"}
			}
		},
		{
			"from": [7.8, 0.325, 7.25],
			"to": [8.425, 0.95, 7.375],
			"rotation": {"angle": -45, "axis": "z", "origin": [8, 0.75, 8]},
			"faces": {
				"north": {"uv": [0.5, 8, 1.5, 9], "texture": "#0"},
				"east": {"uv": [0.5, 8, 0.625, 8.625], "texture": "#0"},
				"south": {"uv": [0.5, 8, 1.125, 8.625], "texture": "#0"},
				"west": {"uv": [0.5, 8, 0.625, 8.625], "texture": "#0"},
				"up": {"uv": [0.5, 8, 0.625, 8.625], "rotation": 90, "texture": "#0"},
				"down": {"uv": [0.5, 8, 0.625, 8.625], "rotation": 270, "texture": "#0"}
			}
		},
		{
			"from": [7.8, 0.325, 8.625],
			"to": [8.425, 0.95, 8.75],
			"rotation": {"angle": -45, "axis": "z", "origin": [8, 0.75, 8]},
			"faces": {
				"north": {"uv": [1.125, 8, 0.5, 8.625], "texture": "#0"},
				"east": {"uv": [1, 8, 0.875, 8.625], "texture": "#0"},
				"south": {"uv": [0.5, 8, 1.5, 9], "rotation": 270, "texture": "#0"},
				"west": {"uv": [1, 8, 0.875, 8.625], "texture": "#0"},
				"up": {"uv": [1, 8, 0.875, 8.625], "texture": "#0"},
				"down": {"uv": [1, 8, 0.875, 8.625], "rotation": 270, "texture": "#0"}
			}
		},
		{
			"from": [7.675, 0.325, 8.5],
			"to": [8.425, 1.075, 8.625],
			"rotation": {"angle": -45, "axis": "z", "origin": [8, 0.75, 8]},
			"faces": {
				"north": {"uv": [0.5, 4, -0.25, 4.75], "texture": "#0"},
				"east": {"uv": [4, 4.5, 3.875, 5.25], "texture": "#0"},
				"south": {"uv": [1, 4.5, 0.25, 5.25], "texture": "#0"},
				"west": {"uv": [3, 4.5, 2.875, 5.25], "texture": "#0"},
				"up": {"uv": [1, 6.5, 0.875, 7.25], "rotation": 90, "texture": "#0"},
				"down": {"uv": [4, 6.5, 3.875, 7.25], "rotation": 270, "texture": "#0"}
			}
		},
		{
			"from": [7.25, 0.325, 7.8],
			"to": [7.375, 0.95, 8.425],
			"rotation": {"angle": 45, "axis": "x", "origin": [8, 0.75, 8]},
			"faces": {
				"north": {"uv": [1, 8, 0.875, 8.625], "texture": "#0"},
				"east": {"uv": [1.125, 8, 0.5, 8.625], "texture": "#0"},
				"south": {"uv": [1, 8, 0.875, 8.625], "texture": "#0"},
				"west": {"uv": [0.5, 8, 1.5, 9], "rotation": 270, "texture": "#0"},
				"up": {"uv": [1, 8, 0.875, 8.625], "rotation": 180, "texture": "#0"},
				"down": {"uv": [1, 8, 0.875, 8.625], "rotation": 180, "texture": "#0"}
			}
		},
		{
			"from": [7.375, 0.325, 7.675],
			"to": [7.5, 1.075, 8.425],
			"rotation": {"angle": 45, "axis": "x", "origin": [8, 0.75, 8]},
			"faces": {
				"north": {"uv": [0.5, 4, 0.375, 4.75], "texture": "#0"},
				"east": {"uv": [4, 4.5, 3.25, 5.25], "texture": "#0"},
				"south": {"uv": [1, 4.5, 0.875, 5.25], "texture": "#0"},
				"west": {"uv": [3, 4.5, 2.25, 5.25], "texture": "#0"},
				"up": {"uv": [1, 6.5, 0.875, 7.25], "rotation": 180, "texture": "#0"},
				"down": {"uv": [4, 6.5, 3.875, 7.25], "rotation": 180, "texture": "#0"}
			}
		},
		{
			"from": [8.5, 0.325, 7.675],
			"to": [8.625, 1.075, 8.425],
			"rotation": {"angle": 45, "axis": "x", "origin": [8, 0.75, 8]},
			"faces": {
				"north": {"uv": [0.5, 4, 0.625, 4.75], "texture": "#0"},
				"east": {"uv": [3, 4.5, 3.75, 5.25], "texture": "#0"},
				"south": {"uv": [1, 4.5, 1.125, 5.25], "texture": "#0"},
				"west": {"uv": [3, 4.5, 3.75, 5.25], "texture": "#0"},
				"up": {"uv": [1, 6.5, 1.125, 7.25], "rotation": 180, "texture": "#0"},
				"down": {"uv": [4, 6.5, 4.125, 7.25], "rotation": 180, "texture": "#0"}
			}
		},
		{
			"from": [8.625, 0.325, 7.8],
			"to": [8.75, 0.95, 8.425],
			"rotation": {"angle": 45, "axis": "x", "origin": [8, 0.75, 8]},
			"faces": {
				"north": {"uv": [0.5, 8, 0.625, 8.625], "texture": "#0"},
				"east": {"uv": [0.5, 8, 1.5, 9], "texture": "#0"},
				"south": {"uv": [0.5, 8, 0.625, 8.625], "texture": "#0"},
				"west": {"uv": [0.5, 8, 1.125, 8.625], "texture": "#0"},
				"up": {"uv": [0.5, 8, 0.625, 8.625], "rotation": 180, "texture": "#0"},
				"down": {"uv": [0.5, 8, 0.625, 8.625], "rotation": 180, "texture": "#0"}
			}
		},
		{
			"from": [7.375, 0, 7.375],
			"to": [8.625, 0.75, 8.625],
			"rotation": {"angle": 0, "axis": "y", "origin": [8, 0.375, 8]},
			"faces": {
				"north": {"uv": [1.5, 4, 2.75, 4.75], "texture": "#0"},
				"east": {"uv": [2, 4, 3.25, 4.75], "texture": "#0"},
				"south": {"uv": [0.5, 4, 1.75, 4.75], "texture": "#0"},
				"west": {"uv": [1, 4.5, 2.25, 5.25], "texture": "#0"},
				"up": {"uv": [0.5, 6.5, 1.75, 7.75], "texture": "#0"},
				"down": {"uv": [1.5, 6.5, 2.75, 7.75], "texture": "#0"}
			}
		},
		{
			"from": [7.675, 5.675, 7.375],
			"to": [8.425, 6.425, 7.5],
			"rotation": {"angle": 45, "axis": "z", "origin": [8, 6, 8]},
			"faces": {
				"north": {"uv": [0.5, 4, 1.25, 4.75], "texture": "#0"},
				"east": {"uv": [4, 4.5, 4.125, 5.25], "texture": "#0"},
				"south": {"uv": [1, 4.5, 1.75, 5.25], "texture": "#0"},
				"west": {"uv": [3, 4.5, 3.125, 5.25], "texture": "#0"},
				"up": {"uv": [1, 6.5, 1.125, 7.25], "rotation": 270, "texture": "#0"},
				"down": {"uv": [4, 6.5, 4.125, 7.25], "rotation": 90, "texture": "#0"}
			}
		},
		{
			"from": [7.8, 5.8, 7.25],
			"to": [8.425, 6.425, 7.375],
			"rotation": {"angle": 45, "axis": "z", "origin": [8, 6, 8]},
			"faces": {
				"north": {"uv": [0.5, 8, 1.5, 9], "rotation": 270, "texture": "#0"},
				"east": {"uv": [0.5, 8, 0.625, 8.625], "texture": "#0"},
				"south": {"uv": [0.5, 8, 1.125, 8.625], "texture": "#0"},
				"west": {"uv": [0.5, 8, 0.625, 8.625], "texture": "#0"},
				"up": {"uv": [0.5, 8, 0.625, 8.625], "rotation": 270, "texture": "#0"},
				"down": {"uv": [0.5, 8, 0.625, 8.625], "rotation": 90, "texture": "#0"}
			}
		},
		{
			"from": [7.8, 5.8, 8.625],
			"to": [8.425, 6.425, 8.75],
			"rotation": {"angle": 45, "axis": "z", "origin": [8, 6, 8]},
			"faces": {
				"north": {"uv": [0.5, 8, 1.125, 8.625], "texture": "#0"},
				"east": {"uv": [0.5, 8, 0.625, 8.625], "texture": "#0"},
				"south": {"uv": [0.5, 8, 1.5, 9], "texture": "#0"},
				"west": {"uv": [0.5, 8, 0.625, 8.625], "texture": "#0"},
				"up": {"uv": [0.5, 8, 0.625, 8.625], "rotation": 270, "texture": "#0"},
				"down": {"uv": [0.5, 8, 0.625, 8.625], "rotation": 90, "texture": "#0"}
			}
		},
		{
			"from": [7.675, 5.675, 8.5],
			"to": [8.425, 6.425, 8.625],
			"rotation": {"angle": 45, "axis": "z", "origin": [8, 6, 8]},
			"faces": {
				"north": {"uv": [0.5, 4, 1.25, 4.75], "texture": "#0"},
				"east": {"uv": [4, 4.5, 4.125, 5.25], "texture": "#0"},
				"south": {"uv": [1, 4.5, 1.75, 5.25], "texture": "#0"},
				"west": {"uv": [3, 4.5, 3.125, 5.25], "texture": "#0"},
				"up": {"uv": [1, 6.5, 1.125, 7.25], "rotation": 270, "texture": "#0"},
				"down": {"uv": [4, 6.5, 4.125, 7.25], "rotation": 90, "texture": "#0"}
			}
		},
		{
			"from": [7.25, 5.8, 7.8],
			"to": [7.375, 6.425, 8.425],
			"rotation": {"angle": -45, "axis": "x", "origin": [8, 6, 8]},
			"faces": {
				"north": {"uv": [0.375, 1.25, 0.5, 1.875], "texture": "#0"},
				"east": {"uv": [0.5, 8, 1.125, 8.625], "texture": "#0"},
				"south": {"uv": [0.5, 8, 0.625, 8.625], "texture": "#0"},
				"west": {"uv": [0.5, 8, 1.5, 9], "texture": "#0"},
				"up": {"uv": [1, 8, 1.125, 8.625], "rotation": 180, "texture": "#0"},
				"down": {"uv": [0.5, 8, 0.625, 8.625], "rotation": 180, "texture": "#0"}
			}
		},
		{
			"from": [7.375, 5.675, 7.675],
			"to": [7.5, 6.425, 8.425],
			"rotation": {"angle": -45, "axis": "x", "origin": [8, 6, 8]},
			"faces": {
				"north": {"uv": [0.5, 4, 0.625, 4.75], "texture": "#0"},
				"east": {"uv": [4, 4.5, 4.75, 5.25], "texture": "#0"},
				"south": {"uv": [1, 4.5, 1.125, 5.25], "texture": "#0"},
				"west": {"uv": [3, 4.5, 3.75, 5.25], "texture": "#0"},
				"up": {"uv": [1, 6.5, 1.125, 7.25], "rotation": 180, "texture": "#0"},
				"down": {"uv": [4, 6.5, 4.125, 7.25], "rotation": 180, "texture": "#0"}
			}
		},
		{
			"from": [8.5, 5.675, 7.675],
			"to": [8.625, 6.425, 8.425],
			"rotation": {"angle": -45, "axis": "x", "origin": [8, 6, 8]},
			"faces": {
				"north": {"uv": [0.5, 4, 0.625, 4.75], "texture": "#0"},
				"east": {"uv": [4, 4.5, 4.75, 5.25], "texture": "#0"},
				"south": {"uv": [1, 4.5, 1.125, 5.25], "texture": "#0"},
				"west": {"uv": [3, 4.5, 3.75, 5.25], "texture": "#0"},
				"up": {"uv": [1, 6.5, 1.125, 7.25], "rotation": 180, "texture": "#0"},
				"down": {"uv": [4, 6.5, 4.125, 7.25], "rotation": 180, "texture": "#0"}
			}
		},
		{
			"from": [8.625, 5.8, 7.8],
			"to": [8.75, 6.425, 8.425],
			"rotation": {"angle": -45, "axis": "x", "origin": [8, 6, 8]},
			"faces": {
				"north": {"uv": [0.5, 8, 0.625, 8.625], "texture": "#0"},
				"east": {"uv": [0.5, 8, 1.5, 9], "rotation": 270, "texture": "#0"},
				"south": {"uv": [0.5, 8, 0.625, 8.625], "texture": "#0"},
				"west": {"uv": [0.5, 8, 1.125, 8.625], "texture": "#0"},
				"up": {"uv": [0.5, 8, 0.625, 8.625], "rotation": 180, "texture": "#0"},
				"down": {"uv": [0.5, 8, 0.625, 8.625], "rotation": 180, "texture": "#0"}
			}
		},
		{
			"from": [7.375, 6, 7.375],
			"to": [8.625, 6.75, 8.625],
			"rotation": {"angle": 0, "axis": "y", "origin": [8, 6.375, 8]},
			"faces": {
				"north": {"uv": [1.5, 4, 2.75, 4.75], "texture": "#0"},
				"east": {"uv": [0.5, 4, 1.75, 4.75], "texture": "#0"},
				"south": {"uv": [2.5, 4, 3.75, 4.75], "texture": "#0"},
				"west": {"uv": [1, 4, 2.25, 4.75], "texture": "#0"},
				"up": {"uv": [0, 2.5, 1.25, 3.75], "texture": "#0"},
				"down": {"uv": [0.5, 4, 1.75, 5.25], "texture": "#0"}
			}
		},
		{
			"from": [7.375, 6.75, 7.375],
			"to": [8.625, 7, 8.625],
			"rotation": {"angle": 0, "axis": "y", "origin": [8, 6.375, 8]},
			"faces": {
				"north": {"uv": [3, 4, 4.25, 4.25], "texture": "#0"},
				"east": {"uv": [2.5, 4, 3.75, 4.25], "texture": "#0"},
				"south": {"uv": [1.5, 4, 2.75, 4.25], "texture": "#0"},
				"west": {"uv": [0.5, 4, 1.75, 4.25], "texture": "#0"},
				"up": {"uv": [0.5, 4, 1.75, 5.25], "texture": "#0"},
				"down": {"uv": [0, 2.5, 1.25, 3.75], "texture": "#0"}
			}
		},
		{
			"from": [7.75, 8.5, 7.75],
			"to": [8.25, 21, 8.25],
			"rotation": {"angle": 45, "axis": "y", "origin": [8, 6.875, 8]},
			"faces": {
				"north": {"uv": [0, 0, 0.5, 12.5], "texture": "#0"},
				"east": {"uv": [0, 0, 0.5, 12.5], "texture": "#0"},
				"south": {"uv": [0, 0, 0.5, 12.5], "texture": "#0"},
				"west": {"uv": [0, 0, 0.5, 12.5], "texture": "#0"},
				"up": {"uv": [0, 2.5, 0.5, 3], "texture": "#0"},
				"down": {"uv": [0, 2.5, 0.5, 3], "texture": "#0"}
			}
		},
		{
			"from": [7.625, 7, 7.625],
			"to": [8.375, 8.5, 8.375],
			"rotation": {"angle": 45, "axis": "y", "origin": [8, 6.875, 8]},
			"faces": {
				"north": {"uv": [1.5, 0.5, 2.25, 2], "texture": "#0"},
				"east": {"uv": [2.5, 1.5, 3.25, 3], "texture": "#0"},
				"south": {"uv": [1, 1.5, 1.75, 3], "texture": "#0"},
				"west": {"uv": [2.5, 0, 3.25, 1.5], "texture": "#0"},
				"up": {"uv": [0.5, 0, 1.25, 0.75], "texture": "#0"},
				"down": {"uv": [1, 0.5, 1.75, 1.25], "texture": "#0"}
			}
		}
	],
	"display": {
		"thirdperson_righthand": {
			"translation": [0, 2.75, 1]
		},
		"thirdperson_lefthand": {
			"translation": [0, 2.75, 1]
		},
		"firstperson_righthand": {
			"rotation": [-30.25, 0, 0],
			"translation": [0, 5.75, -0.5]
		},
		"firstperson_lefthand": {
			"rotation": [-30.25, 0, 0],
			"translation": [0, 5.75, -0.5]
		},
		"ground": {
			"translation": [0, 4.75, 0]
		},
		"gui": {
			"rotation": [0, 0, 45],
			"translation": [1.75, -1.75, 0]
		},
		"head": {
			"rotation": [-60.25, 0, 0],
			"translation": [0, 16, -25],
			"scale": [4, 4, 4]
		},
		"fixed": {
			"rotation": [0, 0, -45],
			"translation": [-1.5, -1.5, 0]
		}
	},
	"groups": [
		{
			"name": "group",
			"origin": [8, 8, 8],
			"color": 0,
			"children": [
				{
					"name": "group",
					"origin": [8, 4.75, 8],
					"color": 0,
					"children": [0, 1, 2, 3, 4]
				},
				{
					"name": "group",
					"origin": [8, 1.5, 8],
					"color": 0,
					"children": [5, 6, 7, 8, 9, 10, 11, 12, 13]
				},
				{
					"name": "group",
					"origin": [8, 1.5, 8],
					"color": 0,
					"children": [14, 15, 16, 17, 18, 19, 20, 21, 22]
				},
				{
					"name": "group",
					"origin": [8, 13.75, 8],
					"color": 0,
					"children": [23, 24, 25]
				}
			]
		}
	]
}