{
	"credit": "Made with Blockbench",
	"textures": {
		"0": "chemistry/misc/silver",
		"particle": "chemistry/misc/silver"
	},
	"elements": [
		{
			"from": [7, 0, 7],
			"to": [9, 1, 9],
			"rotation": {"angle": 0, "axis": "y", "origin": [15, 8, 15]},
			"faces": {
				"north": {"uv": [4, 8, 6, 9], "texture": "#0"},
				"east": {"uv": [6, 8, 8, 9], "texture": "#0"},
				"south": {"uv": [8, 8, 10, 9], "texture": "#0"},
				"west": {"uv": [8, 0, 10, 1], "texture": "#0"},
				"up": {"uv": [6, 2, 4, 0], "texture": "#0"},
				"down": {"uv": [6, 2, 4, 4], "texture": "#0"}
			}
		},
		{
			"from": [7, 3, 7],
			"to": [9, 4, 9],
			"rotation": {"angle": 0, "axis": "y", "origin": [15, 11, 15]},
			"faces": {
				"north": {"uv": [8, 1, 10, 2], "texture": "#0"},
				"east": {"uv": [8, 2, 10, 3], "texture": "#0"},
				"south": {"uv": [8, 3, 10, 4], "texture": "#0"},
				"west": {"uv": [8, 4, 10, 5], "texture": "#0"},
				"up": {"uv": [2, 8, 0, 6], "texture": "#0"},
				"down": {"uv": [4, 6, 2, 8], "texture": "#0"}
			}
		},
		{
			"from": [6, 1, 7],
			"to": [10, 3, 9],
			"rotation": {"angle": 0, "axis": "y", "origin": [16, 9, 15]},
			"faces": {
				"north": {"uv": [0, 0, 4, 2], "texture": "#0"},
				"east": {"uv": [4, 6, 6, 8], "texture": "#0"},
				"south": {"uv": [0, 2, 4, 4], "texture": "#0"},
				"west": {"uv": [6, 6, 8, 8], "texture": "#0"},
				"up": {"uv": [4, 6, 0, 4], "texture": "#0"},
				"down": {"uv": [8, 4, 4, 6], "texture": "#0"}
			}
		},
		{
			"from": [7, 1, 9],
			"to": [9, 3, 10],
			"rotation": {"angle": 0, "axis": "y", "origin": [16, 9, 17]},
			"faces": {
				"north": {"uv": [6, 0, 8, 2], "texture": "#0"},
				"east": {"uv": [8, 5, 9, 7], "texture": "#0"},
				"south": {"uv": [6, 2, 8, 4], "texture": "#0"},
				"west": {"uv": [4, 9, 5, 11], "texture": "#0"},
				"up": {"uv": [10, 8, 8, 7], "texture": "#0"},
				"down": {"uv": [7, 9, 5, 10], "texture": "#0"}
			}
		},
		{
			"from": [7, 1, 6],
			"to": [9, 3, 7],
			"rotation": {"angle": 0, "axis": "y", "origin": [16, 9, 14]},
			"faces": {
				"north": {"uv": [0, 8, 2, 10], "texture": "#0"},
				"east": {"uv": [7, 9, 8, 11], "texture": "#0"},
				"south": {"uv": [2, 8, 4, 10], "texture": "#0"},
				"west": {"uv": [8, 9, 9, 11], "texture": "#0"},
				"up": {"uv": [11, 10, 9, 9], "texture": "#0"},
				"down": {"uv": [11, 5, 9, 6], "texture": "#0"}
			}
		}
	],
	"display": {
		"thirdperson_righthand": {
			"translation": [0, 6.5, 0]
		},
		"ground": {
			"translation": [0, 8.25, 0],
			"scale": [1.5, 1.5, 1.5]
		}
	},
	"groups": [
		{
			"name": "group",
			"origin": [16, 9, 14],
			"children": [0, 1, 2, 3, 4]
		}
	]
}