{
	"credit": "Made by Gameboy612",
	"parent": "item_frame_block",
	"textures": {
		"0": "block/white_concrete",
		"1": "block/smooth_stone",
		"2": "block/black_concrete",
		"3": "block/black_stained_glass",
		"particle": "block/white_concrete"
	},
	"elements": [
		{
			"from": [1.5, 8, 2.5],
			"to": [15.5, 9, 15.5],
			"rotation": {"angle": 0, "axis": "y", "origin": [8.5, 16, 8]},
			"faces": {
				"north": {"uv": [0, 0, 14, 1], "texture": "#1"},
				"east": {"uv": [0, 0, 13, 1], "texture": "#1"},
				"south": {"uv": [0, 0, 14, 1], "texture": "#1"},
				"west": {"uv": [0, 0, 13, 1], "texture": "#1"},
				"up": {"uv": [0, 0, 13, 14], "rotation": 270, "texture": "#1"},
				"down": {"uv": [0, 0, 13, 14], "rotation": 90, "texture": "#1"}
			}
		},
		{
			"from": [1.5, 12, 2.5],
			"to": [15.5, 13, 15.5],
			"rotation": {"angle": 0, "axis": "y", "origin": [8.5, 16, 8]},
			"faces": {
				"north": {"uv": [0, 0, 14, 1], "texture": "#1"},
				"east": {"uv": [0, 0, 13, 1], "texture": "#1"},
				"south": {"uv": [0, 0, 14, 1], "texture": "#1"},
				"west": {"uv": [0, 0, 13, 1], "texture": "#1"},
				"up": {"uv": [0, 0, 13, 14], "rotation": 270, "texture": "#1"},
				"down": {"uv": [0, 0, 13, 14], "rotation": 90, "texture": "#1"}
			}
		},
		{
			"from": [1.5, 16, 2.5],
			"to": [15.5, 17, 15.5],
			"rotation": {"angle": 0, "axis": "y", "origin": [8.5, 16, 8]},
			"faces": {
				"north": {"uv": [0, 0, 14, 1], "texture": "#1"},
				"east": {"uv": [0, 0, 13, 1], "texture": "#1"},
				"south": {"uv": [0, 0, 14, 1], "texture": "#1"},
				"west": {"uv": [0, 0, 13, 1], "texture": "#1"},
				"up": {"uv": [0, 0, 13, 14], "rotation": 270, "texture": "#1"},
				"down": {"uv": [0, 0, 13, 14], "rotation": 90, "texture": "#1"}
			}
		},
		{
			"from": [1.5, 20, 2.5],
			"to": [15.5, 21, 15.5],
			"rotation": {"angle": 0, "axis": "y", "origin": [8.5, 16, 8]},
			"faces": {
				"north": {"uv": [0, 0, 14, 1], "texture": "#1"},
				"east": {"uv": [0, 0, 13, 1], "texture": "#1"},
				"south": {"uv": [0, 0, 14, 1], "texture": "#1"},
				"west": {"uv": [0, 0, 13, 1], "texture": "#1"},
				"up": {"uv": [0, 0, 13, 14], "rotation": 270, "texture": "#1"},
				"down": {"uv": [0, 0, 13, 14], "rotation": 90, "texture": "#1"}
			}
		},
		{
			"from": [1.5, 24, 2.5],
			"to": [15.5, 25, 15.5],
			"rotation": {"angle": 0, "axis": "y", "origin": [8.5, 16, 8]},
			"faces": {
				"north": {"uv": [0, 0, 14, 1], "texture": "#1"},
				"east": {"uv": [0, 0, 13, 1], "texture": "#1"},
				"south": {"uv": [0, 0, 14, 1], "texture": "#1"},
				"west": {"uv": [0, 0, 13, 1], "texture": "#1"},
				"up": {"uv": [0, 0, 13, 14], "rotation": 270, "texture": "#1"},
				"down": {"uv": [0, 0, 13, 14], "rotation": 90, "texture": "#1"}
			}
		},
		{
			"from": [1.5, 29, 5.5],
			"to": [15.5, 31, 15.5],
			"rotation": {"angle": 0, "axis": "y", "origin": [8.5, 16, 8]},
			"faces": {
				"north": {"uv": [1, 1, 15, 3], "texture": "#1"},
				"east": {"uv": [0, 0, 10, 2], "texture": "#1"},
				"south": {"uv": [0, 0, 14, 2], "texture": "#1"},
				"west": {"uv": [0, 0, 10, 2], "texture": "#1"},
				"up": {"uv": [0, 0, 10, 14], "rotation": 270, "texture": "#1"},
				"down": {"uv": [3, 1, 13, 15], "rotation": 90, "texture": "#1"}
			}
		},
		{
			"from": [14.5, 0, 1.5],
			"to": [15.5, 1, 2.5],
			"rotation": {"angle": 0, "axis": "y", "origin": [8.5, 16, 8]},
			"faces": {
				"north": {"uv": [0, 0, 1, 1], "texture": "#2"},
				"east": {"uv": [0, 0, 1, 1], "texture": "#2"},
				"south": {"uv": [0, 0, 1, 1], "texture": "#2"},
				"west": {"uv": [0, 0, 1, 1], "texture": "#2"},
				"up": {"uv": [0, 0, 1, 1], "rotation": 270, "texture": "#2"},
				"down": {"uv": [0, 0, 1, 1], "rotation": 90, "texture": "#2"}
			}
		},
		{
			"from": [14.5, 0, 14.5],
			"to": [15.5, 1, 15.5],
			"rotation": {"angle": 0, "axis": "y", "origin": [8.5, 16, 8]},
			"faces": {
				"north": {"uv": [0, 0, 1, 1], "texture": "#2"},
				"east": {"uv": [0, 0, 1, 1], "texture": "#2"},
				"south": {"uv": [0, 0, 1, 1], "texture": "#2"},
				"west": {"uv": [0, 0, 1, 1], "texture": "#2"},
				"up": {"uv": [0, 0, 1, 1], "rotation": 270, "texture": "#2"},
				"down": {"uv": [0, 0, 1, 1], "rotation": 90, "texture": "#2"}
			}
		},
		{
			"from": [1.5, 0, 14.5],
			"to": [2.5, 1, 15.5],
			"rotation": {"angle": 0, "axis": "y", "origin": [8.5, 16, 8]},
			"faces": {
				"north": {"uv": [0, 0, 1, 1], "texture": "#2"},
				"east": {"uv": [0, 0, 1, 1], "texture": "#2"},
				"south": {"uv": [0, 0, 1, 1], "texture": "#2"},
				"west": {"uv": [0, 0, 1, 1], "texture": "#2"},
				"up": {"uv": [0, 0, 1, 1], "rotation": 270, "texture": "#2"},
				"down": {"uv": [0, 0, 1, 1], "rotation": 90, "texture": "#2"}
			}
		},
		{
			"from": [1.5, 0, 1.5],
			"to": [2.5, 1, 2.5],
			"rotation": {"angle": 0, "axis": "y", "origin": [8.5, 16, 8]},
			"faces": {
				"north": {"uv": [0, 0, 1, 1], "texture": "#2"},
				"east": {"uv": [0, 0, 1, 1], "texture": "#2"},
				"south": {"uv": [0, 0, 1, 1], "texture": "#2"},
				"west": {"uv": [0, 0, 1, 1], "texture": "#2"},
				"up": {"uv": [0, 0, 1, 1], "rotation": 270, "texture": "#2"},
				"down": {"uv": [0, 0, 1, 1], "rotation": 90, "texture": "#2"}
			}
		},
		{
			"from": [0.5, 1, 0.5],
			"to": [16.5, 5, 16.5],
			"rotation": {"angle": 0, "axis": "y", "origin": [8.5, 16, 8]},
			"faces": {
				"north": {"uv": [0, 0, 16, 4], "texture": "#0"},
				"east": {"uv": [0, 0, 16, 4], "texture": "#0"},
				"south": {"uv": [0, 0, 16, 4], "texture": "#0"},
				"west": {"uv": [0, 0, 16, 4], "texture": "#0"},
				"up": {"uv": [0, 0, 16, 16], "rotation": 270, "texture": "#0"},
				"down": {"uv": [0, 0, 16, 16], "rotation": 90, "texture": "#0"}
			}
		},
		{
			"from": [0.5, 5, 0.5],
			"to": [1.5, 32, 16.5],
			"rotation": {"angle": 0, "axis": "y", "origin": [8.5, 16, 8]},
			"faces": {
				"north": {"uv": [0, 0, 1, 16], "texture": "#0"},
				"east": {"uv": [0, 0, 16, 16], "texture": "#0"},
				"south": {"uv": [0, 0, 1, 16], "texture": "#0"},
				"west": {"uv": [0, 0, 16, 16], "texture": "#0"},
				"up": {"uv": [0, 0, 16, 1], "rotation": 270, "texture": "#0"},
				"down": {"uv": [0, 0, 16, 1], "rotation": 90, "texture": "#0"}
			}
		},
		{
			"from": [15.5, 5, 0.5],
			"to": [16.5, 32, 16.5],
			"rotation": {"angle": 0, "axis": "y", "origin": [8.5, 16, 8]},
			"faces": {
				"north": {"uv": [0, 0, 1, 16], "texture": "#0"},
				"east": {"uv": [0, 0, 16, 16], "texture": "#0"},
				"south": {"uv": [0, 0, 1, 16], "texture": "#0"},
				"west": {"uv": [0, 0, 16, 16], "texture": "#0"},
				"up": {"uv": [0, 0, 16, 1], "rotation": 270, "texture": "#0"},
				"down": {"uv": [0, 0, 16, 1], "rotation": 90, "texture": "#0"}
			}
		},
		{
			"from": [1.5, 5, 15.5],
			"to": [15.5, 32, 16.5],
			"rotation": {"angle": 0, "axis": "y", "origin": [8.5, 16, 8]},
			"faces": {
				"north": {"uv": [0, 0, 14, 16], "texture": "#0"},
				"east": {"uv": [0, 0, 1, 16], "texture": "#0"},
				"south": {"uv": [0, 0, 14, 16], "texture": "#0"},
				"west": {"uv": [0, 0, 1, 16], "texture": "#0"},
				"up": {"uv": [0, 0, 1, 14], "rotation": 270, "texture": "#0"},
				"down": {"uv": [0, 0, 1, 14], "rotation": 90, "texture": "#0"}
			}
		},
		{
			"from": [1.5, 31, 0.5],
			"to": [15.5, 32, 15.5],
			"rotation": {"angle": 0, "axis": "y", "origin": [8.5, 16, 8]},
			"faces": {
				"north": {"uv": [0, 0, 14, 1], "texture": "#0"},
				"east": {"uv": [0, 0, 15, 1], "texture": "#0"},
				"south": {"uv": [0, 0, 14, 1], "texture": "#0"},
				"west": {"uv": [0, 0, 15, 1], "texture": "#0"},
				"up": {"uv": [0, 0, 15, 14], "rotation": 270, "texture": "#0"},
				"down": {"uv": [0, 0, 15, 14], "rotation": 90, "texture": "#0"}
			}
		},
		{
			"from": [1.5, 4, 1.5],
			"to": [15.5, 18, 2.5],
			"rotation": {"angle": 0, "axis": "y", "origin": [8.5, 16, 8]},
			"faces": {
				"north": {"uv": [1, 1, 15, 15], "texture": "#3"},
				"east": {"uv": [0, 0, 1, 14], "texture": "#3"},
				"south": {"uv": [0, 0, 14, 14], "texture": "#3"},
				"west": {"uv": [0, 0, 1, 14], "texture": "#3"},
				"up": {"uv": [0, 0, 1, 14], "rotation": 270, "texture": "#3"},
				"down": {"uv": [0, 0, 1, 14], "rotation": 90, "texture": "#3"}
			}
		},
		{
			"from": [1.5, 18, 1.5],
			"to": [15.5, 31, 2.5],
			"rotation": {"angle": 0, "axis": "y", "origin": [8.5, 16, 8]},
			"faces": {
				"north": {"uv": [1, 0, 15, 13], "texture": "#3"},
				"east": {"uv": [0, 0, 1, 13], "texture": "#3"},
				"south": {"uv": [0, 0, 14, 13], "texture": "#3"},
				"west": {"uv": [0, 0, 1, 13], "texture": "#3"},
				"up": {"uv": [0, 0, 1, 14], "rotation": 270, "texture": "#3"},
				"down": {"uv": [0, 0, 1, 14], "rotation": 90, "texture": "#3"}
			}
		},
		{
			"from": [2.5, 15, 0.5],
			"to": [3.5, 16, 1.5],
			"rotation": {"angle": 0, "axis": "y", "origin": [8.5, 16, 8]},
			"faces": {
				"north": {"uv": [0, 0, 1, 1], "texture": "#2"},
				"east": {"uv": [0, 0, 1, 1], "texture": "#2"},
				"south": {"uv": [0, 0, 1, 1], "texture": "#2"},
				"west": {"uv": [0, 0, 1, 1], "texture": "#2"},
				"up": {"uv": [0, 0, 1, 1], "rotation": 270, "texture": "#2"},
				"down": {"uv": [0, 0, 1, 1], "rotation": 90, "texture": "#2"}
			}
		},
		{
			"from": [2.5, 18, 0.5],
			"to": [3.5, 19, 1.5],
			"rotation": {"angle": 0, "axis": "y", "origin": [8.5, 16, 8]},
			"faces": {
				"north": {"uv": [0, 0, 1, 1], "texture": "#2"},
				"east": {"uv": [0, 0, 1, 1], "texture": "#2"},
				"south": {"uv": [0, 0, 1, 1], "texture": "#2"},
				"west": {"uv": [0, 0, 1, 1], "texture": "#2"},
				"up": {"uv": [0, 0, 1, 1], "rotation": 270, "texture": "#2"},
				"down": {"uv": [0, 0, 1, 1], "rotation": 90, "texture": "#2"}
			}
		},
		{
			"from": [2.5, 15, -0.5],
			"to": [3.5, 19, 0.5],
			"rotation": {"angle": 0, "axis": "y", "origin": [8.5, 16, 8]},
			"faces": {
				"north": {"uv": [0, 0, 1, 4], "texture": "#2"},
				"east": {"uv": [0, 0, 1, 4], "texture": "#2"},
				"south": {"uv": [0, 0, 1, 4], "texture": "#2"},
				"west": {"uv": [0, 0, 1, 4], "texture": "#2"},
				"up": {"uv": [0, 0, 1, 1], "rotation": 270, "texture": "#2"},
				"down": {"uv": [0, 0, 1, 1], "rotation": 90, "texture": "#2"}
			}
		}
	],
	"groups": [
		{
			"name": "layers",
			"origin": [0, 0, 0],
			"color": 0,
			"nbt": "{}",
			"armAnimationEnabled": false,
			"children": [0, 1, 2, 3, 4, 5]
		},
		{
			"name": "foot",
			"origin": [0, 0, 0],
			"color": 0,
			"nbt": "{}",
			"armAnimationEnabled": false,
			"children": [6, 7, 8, 9]
		},
		{
			"name": "box",
			"origin": [0, 0, 0],
			"color": 0,
			"nbt": "{}",
			"armAnimationEnabled": false,
			"children": [10, 11, 12, 13, 14, 14]
		},
		{
			"name": "door",
			"origin": [0, 0, 0],
			"color": 0,
			"nbt": "{}",
			"armAnimationEnabled": false,
			"children": [15, 16, 17, 18, 19]
		}
	]
}