{
	"credit": "Made by Gameboy612",
	"parent": "item_frame_block",
	"textures": {
		"0": "block/mangrove_planks",
		"1": "block/polished_andesite",
		"particle": "block/mangrove_planks"
	},
	"elements": [
		{
			"from": [31, 0, 2],
			"to": [32, 12, 6],
			"faces": {
				"north": {"uv": [0, 0, 1, 14], "texture": "#1"},
				"east": {"uv": [8, 1, 12, 15], "texture": "#1"},
				"south": {"uv": [3, 1, 4, 15], "texture": "#1"},
				"west": {"uv": [8, 1, 12, 15], "texture": "#1"},
				"up": {"uv": [4, 2, 8, 3], "rotation": 270, "texture": "#1"},
				"down": {"uv": [4, 1, 8, 2], "rotation": 90, "texture": "#1"}
			}
		},
		{
			"from": [-16, 0, 12],
			"to": [-15, 12, 16],
			"faces": {
				"north": {"uv": [0, 0, 1, 14], "texture": "#1"},
				"east": {"uv": [7, 1, 11, 15], "texture": "#1"},
				"south": {"uv": [3, 1, 4, 15], "texture": "#1"},
				"west": {"uv": [7, 1, 11, 15], "texture": "#1"},
				"up": {"uv": [7, 10, 11, 11], "rotation": 270, "texture": "#1"},
				"down": {"uv": [7, 5, 11, 6], "rotation": 90, "texture": "#1"}
			}
		},
		{
			"from": [31, 0, 12],
			"to": [32, 12, 16],
			"faces": {
				"north": {"uv": [2, 1, 3, 15], "texture": "#1"},
				"east": {"uv": [6, 1, 10, 15], "texture": "#1"},
				"south": {"uv": [5, 1, 6, 15], "texture": "#1"},
				"west": {"uv": [9, 1, 13, 15], "texture": "#1"},
				"up": {"uv": [3, 5, 7, 6], "rotation": 270, "texture": "#1"},
				"down": {"uv": [7, 4, 11, 5], "rotation": 90, "texture": "#1"}
			}
		},
		{
			"from": [-16, 0, 2],
			"to": [-15, 12, 6],
			"faces": {
				"north": {"uv": [3, 1, 4, 15], "texture": "#1"},
				"east": {"uv": [4, 1, 8, 15], "texture": "#1"},
				"south": {"uv": [4, 1, 5, 15], "texture": "#1"},
				"west": {"uv": [8, 1, 12, 15], "texture": "#1"},
				"up": {"uv": [4, 10, 8, 11], "rotation": 270, "texture": "#1"},
				"down": {"uv": [5, 6, 9, 7], "rotation": 90, "texture": "#1"}
			}
		},
		{
			"from": [30, 12, 2],
			"to": [32, 13, 8],
			"faces": {
				"north": {"uv": [0, 0, 2, 1], "texture": "#1"},
				"east": {"uv": [0, 0, 6, 1], "texture": "#1"},
				"south": {"uv": [0, 0, 2, 1], "texture": "#1"},
				"west": {"uv": [0, 0, 6, 1], "texture": "#1"},
				"up": {"uv": [0, 0, 6, 2], "rotation": 270, "texture": "#1"},
				"down": {"uv": [0, 0, 6, 2], "rotation": 90, "texture": "#1"}
			}
		},
		{
			"from": [30, 12, 10],
			"to": [32, 13, 16],
			"faces": {
				"north": {"uv": [0, 0, 2, 1], "texture": "#1"},
				"east": {"uv": [0, 0, 6, 1], "texture": "#1"},
				"south": {"uv": [0, 0, 2, 1], "texture": "#1"},
				"west": {"uv": [0, 0, 6, 1], "texture": "#1"},
				"up": {"uv": [0, 0, 6, 2], "rotation": 270, "texture": "#1"},
				"down": {"uv": [0, 0, 6, 2], "rotation": 90, "texture": "#1"}
			}
		},
		{
			"from": [-16, 12, 10],
			"to": [-14, 13, 16],
			"faces": {
				"north": {"uv": [0, 0, 2, 1], "texture": "#1"},
				"east": {"uv": [0, 0, 6, 1], "texture": "#1"},
				"south": {"uv": [0, 0, 2, 1], "texture": "#1"},
				"west": {"uv": [0, 0, 6, 1], "texture": "#1"},
				"up": {"uv": [0, 0, 6, 2], "rotation": 270, "texture": "#1"},
				"down": {"uv": [0, 0, 6, 2], "rotation": 90, "texture": "#1"}
			}
		},
		{
			"from": [-16, 12, 2],
			"to": [-14, 13, 8],
			"faces": {
				"north": {"uv": [0, 0, 2, 1], "texture": "#1"},
				"east": {"uv": [0, 0, 6, 1], "texture": "#1"},
				"south": {"uv": [0, 0, 2, 1], "texture": "#1"},
				"west": {"uv": [0, 0, 6, 1], "texture": "#1"},
				"up": {"uv": [0, 0, 6, 2], "rotation": 270, "texture": "#1"},
				"down": {"uv": [0, 0, 6, 2], "rotation": 90, "texture": "#1"}
			}
		},
		{
			"from": [-14, 12, 11],
			"to": [30, 13, 15],
			"faces": {
				"north": {"uv": [0, 0, 16, 1], "texture": "#1"},
				"east": {"uv": [0, 0, 4, 1], "texture": "#1"},
				"south": {"uv": [0, 0, 16, 1], "texture": "#1"},
				"west": {"uv": [0, 0, 4, 1], "texture": "#1"},
				"up": {"uv": [0, 0, 4, 16], "rotation": 270, "texture": "#1"},
				"down": {"uv": [0, 0, 4, 16], "rotation": 90, "texture": "#1"}
			}
		},
		{
			"from": [-14, 12, 3],
			"to": [30, 13, 7],
			"faces": {
				"north": {"uv": [0, 0, 16, 1], "texture": "#1"},
				"east": {"uv": [0, 0, 4, 1], "texture": "#1"},
				"south": {"uv": [0, 0, 16, 1], "texture": "#1"},
				"west": {"uv": [0, 0, 4, 1], "texture": "#1"},
				"up": {"uv": [0, 0, 4, 16], "rotation": 270, "texture": "#1"},
				"down": {"uv": [0, 0, 4, 16], "rotation": 90, "texture": "#1"}
			}
		},
		{
			"from": [-15, 13, 2],
			"to": [1, 14, 16],
			"faces": {
				"north": {"uv": [0, 0, 16, 1], "texture": "#0"},
				"east": {"uv": [0, 0, 14, 1], "texture": "#0"},
				"south": {"uv": [0, 0, 16, 1], "texture": "#0"},
				"west": {"uv": [0, 0, 14, 1], "texture": "#0"},
				"up": {"uv": [0, 0, 14, 16], "rotation": 270, "texture": "#0"},
				"down": {"uv": [0, 0, 14, 16], "rotation": 90, "texture": "#0"}
			}
		},
		{
			"from": [1, 13, 2],
			"to": [15, 14, 16],
			"faces": {
				"north": {"uv": [0, 0, 14, 1], "texture": "#0"},
				"east": {"uv": [0, 0, 14, 1], "texture": "#0"},
				"south": {"uv": [0, 0, 14, 1], "texture": "#0"},
				"west": {"uv": [0, 0, 14, 1], "texture": "#0"},
				"up": {"uv": [0, 0, 14, 14], "rotation": 270, "texture": "#0"},
				"down": {"uv": [0, 0, 14, 14], "rotation": 90, "texture": "#0"}
			}
		},
		{
			"from": [15, 13, 2],
			"to": [31, 14, 16],
			"faces": {
				"north": {"uv": [0, 0, 16, 1], "texture": "#0"},
				"east": {"uv": [0, 0, 14, 1], "texture": "#0"},
				"south": {"uv": [0, 0, 16, 1], "texture": "#0"},
				"west": {"uv": [0, 0, 14, 1], "texture": "#0"},
				"up": {"uv": [0, 0, 14, 16], "rotation": 270, "texture": "#0"},
				"down": {"uv": [0, 0, 14, 16], "rotation": 90, "texture": "#0"}
			}
		}
	]
}