{
	"credit": "Made by Gameboy612",
	"parent": "item_frame_block",
	"textures": {
		"0": "block/black_stained_glass",
		"1": "block/white_concrete",
		"2": "block/black_concrete",
		"3": "furniture/classic/misc/microwave_oven",
		"particle": "block/black_stained_glass"
	},
	"elements": [
		{
			"from": [0, 0, 5],
			"to": [16, 1, 16],
			"rotation": {"angle": 0, "axis": "y", "origin": [8, 0, 8]},
			"faces": {
				"north": {"uv": [0, 0, 16, 1], "texture": "#1"},
				"east": {"uv": [0, 0, 11, 1], "texture": "#1"},
				"south": {"uv": [0, 0, 16, 1], "texture": "#1"},
				"west": {"uv": [0, 0, 11, 1], "texture": "#1"},
				"up": {"uv": [0, 0, 11, 16], "rotation": 90, "texture": "#1"},
				"down": {"uv": [0, 0, 11, 16], "rotation": 270, "texture": "#1"}
			}
		},
		{
			"from": [15, 1, 5],
			"to": [16, 11, 16],
			"rotation": {"angle": 0, "axis": "y", "origin": [8, 0, 8]},
			"faces": {
				"north": {"uv": [0, 0, 1, 10], "texture": "#1"},
				"east": {"uv": [0, 0, 11, 10], "texture": "#1"},
				"south": {"uv": [0, 0, 1, 10], "texture": "#1"},
				"west": {"uv": [0, 0, 11, 10], "texture": "#1"},
				"up": {"uv": [0, 0, 11, 1], "rotation": 90, "texture": "#1"},
				"down": {"uv": [0, 0, 11, 1], "rotation": 270, "texture": "#1"}
			}
		},
		{
			"from": [0, 1, 5],
			"to": [1, 11, 16],
			"rotation": {"angle": 0, "axis": "y", "origin": [8, 0, 8]},
			"faces": {
				"north": {"uv": [0, 0, 1, 10], "texture": "#1"},
				"east": {"uv": [0, 0, 11, 10], "texture": "#1"},
				"south": {"uv": [0, 0, 1, 10], "texture": "#1"},
				"west": {"uv": [0, 0, 11, 10], "texture": "#1"},
				"up": {"uv": [0, 0, 11, 1], "rotation": 90, "texture": "#1"},
				"down": {"uv": [0, 0, 11, 1], "rotation": 270, "texture": "#1"}
			}
		},
		{
			"from": [1, 1, 15],
			"to": [15, 10, 16],
			"rotation": {"angle": 0, "axis": "y", "origin": [8, 0, 8]},
			"faces": {
				"north": {"uv": [0, 0, 14, 9], "texture": "#1"},
				"east": {"uv": [0, 0, 1, 9], "texture": "#1"},
				"south": {"uv": [0, 0, 14, 9], "texture": "#1"},
				"west": {"uv": [0, 0, 1, 9], "texture": "#1"},
				"up": {"uv": [0, 0, 1, 14], "rotation": 90, "texture": "#1"},
				"down": {"uv": [0, 0, 1, 14], "rotation": 270, "texture": "#1"}
			}
		},
		{
			"from": [1, 10, 5],
			"to": [15, 11, 16],
			"rotation": {"angle": 0, "axis": "y", "origin": [8, 0, 8]},
			"faces": {
				"north": {"uv": [0, 0, 14, 1], "texture": "#1"},
				"east": {"uv": [0, 0, 11, 1], "texture": "#1"},
				"south": {"uv": [0, 0, 14, 1], "texture": "#1"},
				"west": {"uv": [0, 0, 11, 1], "texture": "#1"},
				"up": {"uv": [0, 0, 11, 14], "rotation": 90, "texture": "#1"},
				"down": {"uv": [0, 0, 11, 14], "rotation": 270, "texture": "#1"}
			}
		},
		{
			"from": [1, 1, 5],
			"to": [15, 2, 6],
			"rotation": {"angle": 0, "axis": "y", "origin": [8, 0, 8]},
			"faces": {
				"north": {"uv": [0, 0, 14, 1], "texture": "#1"},
				"east": {"uv": [0, 0, 1, 1], "texture": "#1"},
				"south": {"uv": [0, 0, 14, 1], "texture": "#1"},
				"west": {"uv": [0, 0, 1, 1], "texture": "#1"},
				"up": {"uv": [0, 0, 1, 14], "rotation": 90, "texture": "#1"},
				"down": {"uv": [0, 0, 1, 14], "rotation": 270, "texture": "#1"}
			}
		},
		{
			"from": [1, 2, 5],
			"to": [5, 10, 6],
			"rotation": {"angle": 0, "axis": "y", "origin": [8, 0, 8]},
			"faces": {
				"north": {"uv": [4, 0, 8, 8], "texture": "#3"},
				"east": {"uv": [0, 8, 1, 16], "texture": "#3"},
				"south": {"uv": [0, 0, 4, 8], "texture": "#3"},
				"west": {"uv": [8, 0, 9, 8], "texture": "#3"},
				"up": {"uv": [2, 12, 1, 8], "rotation": 90, "texture": "#3"},
				"down": {"uv": [3, 8, 2, 12], "rotation": 270, "texture": "#3"}
			}
		},
		{
			"from": [5, 2, 5],
			"to": [15, 10, 6],
			"rotation": {"angle": 0, "axis": "y", "origin": [8, 0, 8]},
			"faces": {
				"north": {"uv": [1, 1, 11, 9], "texture": "#0"},
				"east": {"uv": [0, 0, 1, 8], "texture": "#0"},
				"south": {"uv": [1, 1, 11, 9], "texture": "#0"},
				"west": {"uv": [0, 0, 1, 8], "texture": "#0"},
				"up": {"uv": [0, 0, 1, 10], "rotation": 90, "texture": "#0"},
				"down": {"uv": [0, 0, 1, 10], "rotation": 270, "texture": "#0"}
			}
		},
		{
			"from": [5, 2, 4],
			"to": [6, 3, 5],
			"rotation": {"angle": 0, "axis": "y", "origin": [8, 0, 8]},
			"faces": {
				"north": {"uv": [0, 0, 1, 1], "texture": "#2"},
				"east": {"uv": [0, 0, 1, 1], "texture": "#2"},
				"south": {"uv": [0, 0, 1, 1], "texture": "#2"},
				"west": {"uv": [0, 0, 1, 1], "texture": "#2"},
				"up": {"uv": [0, 0, 1, 1], "rotation": 90, "texture": "#2"},
				"down": {"uv": [0, 0, 1, 1], "rotation": 270, "texture": "#2"}
			}
		},
		{
			"from": [5, 9, 4],
			"to": [6, 10, 5],
			"rotation": {"angle": 0, "axis": "y", "origin": [8, 0, 8]},
			"faces": {
				"north": {"uv": [0, 0, 1, 1], "texture": "#2"},
				"east": {"uv": [0, 0, 1, 1], "texture": "#2"},
				"south": {"uv": [0, 0, 1, 1], "texture": "#2"},
				"west": {"uv": [0, 0, 1, 1], "texture": "#2"},
				"up": {"uv": [0, 0, 1, 1], "rotation": 90, "texture": "#2"},
				"down": {"uv": [0, 0, 1, 1], "rotation": 270, "texture": "#2"}
			}
		},
		{
			"from": [5, 3, 3],
			"to": [6, 9, 4],
			"rotation": {"angle": 0, "axis": "y", "origin": [8, 0, 8]},
			"faces": {
				"north": {"uv": [0, 0, 1, 6], "texture": "#2"},
				"east": {"uv": [0, 0, 1, 6], "texture": "#2"},
				"south": {"uv": [0, 0, 1, 6], "texture": "#2"},
				"west": {"uv": [0, 0, 1, 6], "texture": "#2"},
				"up": {"uv": [0, 0, 1, 1], "rotation": 90, "texture": "#2"},
				"down": {"uv": [0, 0, 1, 1], "rotation": 270, "texture": "#2"}
			}
		}
	],
	"display": {
		"fixed": {
			"rotation": [90, -180, -180],
			"translation": [0, 0, -12],
			"scale": [1.5, 1.5, 1.5]
		}
		
	}
}