{
	"credit": "Made with Blockbench",
	"parent": "block/block",
	"texture_size": [64, 64],
	"textures": {
		"1": "gbtan/heating_coil_on",
		"particle": "gbtan/heating_coil_on"
	},
	"elements": [
		{
			"name": "Base",
			"from": [0, 0, 0],
			"to": [16, 2, 16],
			"faces": {
				"north": {"uv": [4, 2.25, 8, 2.75], "texture": "#1"},
				"east": {"uv": [4, 2.75, 8, 3.25], "texture": "#1"},
				"south": {"uv": [4, 3.25, 8, 3.75], "texture": "#1"},
				"west": {"uv": [5, 3.75, 9, 4.25], "texture": "#1"},
				"up": {"uv": [4, 4, 0, 0], "texture": "#1"},
				"down": {"uv": [4, 4, 0, 8], "texture": "#1"}
			}
		},
		{
			"name": "octagon",
			"from": [5.10051, 2, 1],
			"to": [10.89949, 4, 3],
			"rotation": {"angle": 45, "axis": "y", "origin": [8, 2.5, 8]},
			"faces": {
				"north": {"uv": [5, 4.25, 6.5, 4.75], "texture": "#1"},
				"east": {"uv": [4.5, 9.75, 5, 10.25], "texture": "#1"},
				"south": {"uv": [6, 4.75, 7.5, 5.25], "texture": "#1"},
				"west": {"uv": [5, 9.75, 5.5, 10.25], "texture": "#1"},
				"up": {"uv": [7.5, 5.75, 6, 5.25], "texture": "#1"},
				"down": {"uv": [8, 6.5, 6.5, 7], "texture": "#1"}
			}
		},
		{
			"name": "octagon",
			"from": [5.10051, 2, 1],
			"to": [10.89949, 4, 3],
			"rotation": {"angle": 0, "axis": "y", "origin": [8, 2.5, 8]},
			"faces": {
				"north": {"uv": [6.5, 0, 8, 0.5], "texture": "#1"},
				"east": {"uv": [10.5, 5, 11, 5.5], "texture": "#1"},
				"south": {"uv": [6.5, 0.5, 8, 1], "texture": "#1"},
				"west": {"uv": [10.5, 10, 11, 10.5], "texture": "#1"},
				"up": {"uv": [8, 1.5, 6.5, 1], "texture": "#1"},
				"down": {"uv": [8, 1.5, 6.5, 2], "texture": "#1"}
			}
		},
		{
			"name": "octagon",
			"from": [5.10051, 2, 13],
			"to": [10.89949, 4, 15],
			"rotation": {"angle": 45, "axis": "y", "origin": [8, 2.5, 8]},
			"faces": {
				"north": {"uv": [6.5, 4.25, 8, 4.75], "texture": "#1"},
				"east": {"uv": [6, 11, 6.5, 11.5], "texture": "#1"},
				"south": {"uv": [6.5, 5.75, 8, 6.25], "texture": "#1"},
				"west": {"uv": [6.5, 11, 7, 11.5], "texture": "#1"},
				"up": {"uv": [8, 7.5, 6.5, 7], "texture": "#1"},
				"down": {"uv": [8, 7.5, 6.5, 8], "texture": "#1"}
			}
		},
		{
			"name": "octagon",
			"from": [5.10051, 2, 13],
			"to": [10.89949, 4, 15],
			"rotation": {"angle": 0, "axis": "y", "origin": [8, 2.5, 8]},
			"faces": {
				"north": {"uv": [7.5, 4.75, 9, 5.25], "texture": "#1"},
				"east": {"uv": [7, 11, 7.5, 11.5], "texture": "#1"},
				"south": {"uv": [7.5, 5.25, 9, 5.75], "texture": "#1"},
				"west": {"uv": [8, 11, 8.5, 11.5], "texture": "#1"},
				"up": {"uv": [1.5, 8.5, 0, 8], "texture": "#1"},
				"down": {"uv": [3, 8, 1.5, 8.5], "texture": "#1"}
			}
		},
		{
			"name": "octagon",
			"from": [1, 2, 5.10051],
			"to": [3, 4, 10.89949],
			"rotation": {"angle": 45, "axis": "y", "origin": [8, 2.5, 8]},
			"faces": {
				"north": {"uv": [8.5, 11, 9, 11.5], "texture": "#1"},
				"east": {"uv": [6.5, 8, 8, 8.5], "texture": "#1"},
				"south": {"uv": [9, 11, 9.5, 11.5], "texture": "#1"},
				"west": {"uv": [8, 8, 9.5, 8.5], "texture": "#1"},
				"up": {"uv": [5.5, 8.75, 5, 7.25], "texture": "#1"},
				"down": {"uv": [6, 7.25, 5.5, 8.75], "texture": "#1"}
			}
		},
		{
			"name": "octagon",
			"from": [1, 2, 5.10051],
			"to": [3, 4, 10.89949],
			"rotation": {"angle": 0, "axis": "y", "origin": [8, 2.5, 8]},
			"faces": {
				"north": {"uv": [9.5, 11, 10, 11.5], "texture": "#1"},
				"east": {"uv": [8, 0, 9.5, 0.5], "texture": "#1"},
				"south": {"uv": [10, 11, 10.5, 11.5], "texture": "#1"},
				"west": {"uv": [8, 0.5, 9.5, 1], "texture": "#1"},
				"up": {"uv": [3.5, 9.5, 3, 8], "texture": "#1"},
				"down": {"uv": [4, 8, 3.5, 9.5], "texture": "#1"}
			}
		},
		{
			"name": "octagon",
			"from": [13, 2, 5.10051],
			"to": [15, 4, 10.89949],
			"rotation": {"angle": 45, "axis": "y", "origin": [8, 2.5, 8]},
			"faces": {
				"north": {"uv": [10.5, 11, 11, 11.5], "texture": "#1"},
				"east": {"uv": [8, 1, 9.5, 1.5], "texture": "#1"},
				"south": {"uv": [11, 11, 11.5, 11.5], "texture": "#1"},
				"west": {"uv": [8, 1.5, 9.5, 2], "texture": "#1"},
				"up": {"uv": [8.5, 3.5, 8, 2], "texture": "#1"},
				"down": {"uv": [8.5, 5.75, 8, 7.25], "texture": "#1"}
			}
		},
		{
			"name": "octagon",
			"from": [13, 2, 5.10051],
			"to": [15, 4, 10.89949],
			"rotation": {"angle": 0, "axis": "y", "origin": [8, 2.5, 8]},
			"faces": {
				"north": {"uv": [11, 0, 11.5, 0.5], "texture": "#1"},
				"east": {"uv": [8, 4.25, 9.5, 4.75], "texture": "#1"},
				"south": {"uv": [11, 4, 11.5, 4.5], "texture": "#1"},
				"west": {"uv": [8, 7.25, 9.5, 7.75], "texture": "#1"},
				"up": {"uv": [6.5, 9.75, 6, 8.25], "texture": "#1"},
				"down": {"uv": [0.5, 8.5, 0, 10], "texture": "#1"}
			}
		},
		{
			"name": "octagon",
			"from": [5.10051, 6, 1],
			"to": [10.89949, 8, 3],
			"rotation": {"angle": 45, "axis": "y", "origin": [8, 6.5, 8]},
			"faces": {
				"north": {"uv": [0.5, 8.5, 2, 9], "texture": "#1"},
				"east": {"uv": [11, 5, 11.5, 5.5], "texture": "#1"},
				"south": {"uv": [6.5, 8.5, 8, 9], "texture": "#1"},
				"west": {"uv": [11, 7.25, 11.5, 7.75], "texture": "#1"},
				"up": {"uv": [9.5, 9, 8, 8.5], "texture": "#1"},
				"down": {"uv": [10, 2, 8.5, 2.5], "texture": "#1"}
			}
		},
		{
			"name": "octagon",
			"from": [5.10051, 6, 1],
			"to": [10.89949, 8, 3],
			"rotation": {"angle": 0, "axis": "y", "origin": [8, 6.5, 8]},
			"faces": {
				"north": {"uv": [8.5, 2.5, 10, 3], "texture": "#1"},
				"east": {"uv": [11, 9.25, 11.5, 9.75], "texture": "#1"},
				"south": {"uv": [8.5, 3, 10, 3.5], "texture": "#1"},
				"west": {"uv": [11, 9.75, 11.5, 10.25], "texture": "#1"},
				"up": {"uv": [10, 6.25, 8.5, 5.75], "texture": "#1"},
				"down": {"uv": [10, 6.25, 8.5, 6.75], "texture": "#1"}
			}
		},
		{
			"name": "octagon",
			"from": [5.10051, 6, 13],
			"to": [10.89949, 8, 15],
			"rotation": {"angle": 45, "axis": "y", "origin": [8, 6.5, 8]},
			"faces": {
				"north": {"uv": [8.5, 6.75, 10, 7.25], "texture": "#1"},
				"east": {"uv": [11, 10.25, 11.5, 10.75], "texture": "#1"},
				"south": {"uv": [4, 8.75, 5.5, 9.25], "texture": "#1"},
				"west": {"uv": [4, 11.25, 4.5, 11.75], "texture": "#1"},
				"up": {"uv": [2, 9.5, 0.5, 9], "texture": "#1"},
				"down": {"uv": [8, 9, 6.5, 9.5], "texture": "#1"}
			}
		},
		{
			"name": "octagon",
			"from": [5.10051, 6, 13],
			"to": [10.89949, 8, 15],
			"rotation": {"angle": 0, "axis": "y", "origin": [8, 6.5, 8]},
			"faces": {
				"north": {"uv": [8, 9, 9.5, 9.5], "texture": "#1"},
				"east": {"uv": [6, 11.5, 6.5, 12], "texture": "#1"},
				"south": {"uv": [9, 3.5, 10.5, 4], "texture": "#1"},
				"west": {"uv": [6.5, 11.5, 7, 12], "texture": "#1"},
				"up": {"uv": [10.5, 5.25, 9, 4.75], "texture": "#1"},
				"down": {"uv": [10.5, 5.25, 9, 5.75], "texture": "#1"}
			}
		},
		{
			"name": "octagon",
			"from": [1, 6, 5.10051],
			"to": [3, 8, 10.89949],
			"rotation": {"angle": 45, "axis": "y", "origin": [8, 6.5, 8]},
			"faces": {
				"north": {"uv": [7, 11.5, 7.5, 12], "texture": "#1"},
				"east": {"uv": [4, 9.25, 5.5, 9.75], "texture": "#1"},
				"south": {"uv": [8, 11.5, 8.5, 12], "texture": "#1"},
				"west": {"uv": [0.5, 9.5, 2, 10], "texture": "#1"},
				"up": {"uv": [2.5, 10, 2, 8.5], "texture": "#1"},
				"down": {"uv": [3, 8.5, 2.5, 10], "texture": "#1"}
			}
		},
		{
			"name": "octagon",
			"from": [1, 6, 5.10051],
			"to": [3, 8, 10.89949],
			"rotation": {"angle": 0, "axis": "y", "origin": [8, 6.5, 8]},
			"faces": {
				"north": {"uv": [8.5, 11.5, 9, 12], "texture": "#1"},
				"east": {"uv": [6.5, 9.5, 8, 10], "texture": "#1"},
				"south": {"uv": [9, 11.5, 9.5, 12], "texture": "#1"},
				"west": {"uv": [8, 9.5, 9.5, 10], "texture": "#1"},
				"up": {"uv": [6, 10.25, 5.5, 8.75], "texture": "#1"},
				"down": {"uv": [3.5, 9.5, 3, 11], "texture": "#1"}
			}
		},
		{
			"name": "octagon",
			"from": [13, 6, 5.10051],
			"to": [15, 8, 10.89949],
			"rotation": {"angle": 45, "axis": "y", "origin": [8, 6.5, 8]},
			"faces": {
				"north": {"uv": [9.5, 11.5, 10, 12], "texture": "#1"},
				"east": {"uv": [9.5, 9.5, 11, 10], "texture": "#1"},
				"south": {"uv": [10, 11.5, 10.5, 12], "texture": "#1"},
				"west": {"uv": [9.5, 0, 11, 0.5], "texture": "#1"},
				"up": {"uv": [4, 11, 3.5, 9.5], "texture": "#1"},
				"down": {"uv": [10, 0.5, 9.5, 2], "texture": "#1"}
			}
		},
		{
			"name": "octagon",
			"from": [13, 6, 5.10051],
			"to": [15, 8, 10.89949],
			"rotation": {"angle": 0, "axis": "y", "origin": [8, 6.5, 8]},
			"faces": {
				"north": {"uv": [10.5, 11.5, 11, 12], "texture": "#1"},
				"east": {"uv": [9.5, 4, 11, 4.5], "texture": "#1"},
				"south": {"uv": [11, 11.5, 11.5, 12], "texture": "#1"},
				"west": {"uv": [9.5, 7.25, 11, 7.75], "texture": "#1"},
				"up": {"uv": [10, 9.25, 9.5, 7.75], "texture": "#1"},
				"down": {"uv": [4.5, 9.75, 4, 11.25], "texture": "#1"}
			}
		},
		{
			"name": "octagon",
			"from": [5.10051, 10, 1],
			"to": [10.89949, 12, 3],
			"rotation": {"angle": 45, "axis": "y", "origin": [8, 10.5, 8]},
			"faces": {
				"north": {"uv": [0, 10, 1.5, 10.5], "texture": "#1"},
				"east": {"uv": [11.5, 11.5, 12, 12], "texture": "#1"},
				"south": {"uv": [1.5, 10, 3, 10.5], "texture": "#1"},
				"west": {"uv": [11.5, 0, 12, 0.5], "texture": "#1"},
				"up": {"uv": [7.5, 10.5, 6, 10], "texture": "#1"},
				"down": {"uv": [9, 10, 7.5, 10.5], "texture": "#1"}
			}
		},
		{
			"name": "octagon",
			"from": [5.10051, 10, 1],
			"to": [10.89949, 12, 3],
			"rotation": {"angle": 0, "axis": "y", "origin": [8, 10.5, 8]},
			"faces": {
				"north": {"uv": [9, 10, 10.5, 10.5], "texture": "#1"},
				"east": {"uv": [11.5, 0.5, 12, 1], "texture": "#1"},
				"south": {"uv": [10, 0.5, 11.5, 1], "texture": "#1"},
				"west": {"uv": [11.5, 1, 12, 1.5], "texture": "#1"},
				"up": {"uv": [11.5, 1.5, 10, 1], "texture": "#1"},
				"down": {"uv": [11.5, 1.5, 10, 2], "texture": "#1"}
			}
		},
		{
			"name": "octagon",
			"from": [5.10051, 10, 13],
			"to": [10.89949, 12, 15],
			"rotation": {"angle": 45, "axis": "y", "origin": [8, 10.5, 8]},
			"faces": {
				"north": {"uv": [10, 2, 11.5, 2.5], "texture": "#1"},
				"east": {"uv": [11.5, 1.5, 12, 2], "texture": "#1"},
				"south": {"uv": [10, 2.5, 11.5, 3], "texture": "#1"},
				"west": {"uv": [11.5, 2, 12, 2.5], "texture": "#1"},
				"up": {"uv": [11.5, 3.5, 10, 3], "texture": "#1"},
				"down": {"uv": [11.5, 5.75, 10, 6.25], "texture": "#1"}
			}
		},
		{
			"name": "octagon",
			"from": [5.10051, 10, 13],
			"to": [10.89949, 12, 15],
			"rotation": {"angle": 0, "axis": "y", "origin": [8, 10.5, 8]},
			"faces": {
				"north": {"uv": [10, 6.25, 11.5, 6.75], "texture": "#1"},
				"east": {"uv": [11.5, 2.5, 12, 3], "texture": "#1"},
				"south": {"uv": [10, 6.75, 11.5, 7.25], "texture": "#1"},
				"west": {"uv": [11.5, 3, 12, 3.5], "texture": "#1"},
				"up": {"uv": [11.5, 8.25, 10, 7.75], "texture": "#1"},
				"down": {"uv": [11.5, 8.25, 10, 8.75], "texture": "#1"}
			}
		},
		{
			"name": "octagon",
			"from": [1, 10, 5.10051],
			"to": [3, 12, 10.89949],
			"rotation": {"angle": 45, "axis": "y", "origin": [8, 10.5, 8]},
			"faces": {
				"north": {"uv": [11.5, 4, 12, 4.5], "texture": "#1"},
				"east": {"uv": [10, 8.75, 11.5, 9.25], "texture": "#1"},
				"south": {"uv": [11.5, 5, 12, 5.5], "texture": "#1"},
				"west": {"uv": [4.5, 10.25, 6, 10.75], "texture": "#1"},
				"up": {"uv": [0.5, 12, 0, 10.5], "texture": "#1"},
				"down": {"uv": [1, 10.5, 0.5, 12], "texture": "#1"}
			}
		},
		{
			"name": "octagon",
			"from": [1, 10, 5.10051],
			"to": [3, 12, 10.89949],
			"rotation": {"angle": 0, "axis": "y", "origin": [8, 10.5, 8]},
			"faces": {
				"north": {"uv": [11.5, 5.5, 12, 6], "texture": "#1"},
				"east": {"uv": [1, 10.5, 2.5, 11], "texture": "#1"},
				"south": {"uv": [11.5, 6, 12, 6.5], "texture": "#1"},
				"west": {"uv": [6, 10.5, 7.5, 11], "texture": "#1"},
				"up": {"uv": [3, 12, 2.5, 10.5], "texture": "#1"},
				"down": {"uv": [8, 10.5, 7.5, 12], "texture": "#1"}
			}
		},
		{
			"name": "octagon",
			"from": [13, 10, 5.10051],
			"to": [15, 12, 10.89949],
			"rotation": {"angle": 45, "axis": "y", "origin": [8, 10.5, 8]},
			"faces": {
				"north": {"uv": [11.5, 6.5, 12, 7], "texture": "#1"},
				"east": {"uv": [8, 10.5, 9.5, 11], "texture": "#1"},
				"south": {"uv": [11.5, 7, 12, 7.5], "texture": "#1"},
				"west": {"uv": [9.5, 10.5, 11, 11], "texture": "#1"},
				"up": {"uv": [5, 12.25, 4.5, 10.75], "texture": "#1"},
				"down": {"uv": [5.5, 10.75, 5, 12.25], "texture": "#1"}
			}
		},
		{
			"name": "octagon",
			"from": [13, 10, 5.10051],
			"to": [15, 12, 10.89949],
			"rotation": {"angle": 0, "axis": "y", "origin": [8, 10.5, 8]},
			"faces": {
				"north": {"uv": [11.5, 7.5, 12, 8], "texture": "#1"},
				"east": {"uv": [10.5, 3.5, 12, 4], "texture": "#1"},
				"south": {"uv": [11.5, 8, 12, 8.5], "texture": "#1"},
				"west": {"uv": [10.5, 4.5, 12, 5], "texture": "#1"},
				"up": {"uv": [6, 12.25, 5.5, 10.75], "texture": "#1"},
				"down": {"uv": [1.5, 11, 1, 12.5], "texture": "#1"}
			}
		},
		{
			"from": [13.5, 2, 6],
			"to": [15.5, 11, 10],
			"rotation": {"angle": 0, "axis": "y", "origin": [7.5, 6.5, 8]},
			"faces": {
				"north": {"uv": [6, 6, 6.5, 8.25], "texture": "#1"},
				"east": {"uv": [4, 4, 5, 6.25], "texture": "#1"},
				"south": {"uv": [6, 0, 6.5, 2.25], "texture": "#1"},
				"west": {"uv": [4, 0, 5, 2.25], "texture": "#1"},
				"up": {"uv": [2, 12, 1.5, 11], "texture": "#1"},
				"down": {"uv": [2.5, 11, 2, 12], "texture": "#1"}
			}
		},
		{
			"from": [0.5, 2, 6],
			"to": [2.5, 11, 10],
			"rotation": {"angle": 0, "axis": "y", "origin": [8.5, 6.5, 8]},
			"faces": {
				"north": {"uv": [4, 6.25, 4.5, 8.5], "texture": "#1"},
				"east": {"uv": [5, 5, 6, 7.25], "texture": "#1"},
				"south": {"uv": [4.5, 6.25, 5, 8.5], "texture": "#1"},
				"west": {"uv": [5, 0, 6, 2.25], "texture": "#1"},
				"up": {"uv": [3.5, 12, 3, 11], "texture": "#1"},
				"down": {"uv": [4, 11, 3.5, 12], "texture": "#1"}
			}
		}
	],
	"groups": [
		{
			"name": "group",
			"origin": [8, 8, 8],
			"children": [0,
				{
					"name": "octagon",
					"origin": [8, 8, 8],
					"children": [1, 2, 3, 4, 5, 6, 7, 8]
				},
				{
					"name": "octagon",
					"origin": [8, 8, 8],
					"children": [9, 10, 11, 12, 13, 14, 15, 16]
				},
				{
					"name": "octagon",
					"origin": [8, 8, 8],
					"children": [17, 18, 19, 20, 21, 22, 23, 24]
				}, 25, 26]
		}
	],
	"display": {
		"head": {
			"translation": [0, -30.5, 0],
			"scale": [1.6, 1.6, 1.6]
		}
	}
}