{
	"credit": "Made with Blockbench",
	"textures": {
		"0": "rpg/weapon/devas_2/vampire_tooth",
		"particle": "rpg/weapon/devas_2/vampire_tooth"
	},
	"elements": [
		{
			"from": [7.9, 3.90329, 9.3138],
			"to": [8.1, 4.20329, 9.5638],
			"rotation": {"angle": -45, "axis": "x", "origin": [8, 5.90329, 9.6638]},
			"faces": {
				"north": {"uv": [7, 7, 8, 8], "texture": "#0"},
				"east": {"uv": [7, 0, 8, 1], "texture": "#0"},
				"south": {"uv": [7, 1, 8, 2], "texture": "#0"},
				"west": {"uv": [7, 2, 8, 3], "texture": "#0"},
				"up": {"uv": [8, 4, 7, 3], "texture": "#0"},
				"down": {"uv": [8, 4, 7, 5], "texture": "#0"}
			}
		},
		{
			"from": [7.7, 4.60329, 8.9138],
			"to": [8.3, 5.20329, 9.5638],
			"rotation": {"angle": -45, "axis": "x", "origin": [8, 5.90329, 9.6638]},
			"faces": {
				"north": {"uv": [7, 5, 8, 6], "texture": "#0"},
				"east": {"uv": [7, 6, 8, 7], "texture": "#0"},
				"south": {"uv": [0, 8, 1, 9], "texture": "#0"},
				"west": {"uv": [1, 8, 2, 9], "texture": "#0"},
				"up": {"uv": [3, 9, 2, 8], "texture": "#0"},
				"down": {"uv": [4, 8, 3, 9], "texture": "#0"}
			}
		},
		{
			"from": [7.6, 5.20329, 8.8138],
			"to": [8.4, 6.40329, 9.5638],
			"rotation": {"angle": -45, "axis": "x", "origin": [8, 5.90329, 9.6638]},
			"faces": {
				"north": {"uv": [4, 8, 5, 9], "texture": "#0"},
				"east": {"uv": [5, 8, 6, 9], "texture": "#0"},
				"south": {"uv": [6, 8, 7, 9], "texture": "#0"},
				"west": {"uv": [7, 8, 8, 9], "texture": "#0"},
				"up": {"uv": [9, 9, 8, 8], "texture": "#0"},
				"down": {"uv": [9, 0, 8, 1], "texture": "#0"}
			}
		},
		{
			"from": [7.35, 5.5, 7.7],
			"to": [8.65, 7, 8.8],
			"rotation": {"angle": -22.5, "axis": "x", "origin": [8, 8, 8.9]},
			"faces": {
				"north": {"uv": [0, 6, 1, 8], "texture": "#0"},
				"east": {"uv": [1, 6, 2, 8], "texture": "#0"},
				"south": {"uv": [6, 6, 7, 8], "texture": "#0"},
				"west": {"uv": [6, 0, 7, 2], "texture": "#0"},
				"up": {"uv": [9, 2, 8, 1], "texture": "#0"},
				"down": {"uv": [9, 2, 8, 3], "texture": "#0"}
			}
		},
		{
			"from": [7.8, 4.20329, 9.1138],
			"to": [8.2, 4.60329, 9.5638],
			"rotation": {"angle": -45, "axis": "x", "origin": [8, 5.90329, 9.6638]},
			"faces": {
				"north": {"uv": [8, 3, 9, 4], "texture": "#0"},
				"east": {"uv": [8, 4, 9, 5], "texture": "#0"},
				"south": {"uv": [8, 5, 9, 6], "texture": "#0"},
				"west": {"uv": [8, 6, 9, 7], "texture": "#0"},
				"up": {"uv": [9, 8, 8, 7], "texture": "#0"},
				"down": {"uv": [1, 9, 0, 10], "texture": "#0"}
			}
		},
		{
			"from": [7.2, 8, 7.2],
			"to": [8.8, 11, 9],
			"rotation": {"angle": 0, "axis": "y", "origin": [8, 8, 9]},
			"faces": {
				"north": {"uv": [0, 0, 2, 3], "texture": "#0"},
				"east": {"uv": [2, 2, 4, 5], "texture": "#0"},
				"south": {"uv": [0, 3, 2, 6], "texture": "#0"},
				"west": {"uv": [4, 4, 6, 7], "texture": "#0"},
				"up": {"uv": [4, 2, 2, 0], "texture": "#0"},
				"down": {"uv": [6, 0, 4, 2], "texture": "#0"}
			}
		},
		{
			"from": [7.25, 7, 7.5],
			"to": [8.75, 9, 8.9],
			"rotation": {"angle": -22.5, "axis": "x", "origin": [8, 8, 8.9]},
			"faces": {
				"north": {"uv": [4, 2, 6, 4], "texture": "#0"},
				"east": {"uv": [6, 2, 7, 4], "texture": "#0"},
				"south": {"uv": [2, 5, 4, 7], "texture": "#0"},
				"west": {"uv": [6, 4, 7, 6], "texture": "#0"},
				"up": {"uv": [4, 8, 2, 7], "texture": "#0"},
				"down": {"uv": [6, 7, 4, 8], "texture": "#0"}
			}
		}
	],
	"display": {
		"thirdperson_righthand": {
			"translation": [0, -5.25, 1]
		},
		"thirdperson_lefthand": {
			"translation": [0, -5.25, 1]
		},
		"firstperson_righthand": {
			"rotation": [-35, -172.25, -180],
			"translation": [0, 1.5, 0]
		},
		"firstperson_lefthand": {
			"rotation": [-35, -172.25, -180],
			"translation": [0, 1.5, 0]
		},
		"ground": {
			"rotation": [-180, 0, 0]
		},
		"gui": {
			"rotation": [0, 144, 0],
			"translation": [-0.75, 0.25, -2.25],
			"scale": [2, 2, 2]
		},
		"head": {
			"rotation": [-180, 0, 0],
			"scale": [2, 2, 2]
		},
		"fixed": {
			"rotation": [0, -55, 0],
			"translation": [0.5, 0, -2.25],
			"scale": [2, 2, 2]
		}
	},
	"groups": [
		{
			"name": "group",
			"origin": [8, 8, 8.9],
			"children": [0, 1, 2, 3, 4, 5, 6]
		}
	]
}