{
	"credit": "Made by lavafoxerex",
	"texture_size": [32, 32],
	"textures": {
		"0": "rpg/weapon/devas_2/shield/plasma_shield",
		"particle": "rpg/weapon/devas_2/shield/plasma_shield"
	},
	"elements": [
		{
			"from": [9, 4.5, 11.5],
			"to": [10, 11.5, 13.5],
			"faces": {
				"north": {"uv": [9.5, 6, 10, 9.5], "texture": "#0"},
				"east": {"uv": [9.5, 6, 10.5, 9.5], "texture": "#0"},
				"south": {"uv": [9.5, 6, 10, 9.5], "texture": "#0"},
				"west": {"uv": [9.5, 6, 10.5, 9.5], "texture": "#0"},
				"up": {"uv": [9.5, 6, 10, 7], "texture": "#0"},
				"down": {"uv": [9.5, 6, 10, 7], "texture": "#0"}
			}
		},
		{
			"from": [9, 12.5, 6.5],
			"to": [10, 14.5, 9.5],
			"faces": {
				"north": {"uv": [11.5, 4.5, 12, 5.5], "texture": "#0"},
				"east": {"uv": [11.5, 4.5, 13, 5.5], "texture": "#0"},
				"south": {"uv": [11.5, 4.5, 12, 5.5], "texture": "#0"},
				"west": {"uv": [11.5, 4.5, 13, 5.5], "texture": "#0"},
				"up": {"uv": [11.5, 4.5, 12, 6], "texture": "#0"},
				"down": {"uv": [11.5, 4.5, 12, 6], "texture": "#0"}
			}
		},
		{
			"from": [9, 3.5, 4.5],
			"to": [10, 12.5, 11.5],
			"rotation": {"angle": 0, "axis": "y", "origin": [7, 3.5, 5.5]},
			"faces": {
				"north": {"uv": [10.5, 0, 11, 4.5], "texture": "#0"},
				"east": {"uv": [10.5, 5.5, 14, 10], "texture": "#0"},
				"south": {"uv": [10.5, 0, 11, 4.5], "texture": "#0"},
				"west": {"uv": [10.5, 0, 14, 4.5], "texture": "#0"},
				"up": {"uv": [10.5, 0, 11, 3.5], "texture": "#0"},
				"down": {"uv": [10.5, 0, 11, 3.5], "texture": "#0"}
			}
		},
		{
			"from": [9, 4.5, 2.5],
			"to": [10, 11.5, 4.5],
			"faces": {
				"north": {"uv": [14, 6, 14.5, 9.5], "texture": "#0"},
				"east": {"uv": [14, 6, 15, 9.5], "texture": "#0"},
				"south": {"uv": [14, 6, 14.5, 9.5], "texture": "#0"},
				"west": {"uv": [14, 6, 15, 9.5], "texture": "#0"},
				"up": {"uv": [14, 6, 14.5, 7], "texture": "#0"},
				"down": {"uv": [14, 6, 14.5, 7], "texture": "#0"}
			}
		},
		{
			"from": [9, 1.5, 6.5],
			"to": [10, 3.5, 9.5],
			"faces": {
				"north": {"uv": [11.5, 10, 12, 11], "texture": "#0"},
				"east": {"uv": [11.5, 10, 13, 11], "texture": "#0"},
				"south": {"uv": [11.5, 10, 12, 11], "texture": "#0"},
				"west": {"uv": [11.5, 10, 13, 11], "texture": "#0"},
				"up": {"uv": [11.5, 9.5, 12, 11], "texture": "#0"},
				"down": {"uv": [11.5, 9.5, 12, 11], "texture": "#0"}
			}
		},
		{
			"from": [8.5, 12.5, 10.5],
			"to": [9, 15.5, 13.5],
			"faces": {
				"north": {"uv": [0, 0, 0.25, 1.5], "texture": "#0"},
				"east": {"uv": [0, 0, 1.5, 1.5], "texture": "#0"},
				"south": {"uv": [0, 0, 0.25, 1.5], "texture": "#0"},
				"west": {"uv": [1, 0, 2.5, 1.5], "texture": "#0"},
				"up": {"uv": [0, 0, 0.25, 1.5], "texture": "#0"},
				"down": {"uv": [0, 0, 0.25, 1.5], "texture": "#0"}
			}
		},
		{
			"from": [8.5, 12.5, 2.5],
			"to": [9, 15.5, 5.5],
			"faces": {
				"north": {"uv": [0, 0, 0.25, 1.5], "texture": "#0"},
				"east": {"uv": [1, 0, 2.5, 1.5], "texture": "#0"},
				"south": {"uv": [0, 0, 0.25, 1.5], "texture": "#0"},
				"west": {"uv": [0, 0, 1.5, 1.5], "texture": "#0"},
				"up": {"uv": [0, 0, 0.25, 1.5], "texture": "#0"},
				"down": {"uv": [0, 0, 0.25, 1.5], "texture": "#0"}
			}
		},
		{
			"from": [8.5, -0.5, 2.5],
			"to": [9, 3.5, 5.5],
			"faces": {
				"north": {"uv": [0, 0, 0.25, 2], "texture": "#0"},
				"east": {"uv": [1, 0.5, 2.5, 2.5], "texture": "#0"},
				"south": {"uv": [0, 0, 0.25, 2], "texture": "#0"},
				"west": {"uv": [0, 0.5, 1.5, 2.5], "texture": "#0"},
				"up": {"uv": [0, 0, 0.25, 1.5], "texture": "#0"},
				"down": {"uv": [0, 0, 0.25, 1.5], "texture": "#0"}
			}
		},
		{
			"from": [8.5, -0.5, 10.5],
			"to": [9, 3.5, 13.5],
			"faces": {
				"north": {"uv": [0, 0, 0.25, 2], "texture": "#0"},
				"east": {"uv": [0, 0.5, 1.5, 2.5], "texture": "#0"},
				"south": {"uv": [0, 0, 0.25, 2], "texture": "#0"},
				"west": {"uv": [1, 0.5, 2.5, 2.5], "texture": "#0"},
				"up": {"uv": [0, 0, 0.25, 1.5], "texture": "#0"},
				"down": {"uv": [0, 0, 0.25, 1.5], "texture": "#0"}
			}
		},
		{
			"from": [8.25, 3.5, 10.5],
			"to": [9, 12.5, 15.5],
			"faces": {
				"north": {"uv": [2.5, 0, 2.875, 4.5], "texture": "#0"},
				"east": {"uv": [2.5, 0, 5, 4.5], "texture": "#0"},
				"south": {"uv": [2.5, 0, 2.875, 4.5], "texture": "#0"},
				"west": {"uv": [2.5, 0, 5, 4.5], "texture": "#0"},
				"up": {"uv": [2.5, 0, 2.875, 2.5], "texture": "#0"},
				"down": {"uv": [2.5, 0, 2.875, 2.5], "texture": "#0"}
			}
		},
		{
			"from": [8.25, 4.5, 10],
			"to": [8.75, 11.5, 13],
			"rotation": {"angle": 22.5, "axis": "y", "origin": [8.5, 8, 13]},
			"faces": {
				"north": {"uv": [0, 2.5, 0.25, 6], "texture": "#0"},
				"east": {"uv": [0, 2.5, 1.5, 6], "texture": "#0"},
				"south": {"uv": [0, 2.5, 0.25, 6], "texture": "#0"},
				"west": {"uv": [0, 2.5, 1.5, 6], "texture": "#0"},
				"up": {"uv": [0, 2.5, 0.25, 4], "texture": "#0"},
				"down": {"uv": [0, 2.5, 0.25, 4], "texture": "#0"}
			}
		},
		{
			"from": [6.33658, 4.5, 3.3806],
			"to": [6.83658, 11.5, 6.3806],
			"rotation": {"angle": -22.5, "axis": "y", "origin": [8.5, 8, 8]},
			"faces": {
				"north": {"uv": [0.25, 2.5, 0, 6], "texture": "#0"},
				"east": {"uv": [1.5, 2.5, 0, 6], "texture": "#0"},
				"south": {"uv": [0.25, 2.5, 0, 6], "texture": "#0"},
				"west": {"uv": [0, 2.5, 1.5, 6], "texture": "#0"},
				"up": {"uv": [0, 4, 0.25, 2.5], "texture": "#0"},
				"down": {"uv": [0, 4, 0.25, 2.5], "texture": "#0"}
			}
		},
		{
			"from": [8.25, 12.5, 5.5],
			"to": [9, 17.5, 10.5],
			"faces": {
				"north": {"uv": [0, 0, 0.375, 2.5], "texture": "#0"},
				"east": {"uv": [0, 0, 2.5, 2.5], "texture": "#0"},
				"south": {"uv": [0, 0, 0.375, 2.5], "texture": "#0"},
				"west": {"uv": [0, 0, 2.5, 2.5], "texture": "#0"},
				"up": {"uv": [0, 0, 0.375, 2.5], "texture": "#0"},
				"down": {"uv": [0, 0, 0.375, 2.5], "texture": "#0"}
			}
		},
		{
			"from": [8.25, 12, 6.5],
			"to": [8.75, 15, 9.5],
			"rotation": {"angle": -22.5, "axis": "z", "origin": [8.625, 15, 8]},
			"faces": {
				"north": {"uv": [0, 2.5, 0.25, 4], "texture": "#0"},
				"east": {"uv": [0, 2.5, 1.5, 4], "texture": "#0"},
				"south": {"uv": [0, 2.5, 0.25, 4], "texture": "#0"},
				"west": {"uv": [0, 2.5, 1.5, 4], "texture": "#0"},
				"up": {"uv": [0, 2.5, 0.25, 4], "texture": "#0"},
				"down": {"uv": [0, 2.5, 0.25, 4], "texture": "#0"}
			}
		},
		{
			"from": [8.25, 1, 6.5],
			"to": [8.75, 4, 9.5],
			"rotation": {"angle": 22.5, "axis": "z", "origin": [8.625, 1, 8]},
			"faces": {
				"north": {"uv": [0, 4, 0.25, 2.5], "texture": "#0"},
				"east": {"uv": [0, 4, 1.5, 2.5], "texture": "#0"},
				"south": {"uv": [0, 4, 0.25, 2.5], "texture": "#0"},
				"west": {"uv": [0, 4.5, 1.5, 6], "texture": "#0"},
				"up": {"uv": [0, 4, 0.25, 2.5], "texture": "#0"},
				"down": {"uv": [0, 4, 0.25, 2.5], "texture": "#0"}
			}
		},
		{
			"from": [8.25, 3.5, 0.5],
			"to": [9, 12.5, 5.5],
			"faces": {
				"north": {"uv": [2.5, 0, 2.875, 4.5], "texture": "#0"},
				"east": {"uv": [2.5, 0, 5, 4.5], "texture": "#0"},
				"south": {"uv": [2.5, 0, 2.875, 4.5], "texture": "#0"},
				"west": {"uv": [2.5, 0, 5, 4.5], "texture": "#0"},
				"up": {"uv": [2.5, 0, 2.875, 2.5], "texture": "#0"},
				"down": {"uv": [2.5, 0, 2.875, 2.5], "texture": "#0"}
			}
		},
		{
			"from": [8.25, -4.5, 5.5],
			"to": [9, 3.5, 10.5],
			"faces": {
				"north": {"uv": [5, 0, 5.375, 4], "texture": "#0"},
				"east": {"uv": [5, 0, 7.5, 4], "texture": "#0"},
				"south": {"uv": [5, 0, 5.375, 4], "texture": "#0"},
				"west": {"uv": [5, 0, 7.5, 4], "texture": "#0"},
				"up": {"uv": [5, 0, 5.375, 2.5], "texture": "#0"},
				"down": {"uv": [5, 0, 5.375, 2.5], "texture": "#0"}
			}
		},
		{
			"from": [7, 3.5, 6.5],
			"to": [9, 4.5, 9.5],
			"rotation": {"angle": 0, "axis": "y", "origin": [7, 3.5, 5.5]},
			"faces": {
				"east": {"uv": [2.5, 0, 4, 0.5], "texture": "#0"},
				"west": {"uv": [2.5, 0, 4, 0.5], "texture": "#0"},
				"up": {"uv": [0, 0, 0, 0], "texture": "#0"},
				"down": {"uv": [2, 0, 3, 1.5], "texture": "#0"}
			}
		},
		{
			"from": [7, 11.5, 6.5],
			"to": [9, 12.5, 9.5],
			"rotation": {"angle": 0, "axis": "y", "origin": [7, 3.5, 5.5]},
			"faces": {
				"east": {"uv": [2.5, 0, 4, 0.5], "texture": "#0"},
				"west": {"uv": [2.5, 0, 4, 0.5], "texture": "#0"},
				"up": {"uv": [2, 0, 3, 1.5], "texture": "#0"},
				"down": {"uv": [0, 0, 0, 0], "texture": "#0"}
			}
		},
		{
			"from": [7, 3.5, 9.5],
			"to": [9, 12.5, 10.5],
			"rotation": {"angle": 0, "axis": "y", "origin": [7, 3.5, 5.5]},
			"faces": {
				"east": {"uv": [2.5, 0, 3, 4.5], "texture": "#0"},
				"south": {"uv": [2, 0, 3, 4.5], "texture": "#0"},
				"west": {"uv": [2.5, 0, 3, 4.5], "texture": "#0"},
				"up": {"uv": [2, 0, 3, 0.5], "texture": "#0"},
				"down": {"uv": [2, 0, 3, 0.5], "texture": "#0"}
			}
		},
		{
			"from": [7, 3.5, 5.5],
			"to": [9, 12.5, 6.5],
			"rotation": {"angle": 0, "axis": "y", "origin": [7, 3.5, 5.5]},
			"faces": {
				"north": {"uv": [2, 0, 3, 4.5], "texture": "#0"},
				"east": {"uv": [2.5, 0, 3, 4.5], "texture": "#0"},
				"west": {"uv": [2.5, 0, 3, 4.5], "texture": "#0"},
				"up": {"uv": [2, 0, 3, 0.5], "texture": "#0"},
				"down": {"uv": [2, 0, 3, 0.5], "texture": "#0"}
			}
		},
		{
			"from": [6.5, 4.5, 6.5],
			"to": [9, 11.5, 9.5],
			"rotation": {"angle": 0, "axis": "y", "origin": [7, 3.5, 5.5]},
			"faces": {
				"north": {"uv": [9, 0, 10.25, 3.5], "texture": "#0"},
				"east": {"uv": [7.5, 0, 9, 3.5], "texture": "#0"},
				"south": {"uv": [9, 0, 10.25, 3.5], "texture": "#0"},
				"west": {"uv": [7.5, 0, 9, 3.5], "texture": "#0"},
				"up": {"uv": [9, 0, 10.25, 1.5], "texture": "#0"},
				"down": {"uv": [9, 0, 10.25, 1.5], "texture": "#0"}
			}
		},
		{
			"from": [10, 8, 5.5],
			"to": [15, 9, 10.5],
			"faces": {
				"north": {"uv": [0, 6, 2.5, 6.5], "texture": "#0"},
				"east": {"uv": [0, 6, 2.5, 6.5], "texture": "#0"},
				"south": {"uv": [0, 6, 2.5, 6.5], "texture": "#0"},
				"west": {"uv": [0, 6, 2.5, 6.5], "texture": "#0"},
				"up": {"uv": [0, 6, 2.5, 8.5], "texture": "#0"},
				"down": {"uv": [0, 6, 2.5, 8.5], "texture": "#0"}
			}
		}
	],
	"display": {
		"thirdperson_righthand": {
			"rotation": [90, 180, 0],
			"translation": [4.5, -2, 3.25]
		},
		"thirdperson_lefthand": {
			"rotation": [90, 0, 0],
			"translation": [4.5, -2, 3.25]
		},
		"firstperson_righthand": {
			"rotation": [180, -80, 180],
			"translation": [0, -1.5, 0]
		},
		"firstperson_lefthand": {
			"rotation": [180, 100, 180],
			"translation": [0, -1.5, 0]
		},
		"gui": {
			"rotation": [24.37, 60.68, -26.92],
			"translation": [0, 0.75, 0],
			"scale": [0.65, 0.65, 0.65]
		},
		"head": {
			"rotation": [0, -90, 0],
			"translation": [0, 0, -7.75]
		},
		"fixed": {
			"rotation": [0, -90, 0],
			"translation": [0, 0, -1.75]
		}
	},
	"groups": [
		{
			"name": "group",
			"origin": [8, 8, 8],
			"color": 0,
			"children": [
				{
					"name": "group",
					"origin": [0, 0, 0],
					"color": 0,
					"children": [0, 1, 2, 3, 4]
				},
				{
					"name": "group",
					"origin": [8, 8, 8],
					"color": 0,
					"children": [
						{
							"name": "group",
							"origin": [0, 0, 0],
							"color": 0,
							"children": [5, 6, 7, 8]
						},
						{
							"name": "group",
							"origin": [0, 0, 0],
							"color": 0,
							"children": [
								9,
								10,
								11,
								12,
								13,
								14,
								15,
								16,
								{
									"name": "group",
									"origin": [7, 3.5, 5.5],
									"color": 0,
									"children": [17, 18, 19, 20]
								},
								21
							]
						}
					]
				},
				{
					"name": "group",
					"origin": [8, 8, 8],
					"color": 0,
					"children": [22]
				}
			]
		}
	]
}