{
	"credit": "Made by Gameboy612",
	"parent": "item_frame_block",
	"textures": {
		"0": "block/ccckyc/white_paint",
		"1": "block/black_stained_glass",
		"particle": "block/ccckyc/white_paint"
	},
	"elements": [
		{
			"from": [0, 15, 0],
			"to": [16, 29, 2],
			"faces": {
				"north": {"uv": [0, 0, 16, 14], "texture": "#1"},
				"east": {"uv": [0, 0, 2, 14], "texture": "#1"},
				"south": {"uv": [0, 0, 16, 14], "texture": "#1"},
				"west": {"uv": [0, 0, 2, 14], "texture": "#1"},
				"up": {"uv": [0, 0, 16, 2], "texture": "#1"}
			}
		},
		{
			"from": [0, 29, -4],
			"to": [16, 32, 6],
			"faces": {
				"north": {"uv": [0, 0, 16, 3], "texture": "#0"},
				"east": {"uv": [0, 0, 10, 3], "texture": "#0"},
				"south": {"uv": [0, 0, 16, 3], "texture": "#0"},
				"west": {"uv": [0, 0, 10, 3], "texture": "#0"},
				"up": {"uv": [0, 0, 16, 10], "texture": "#0"},
				"down": {"uv": [0, 0, 16, 10], "texture": "#0"}
			}
		},
		{
			"from": [0, 0, 0],
			"to": [16, 15, 2],
			"faces": {
				"north": {"uv": [0, 1, 16, 16], "texture": "#1"},
				"east": {"uv": [0, 0, 2, 16], "texture": "#1"},
				"south": {"uv": [0, 1, 16, 16], "texture": "#1"},
				"west": {"uv": [0, 0, 2, 16], "texture": "#1"},
				"down": {"uv": [0, 0, 16, 2], "texture": "#1"}
			}
		}
	]
}