{
	"credit": "Made with Blockbench",
	"parent": "furniture",
	"texture_size": [64, 64],
	"elements": [
		{
			"from": [17, -3, 4],
			"to": [18, 5, 5],
			"rotation": {"angle": 22.5, "axis": "x", "origin": [15.5, 2.5, 5.5]},
			"faces": {
				"north": {"uv": [1, 4.625, 1.25, 6.125], "texture": "#1"},
				"east": {"uv": [1, 4.625, 1.25, 6.125], "texture": "#1"},
				"south": {"uv": [0, 2.75, 0.25, 4.25], "texture": "#1"},
				"west": {"uv": [0, 0, 0.25, 1.5], "texture": "#1"},
				"up": {"uv": [1, 4.625, 1.25, 4.875], "texture": "#1"},
				"down": {"uv": [1, 4.625, 1.25, 4.875], "texture": "#1"}
			}
		},
		{
			"from": [-2, -3, 4],
			"to": [-1, 5, 5],
			"rotation": {"angle": 22.5, "axis": "x", "origin": [0.5, 2.5, 5.5]},
			"faces": {
				"north": {"uv": [2.5, 4.625, 2.75, 6.125], "texture": "#1"},
				"east": {"uv": [2.5, 4.625, 2.75, 6.125], "texture": "#1"},
				"south": {"uv": [0, 2.75, 0.25, 4.25], "texture": "#1"},
				"west": {"uv": [0, 0, 0.25, 1.5], "texture": "#1"},
				"up": {"uv": [2.5, 4.625, 2.75, 4.875], "texture": "#1"},
				"down": {"uv": [2.5, 4.625, 2.75, 4.875], "texture": "#1"}
			}
		},
		{
			"from": [17, -2, 10],
			"to": [18, 6, 11],
			"rotation": {"angle": -22.5, "axis": "x", "origin": [15.5, 2.5, 11.5]},
			"faces": {
				"north": {"uv": [1.5, 4.625, 1.75, 6.125], "texture": "#1"},
				"east": {"uv": [1.5, 4.625, 1.75, 6.125], "texture": "#1"},
				"south": {"uv": [0, 2.75, 0.25, 4.25], "texture": "#1"},
				"west": {"uv": [0, 0, 0.25, 1.5], "texture": "#1"},
				"up": {"uv": [1.5, 4.625, 1.75, 4.875], "texture": "#1"},
				"down": {"uv": [1.5, 4.625, 1.75, 4.875], "texture": "#1"}
			}
		},
		{
			"from": [-2, -2, 10],
			"to": [-1, 6, 11],
			"rotation": {"angle": -22.5, "axis": "x", "origin": [0.5, 2.5, 11.5]},
			"faces": {
				"north": {"uv": [3.5, 4.625, 3.75, 6.125], "texture": "#1"},
				"east": {"uv": [3.5, 4.625, 3.75, 6.125], "texture": "#1"},
				"south": {"uv": [0, 2.75, 0.25, 4.25], "texture": "#1"},
				"west": {"uv": [0, 0, 0.25, 1.5], "texture": "#1"},
				"up": {"uv": [3.5, 4.625, 3.75, 4.875], "texture": "#1"},
				"down": {"uv": [3.5, 4.625, 3.75, 4.875], "texture": "#1"}
			}
		},
		{
			"from": [-8, 11, 12],
			"to": [24, 13, 13],
			"rotation": {"angle": 0, "axis": "y", "origin": [0, 3, 0]},
			"faces": {
				"north": {"uv": [1, 2.875, 9, 3.375], "texture": "#1"},
				"east": {"uv": [1, 2.875, 1.25, 3.375], "texture": "#1"},
				"south": {"uv": [0, 2.75, 8, 3.25], "texture": "#1"},
				"west": {"uv": [0, 0, 0.25, 0.5], "texture": "#1"},
				"up": {"uv": [1, 2.875, 9, 3.125], "texture": "#1"},
				"down": {"uv": [1, 2.875, 9, 3.125], "texture": "#1"}
			}
		},
		{
			"from": [-8, 14, 12],
			"to": [24, 16, 13],
			"rotation": {"angle": 0, "axis": "y", "origin": [0, 3, 0]},
			"faces": {
				"north": {"uv": [1, 2.875, 9, 3.375], "texture": "#1"},
				"east": {"uv": [1, 2.875, 1.25, 3.375], "texture": "#1"},
				"south": {"uv": [0, 2.75, 8, 3.25], "texture": "#1"},
				"west": {"uv": [0, 0, 0.25, 0.5], "texture": "#1"},
				"up": {"uv": [1, 2.875, 9, 3.125], "texture": "#1"},
				"down": {"uv": [1, 2.875, 9, 3.125], "texture": "#1"}
			}
		},
		{
			"from": [-8, 17, 13],
			"to": [24, 19, 14],
			"rotation": {"angle": 22.5, "axis": "x", "origin": [8, 18, 13.5]},
			"faces": {
				"north": {"uv": [1, 2.875, 9, 3.375], "texture": "#1"},
				"east": {"uv": [1, 2.875, 1.25, 3.375], "texture": "#1"},
				"south": {"uv": [0, 2.75, 8, 3.25], "texture": "#1"},
				"west": {"uv": [0, 0, 0.25, 0.5], "texture": "#1"},
				"up": {"uv": [1, 2.875, 9, 3.125], "texture": "#1"},
				"down": {"uv": [1, 2.875, 9, 3.125], "texture": "#1"}
			}
		},
		{
			"from": [17, 9, 12],
			"to": [18, 11, 13],
			"rotation": {"angle": 0, "axis": "y", "origin": [0, 3, 0]},
			"faces": {
				"north": {"uv": [6.5, 5.125, 6.75, 5.625], "texture": "#1"},
				"east": {"uv": [6.5, 5.125, 6.75, 5.625], "texture": "#1"},
				"south": {"uv": [0, 2.75, 0.25, 3.25], "texture": "#1"},
				"west": {"uv": [0, 0, 0.25, 0.5], "texture": "#1"},
				"up": {"uv": [6.5, 5.125, 6.75, 5.375], "texture": "#1"},
				"down": {"uv": [6.5, 5.125, 6.75, 5.375], "texture": "#1"}
			}
		},
		{
			"from": [17, 13, 12],
			"to": [18, 14, 13],
			"rotation": {"angle": 0, "axis": "y", "origin": [0, 3, 0]},
			"faces": {
				"north": {"uv": [2, 6.125, 2.25, 5.875], "texture": "#1"},
				"east": {"uv": [2, 6.125, 2.25, 5.875], "texture": "#1"},
				"south": {"uv": [0, 2.75, 0.25, 3], "texture": "#1"},
				"west": {"uv": [0, 0, 0.25, 0.25], "texture": "#1"},
				"up": {"uv": [2, 6.125, 2.25, 5.875], "texture": "#1"},
				"down": {"uv": [2, 6.125, 2.25, 5.875], "texture": "#1"}
			}
		},
		{
			"from": [17, 15.5, 12.5],
			"to": [18, 17.5, 13.5],
			"rotation": {"angle": 22.5, "axis": "x", "origin": [17.5, 16.5, 13]},
			"faces": {
				"north": {"uv": [5.75, 5.625, 6, 6.125], "texture": "#1"},
				"east": {"uv": [5.75, 5.625, 6, 6.125], "texture": "#1"},
				"south": {"uv": [0, 2.75, 0.25, 3.25], "texture": "#1"},
				"west": {"uv": [0, 0, 0.25, 0.5], "texture": "#1"},
				"up": {"uv": [5.75, 5.625, 6, 5.875], "texture": "#1"},
				"down": {"uv": [5.75, 5.625, 6, 5.875], "texture": "#1"}
			}
		},
		{
			"from": [-2, 9, 12],
			"to": [-1, 11, 13],
			"rotation": {"angle": 0, "axis": "y", "origin": [0, 3, 0]},
			"faces": {
				"north": {"uv": [7.5, 5.125, 7.75, 5.625], "texture": "#1"},
				"east": {"uv": [7.5, 5.125, 7.75, 5.625], "texture": "#1"},
				"south": {"uv": [0, 2.75, 0.25, 3.25], "texture": "#1"},
				"west": {"uv": [0, 0, 0.25, 0.5], "texture": "#1"},
				"up": {"uv": [7.5, 5.125, 7.75, 5.375], "texture": "#1"},
				"down": {"uv": [7.5, 5.125, 7.75, 5.375], "texture": "#1"}
			}
		},
		{
			"from": [-2, 13, 12],
			"to": [-1, 14, 13],
			"rotation": {"angle": 0, "axis": "y", "origin": [0, 3, 0]},
			"faces": {
				"north": {"uv": [1, 6.125, 1.25, 5.875], "texture": "#1"},
				"east": {"uv": [1, 6.125, 1.25, 5.875], "texture": "#1"},
				"south": {"uv": [0, 2.75, 0.25, 3], "texture": "#1"},
				"west": {"uv": [0, 0, 0.25, 0.25], "texture": "#1"},
				"up": {"uv": [1, 6.125, 1.25, 5.875], "texture": "#1"},
				"down": {"uv": [1, 6.125, 1.25, 5.875], "texture": "#1"}
			}
		},
		{
			"from": [-2, 15.5, 12.5],
			"to": [-1, 17.5, 13.5],
			"rotation": {"angle": 22.5, "axis": "x", "origin": [-1.5, 16.5, 13]},
			"faces": {
				"north": {"uv": [8.25, 2.875, 8.5, 3.375], "texture": "#1"},
				"east": {"uv": [8.25, 2.875, 8.5, 3.375], "texture": "#1"},
				"south": {"uv": [0, 2.75, 0.25, 3.25], "texture": "#1"},
				"west": {"uv": [0, 0, 0.25, 0.5], "texture": "#1"},
				"up": {"uv": [8.25, 2.875, 8.5, 3.125], "texture": "#1"},
				"down": {"uv": [8.25, 2.875, 8.5, 3.125], "texture": "#1"}
			}
		},
		{
			"from": [-2, 7.3024, 9.47973],
			"to": [-1, 8.3024, 11.47973],
			"rotation": {"angle": -22.5, "axis": "x", "origin": [-1.5, 7.8024, 10.47973]},
			"faces": {
				"north": {"uv": [8.25, 2.875, 8.5, 3.125], "texture": "#1"},
				"east": {"uv": [8.25, 2.875, 8.75, 3.125], "texture": "#1"},
				"south": {"uv": [0, 2.75, 0.25, 3], "texture": "#1"},
				"west": {"uv": [0, 0, 0.5, 0.25], "texture": "#1"},
				"up": {"uv": [8.25, 2.875, 8.5, 3.375], "texture": "#1"},
				"down": {"uv": [8.25, 2.875, 8.5, 3.375], "texture": "#1"}
			}
		},
		{
			"from": [17, 7.3024, 9.47973],
			"to": [18, 8.3024, 11.47973],
			"rotation": {"angle": -22.5, "axis": "x", "origin": [-1.5, 7.8024, 10.47973]},
			"faces": {
				"north": {"uv": [4.25, 6.125, 4.5, 5.875], "texture": "#1"},
				"east": {"uv": [4.25, 6.125, 4.75, 5.875], "texture": "#1"},
				"south": {"uv": [0, 2.75, 0.25, 3], "texture": "#1"},
				"west": {"uv": [0, 0, 0.5, 0.25], "texture": "#1"},
				"up": {"uv": [4.25, 6.375, 4.5, 5.875], "texture": "#1"},
				"down": {"uv": [4.25, 6.375, 4.5, 5.875], "texture": "#1"}
			}
		},
		{
			"from": [-8, 7, 5],
			"to": [-2, 8, 7],
			"rotation": {"angle": 0, "axis": "y", "origin": [0, 3, 0]},
			"faces": {
				"north": {"uv": [9.5, 2.875, 11, 3.125], "texture": "#1"},
				"east": {"uv": [9.5, 2.875, 10, 3.125], "texture": "#1"},
				"south": {"uv": [0, 2.75, 1.5, 3], "texture": "#1"},
				"west": {"uv": [0, 0, 0.5, 0.25], "texture": "#1"},
				"up": {"uv": [9.5, 2.875, 11, 3.375], "texture": "#1"},
				"down": {"uv": [9.5, 2.875, 11, 3.375], "texture": "#1"}
			}
		},
		{
			"from": [-8, 7, 8],
			"to": [-2, 8, 10],
			"rotation": {"angle": 0, "axis": "y", "origin": [0, 3, 0]},
			"faces": {
				"north": {"uv": [3, 4.125, 4.5, 4.375], "texture": "#1"},
				"east": {"uv": [3, 4.125, 3.5, 4.375], "texture": "#1"},
				"south": {"uv": [0, 2.75, 1.5, 3], "texture": "#1"},
				"west": {"uv": [0, 0, 0.5, 0.25], "texture": "#1"},
				"up": {"uv": [3, 4.125, 4.5, 4.625], "texture": "#1"},
				"down": {"uv": [3, 4.125, 4.5, 4.625], "texture": "#1"}
			}
		},
		{
			"from": [-8, 7, 2],
			"to": [-2, 8, 4],
			"rotation": {"angle": 0, "axis": "y", "origin": [0, 3, 0]},
			"faces": {
				"north": {"uv": [7.25, 4.625, 8.75, 4.875], "texture": "#1"},
				"east": {"uv": [7.25, 4.625, 7.75, 4.875], "texture": "#1"},
				"south": {"uv": [0, 2.75, 1.5, 3], "texture": "#1"},
				"west": {"uv": [0, 0, 0.5, 0.25], "texture": "#1"},
				"up": {"uv": [7.25, 4.625, 8.75, 5.125], "texture": "#1"},
				"down": {"uv": [7.25, 4.625, 8.75, 5.125], "texture": "#1"}
			}
		},
		{
			"from": [18, 7, 2],
			"to": [24, 8, 4],
			"rotation": {"angle": 0, "axis": "y", "origin": [0, 3, 0]},
			"faces": {
				"north": {"uv": [9.5, 2.875, 11, 3.125], "texture": "#1"},
				"east": {"uv": [9.5, 2.875, 10, 3.125], "texture": "#1"},
				"south": {"uv": [0, 2.75, 1.5, 3], "texture": "#1"},
				"west": {"uv": [0, 0, 0.5, 0.25], "texture": "#1"},
				"up": {"uv": [9.5, 2.875, 11, 3.375], "texture": "#1"},
				"down": {"uv": [9.5, 2.875, 11, 3.375], "texture": "#1"}
			}
		},
		{
			"from": [18, 7, 5],
			"to": [24, 8, 7],
			"rotation": {"angle": 0, "axis": "y", "origin": [0, 3, 0]},
			"faces": {
				"north": {"uv": [5.75, 4.875, 7.25, 5.125], "texture": "#1"},
				"east": {"uv": [5.75, 4.875, 6.25, 5.125], "texture": "#1"},
				"south": {"uv": [0, 2.75, 1.5, 3], "texture": "#1"},
				"west": {"uv": [0, 0, 0.5, 0.25], "texture": "#1"},
				"up": {"uv": [5.75, 4.875, 7.25, 5.375], "texture": "#1"},
				"down": {"uv": [5.75, 4.875, 7.25, 5.375], "texture": "#1"}
			}
		},
		{
			"from": [18, 7, 8],
			"to": [24, 8, 10],
			"rotation": {"angle": 0, "axis": "y", "origin": [0, 3, 0]},
			"faces": {
				"north": {"uv": [9.5, 2.875, 11, 3.125], "texture": "#1"},
				"east": {"uv": [9.5, 2.875, 10, 3.125], "texture": "#1"},
				"south": {"uv": [0, 2.75, 1.5, 3], "texture": "#1"},
				"west": {"uv": [0, 0, 0.5, 0.25], "texture": "#1"},
				"up": {"uv": [9.5, 2.875, 11, 3.375], "texture": "#1"},
				"down": {"uv": [9.5, 2.875, 11, 3.375], "texture": "#1"}
			}
		},
		{
			"from": [-1, 7, 8],
			"to": [17, 8, 10],
			"rotation": {"angle": 0, "axis": "y", "origin": [0, 3, 0]},
			"faces": {
				"north": {"uv": [1, 3.375, 5.5, 3.625], "texture": "#1"},
				"east": {"uv": [1, 3.375, 1.5, 3.625], "texture": "#1"},
				"south": {"uv": [0, 2.75, 4.5, 3], "texture": "#1"},
				"west": {"uv": [0, 0, 0.5, 0.25], "texture": "#1"},
				"up": {"uv": [1, 3.375, 5.5, 3.875], "texture": "#1"},
				"down": {"uv": [1, 3.375, 5.5, 3.875], "texture": "#1"}
			}
		},
		{
			"from": [-1, 7, 5],
			"to": [17, 8, 7],
			"rotation": {"angle": 0, "axis": "y", "origin": [0, 3, 0]},
			"faces": {
				"north": {"uv": [1, 3.875, 5.5, 4.125], "texture": "#1"},
				"east": {"uv": [1, 3.875, 1.5, 4.125], "texture": "#1"},
				"south": {"uv": [0, 2.75, 4.5, 3], "texture": "#1"},
				"west": {"uv": [0, 0, 0.5, 0.25], "texture": "#1"},
				"up": {"uv": [1, 3.875, 5.5, 4.375], "texture": "#1"},
				"down": {"uv": [1, 3.875, 5.5, 4.375], "texture": "#1"}
			}
		},
		{
			"from": [-1, 5, 5],
			"to": [17, 6, 6],
			"rotation": {"angle": 0, "axis": "y", "origin": [0, 2, 0]},
			"faces": {
				"north": {"uv": [6.5, 2.875, 11, 3.125], "texture": "#1"},
				"east": {"uv": [6.5, 2.875, 6.75, 3.125], "texture": "#1"},
				"south": {"uv": [0, 2.75, 4.5, 3], "texture": "#1"},
				"west": {"uv": [0, 0, 0.25, 0.25], "texture": "#1"},
				"up": {"uv": [6.5, 2.875, 11, 3.125], "texture": "#1"},
				"down": {"uv": [6.5, 2.875, 11, 3.125], "texture": "#1"}
			}
		},
		{
			"from": [-1, 5, 9],
			"to": [17, 6, 10],
			"rotation": {"angle": 0, "axis": "y", "origin": [0, 2, 0]},
			"faces": {
				"north": {"uv": [1, 2.875, 5.5, 3.125], "texture": "#1"},
				"east": {"uv": [1, 2.875, 1.25, 3.125], "texture": "#1"},
				"south": {"uv": [0, 2.75, 4.5, 3], "texture": "#1"},
				"west": {"uv": [0, 0, 0.25, 0.25], "texture": "#1"},
				"up": {"uv": [1, 2.875, 5.5, 3.125], "texture": "#1"},
				"down": {"uv": [1, 2.875, 5.5, 3.125], "texture": "#1"}
			}
		},
		{
			"from": [-1, 7, 1.9],
			"to": [17, 8, 3.9],
			"rotation": {"angle": 0, "axis": "y", "origin": [0, 3, 0]},
			"faces": {
				"north": {"uv": [1, 3.625, 5.5, 3.875], "texture": "#1"},
				"east": {"uv": [1, 3.625, 1.5, 3.875], "texture": "#1"},
				"south": {"uv": [0, 2.75, 4.5, 3], "texture": "#1"},
				"west": {"uv": [0, 0, 0.5, 0.25], "texture": "#1"},
				"up": {"uv": [1, 3.625, 5.5, 4.125], "texture": "#1"},
				"down": {"uv": [1, 3.625, 5.5, 4.125], "texture": "#1"}
			}
		},
		{
			"from": [-2, 7, 1],
			"to": [-1, 8, 10],
			"rotation": {"angle": 0, "axis": "y", "origin": [0, 3, 0]},
			"faces": {
				"north": {"uv": [8.25, 5.125, 8.5, 5.375], "texture": "#1"},
				"east": {"uv": [8.25, 5.125, 10.5, 5.375], "texture": "#1"},
				"south": {"uv": [0, 2.75, 0.25, 3], "texture": "#1"},
				"west": {"uv": [0, 0, 2.25, 0.25], "texture": "#1"},
				"up": {"uv": [8.25, 5.125, 8.5, 7.375], "texture": "#1"},
				"down": {"uv": [8.25, 5.125, 8.5, 7.375], "texture": "#1"}
			}
		},
		{
			"from": [-2, 5, 5],
			"to": [-1, 6, 10],
			"rotation": {"angle": 0, "axis": "y", "origin": [0, 2, 0]},
			"faces": {
				"north": {"uv": [4.75, 6.125, 5, 5.875], "texture": "#1"},
				"east": {"uv": [4.75, 6.125, 6, 5.875], "texture": "#1"},
				"south": {"uv": [0, 2.75, 0.25, 3], "texture": "#1"},
				"west": {"uv": [0, 0, 1.25, 0.25], "texture": "#1"},
				"up": {"uv": [4.75, 7.125, 5, 5.875], "texture": "#1"},
				"down": {"uv": [4.75, 7.125, 5, 5.875], "texture": "#1"}
			}
		},
		{
			"from": [-2, 6, 9],
			"to": [-1, 7, 10],
			"rotation": {"angle": 0, "axis": "y", "origin": [0, 2, 0]},
			"faces": {
				"north": {"uv": [8.25, 2.875, 8.5, 3.125], "texture": "#1"},
				"east": {"uv": [8.25, 2.875, 8.5, 3.125], "texture": "#1"},
				"south": {"uv": [0, 2.75, 0.25, 3], "texture": "#1"},
				"west": {"uv": [0, 0, 0.25, 0.25], "texture": "#1"},
				"up": {"uv": [8.25, 2.875, 8.5, 3.125], "texture": "#1"},
				"down": {"uv": [8.25, 2.875, 8.5, 3.125], "texture": "#1"}
			}
		},
		{
			"from": [-2, 6, 5],
			"to": [-1, 7, 6],
			"rotation": {"angle": 0, "axis": "y", "origin": [0, 2, 0]},
			"faces": {
				"north": {"uv": [8.25, 3.625, 8.5, 3.875], "texture": "#1"},
				"east": {"uv": [8.25, 3.625, 8.5, 3.875], "texture": "#1"},
				"south": {"uv": [0, 2.75, 0.25, 3], "texture": "#1"},
				"west": {"uv": [0, 0, 0.25, 0.25], "texture": "#1"},
				"up": {"uv": [8.25, 3.625, 8.5, 3.875], "texture": "#1"},
				"down": {"uv": [8.25, 3.625, 8.5, 3.875], "texture": "#1"}
			}
		},
		{
			"from": [17, 6, 9],
			"to": [18, 7, 10],
			"rotation": {"angle": 0, "axis": "y", "origin": [0, 2, 0]},
			"faces": {
				"north": {"uv": [8.25, 2.875, 8.5, 3.125], "texture": "#1"},
				"east": {"uv": [8.25, 2.875, 8.5, 3.125], "texture": "#1"},
				"south": {"uv": [0, 2.75, 0.25, 3], "texture": "#1"},
				"west": {"uv": [0, 0, 0.25, 0.25], "texture": "#1"},
				"up": {"uv": [8.25, 2.875, 8.5, 3.125], "texture": "#1"},
				"down": {"uv": [8.25, 2.875, 8.5, 3.125], "texture": "#1"}
			}
		},
		{
			"from": [17, 6, 5],
			"to": [18, 7, 6],
			"rotation": {"angle": 0, "axis": "y", "origin": [0, 2, 0]},
			"faces": {
				"north": {"uv": [8.25, 2.875, 8.5, 3.125], "texture": "#1"},
				"east": {"uv": [8.25, 2.875, 8.5, 3.125], "texture": "#1"},
				"south": {"uv": [0, 2.75, 0.25, 3], "texture": "#1"},
				"west": {"uv": [0, 0, 0.25, 0.25], "texture": "#1"},
				"up": {"uv": [8.25, 2.875, 8.5, 3.125], "texture": "#1"},
				"down": {"uv": [8.25, 2.875, 8.5, 3.125], "texture": "#1"}
			}
		},
		{
			"from": [17, 7, 1],
			"to": [18, 8, 10],
			"rotation": {"angle": 0, "axis": "y", "origin": [0, 3, 0]},
			"faces": {
				"north": {"uv": [8.25, 5.875, 8.5, 6.125], "texture": "#1"},
				"east": {"uv": [8.25, 5.875, 10.5, 6.125], "texture": "#1"},
				"south": {"uv": [0, 2.75, 0.25, 3], "texture": "#1"},
				"west": {"uv": [0, 0, 2.25, 0.25], "texture": "#1"},
				"up": {"uv": [8.25, 5.875, 8.5, 8.125], "texture": "#1"},
				"down": {"uv": [8.25, 5.875, 8.5, 8.125], "texture": "#1"}
			}
		},
		{
			"from": [17, 5, 5],
			"to": [18, 6, 10],
			"rotation": {"angle": 0, "axis": "y", "origin": [0, 2, 0]},
			"faces": {
				"north": {"uv": [8.25, 2.875, 8.5, 3.125], "texture": "#1"},
				"east": {"uv": [8.25, 2.875, 9.5, 3.125], "texture": "#1"},
				"south": {"uv": [0, 2.75, 0.25, 3], "texture": "#1"},
				"west": {"uv": [0, 0, 1.25, 0.25], "texture": "#1"},
				"up": {"uv": [8.25, 2.875, 8.5, 4.125], "texture": "#1"},
				"down": {"uv": [8.25, 2.875, 8.5, 4.125], "texture": "#1"}
			}
		},
		{
			"from": [-8, 8, 11],
			"to": [24, 10, 12],
			"rotation": {"angle": 45, "axis": "x", "origin": [8, 9, 11.5]},
			"faces": {
				"north": {"uv": [1, 2.875, 9, 3.375], "texture": "#1"},
				"east": {"uv": [1, 2.875, 1.25, 3.375], "texture": "#1"},
				"south": {"uv": [0, 2.75, 8, 3.25], "texture": "#1"},
				"west": {"uv": [0, 0, 0.25, 0.5], "texture": "#1"},
				"up": {"uv": [1, 2.875, 9, 3.125], "texture": "#1"},
				"down": {"uv": [1, 2.875, 9, 3.125], "texture": "#1"}
			}
		}
	],
	"display": {
		"thirdperson_righthand": {
			"translation": [-5.75, -1, 0]
		},
		"firstperson_righthand": {
			"rotation": [0, 45, 0],
			"scale": [0.6, 0.6, 0.6]
		},
		"firstperson_lefthand": {
			"rotation": [0, 225, 0],
			"scale": [0.6, 0.6, 0.6]
		},
		"ground": {
			"translation": [0, 2, 0],
			"scale": [0.5, 0.5, 0.5]
		},
		"gui": {
			"rotation": [30, 225, 0],
			"scale": [0.625, 0.625, 0.625]
		},
		"head": {
			"translation": [0, 5.25, 0],
			"scale": [1.6, 1.6, 1.6]
		},
		"fixed": {
			"rotation": [90, -180, -180],
			"translation": [-16, 0, -20],
			"scale": [2, 2, 2]
		}
	},
	"groups": [
		{
			"name": "legs",
			"origin": [0, 0, 0],
			"children": [0, 1, 2, 3]
		},
		{
			"name": "pan",
			"origin": [0, 0, 0],
			"children": [4, 5, 6, 7, 8, 9, 10, 11, 12, 13, 14]
		},
		{
			"name": "seat",
			"origin": [0, 0, 0],
			"children": [15, 16, 17, 18, 19, 20, 21, 22, 23, 24, 25, 26, 27, 28, 29, 30, 31, 32, 33, 34]
		}
	]
}