{
	"credit": "Made by Gameboy612",
	"textures": {
		"1": "block/basalt_side",
		"2": "block/gold_block",
		"3": "block/iron_block",
		"4": "rpg/wand/fire_animation",
		"particle": "block/iron_block"
	},
	"elements": [
		{
			"name": "stick",
			"from": [7, -10, 7],
			"to": [9, 15, 9],
			"rotation": {"angle": 0, "axis": "y", "origin": [8, -6, 8]},
			"faces": {
				"north": {"uv": [6, 0, 8, 16], "texture": "#1"},
				"east": {"uv": [8, 0, 10, 16], "texture": "#1"},
				"south": {"uv": [12, 0, 14, 16], "texture": "#1"},
				"west": {"uv": [10, 0, 12, 16], "texture": "#1"},
				"up": {"uv": [0, 0, 2, 2], "texture": "#1"},
				"down": {"uv": [0, 2, 2, 4], "texture": "#1"}
			}
		},
		{
			"name": "Base",
			"from": [7, -15, 6],
			"to": [9, -13, 9],
			"rotation": {"angle": 0, "axis": "y", "origin": [8, -15, 8]},
			"faces": {
				"north": {"uv": [0, 0, 2, 2], "texture": "#1"},
				"east": {"uv": [0, 0, 3, 2], "texture": "#1"},
				"south": {"uv": [0, 0, 2, 2], "texture": "#1"},
				"west": {"uv": [0, 0, 3, 2], "texture": "#1"},
				"up": {"uv": [0, 0, 3, 2], "rotation": 90, "texture": "#1"},
				"down": {"uv": [0, 0, 3, 2], "rotation": 270, "texture": "#1"}
			}
		},
		{
			"name": "Base",
			"from": [7, -12, 6],
			"to": [9, -10, 9],
			"rotation": {"angle": 0, "axis": "y", "origin": [8, -12, 8]},
			"faces": {
				"north": {"uv": [0, 0, 2, 2], "texture": "#1"},
				"east": {"uv": [0, 0, 3, 2], "texture": "#1"},
				"south": {"uv": [0, 0, 2, 2], "texture": "#1"},
				"west": {"uv": [0, 0, 3, 2], "texture": "#1"},
				"up": {"uv": [0, 0, 3, 2], "rotation": 90, "texture": "#1"},
				"down": {"uv": [0, 0, 3, 2], "rotation": 270, "texture": "#1"}
			}
		},
		{
			"from": [7, -13, 6],
			"to": [9, -12, 8],
			"rotation": {"angle": 0, "axis": "y", "origin": [8, -23, 7]},
			"faces": {
				"north": {"uv": [0, 0, 2, 1], "texture": "#1"},
				"east": {"uv": [0, 0, 2, 1], "texture": "#1"},
				"south": {"uv": [0, 0, 2, 1], "texture": "#1"},
				"west": {"uv": [0, 0, 2, 1], "texture": "#1"},
				"up": {"uv": [0, 0, 2, 2], "rotation": 90, "texture": "#1"},
				"down": {"uv": [0, 0, 2, 2], "rotation": 270, "texture": "#1"}
			}
		},
		{
			"from": [7, 17, 7],
			"to": [9, 18, 9],
			"rotation": {"angle": 0, "axis": "y", "origin": [8, 8, 8]},
			"faces": {
				"north": {"uv": [0, 0, 2, 1], "texture": "#3"},
				"east": {"uv": [0, 0, 2, 1], "texture": "#3"},
				"south": {"uv": [0, 0, 2, 1], "texture": "#3"},
				"west": {"uv": [0, 0, 2, 1], "texture": "#3"},
				"up": {"uv": [0, 0, 2, 2], "texture": "#3"},
				"down": {"uv": [0, 0, 2, 2], "texture": "#3"}
			}
		},
		{
			"from": [6, 15, 7],
			"to": [10, 17, 9],
			"rotation": {"angle": 0, "axis": "y", "origin": [8, 6, 8]},
			"faces": {
				"north": {"uv": [0, 0, 4, 2], "texture": "#3"},
				"east": {"uv": [0, 0, 2, 2], "texture": "#3"},
				"south": {"uv": [0, 0, 4, 2], "texture": "#3"},
				"west": {"uv": [0, 0, 2, 2], "texture": "#3"},
				"up": {"uv": [0, 0, 4, 2], "texture": "#3"},
				"down": {"uv": [0, 0, 4, 2], "texture": "#3"}
			}
		},
		{
			"from": [7, 15, 9],
			"to": [9, 17, 10],
			"rotation": {"angle": 0, "axis": "y", "origin": [8, 6, 10]},
			"faces": {
				"north": {"uv": [0, 0, 2, 2], "texture": "#3"},
				"east": {"uv": [0, 0, 1, 2], "texture": "#3"},
				"south": {"uv": [0, 0, 2, 2], "texture": "#3"},
				"west": {"uv": [0, 0, 1, 2], "texture": "#3"},
				"up": {"uv": [0, 0, 2, 1], "texture": "#3"},
				"down": {"uv": [0, 0, 2, 1], "texture": "#3"}
			}
		},
		{
			"from": [7, 15, 6],
			"to": [9, 17, 7],
			"rotation": {"angle": 0, "axis": "y", "origin": [8, 6, 7]},
			"faces": {
				"north": {"uv": [0, 0, 2, 2], "texture": "#3"},
				"east": {"uv": [0, 0, 1, 2], "texture": "#3"},
				"south": {"uv": [0, 0, 2, 2], "texture": "#3"},
				"west": {"uv": [0, 0, 1, 2], "texture": "#3"},
				"up": {"uv": [0, 0, 2, 1], "texture": "#3"},
				"down": {"uv": [0, 0, 2, 1], "texture": "#3"}
			}
		},
		{
			"from": [6, 18, 7],
			"to": [7, 19, 9],
			"rotation": {"angle": 0, "axis": "y", "origin": [8, 19, 9]},
			"faces": {
				"north": {"uv": [0, 0, 1, 1], "texture": "#3"},
				"east": {"uv": [0, 0, 2, 1], "texture": "#3"},
				"south": {"uv": [0, 0, 1, 1], "texture": "#3"},
				"west": {"uv": [0, 0, 2, 1], "texture": "#3"},
				"up": {"uv": [0, 0, 1, 2], "texture": "#3"},
				"down": {"uv": [0, 0, 1, 2], "texture": "#3"}
			}
		},
		{
			"from": [9, 18, 7],
			"to": [10, 19, 9],
			"rotation": {"angle": 0, "axis": "y", "origin": [11, 19, 9]},
			"faces": {
				"north": {"uv": [0, 0, 1, 1], "texture": "#3"},
				"east": {"uv": [0, 0, 2, 1], "texture": "#3"},
				"south": {"uv": [0, 0, 1, 1], "texture": "#3"},
				"west": {"uv": [0, 0, 2, 1], "texture": "#3"},
				"up": {"uv": [0, 0, 1, 2], "texture": "#3"},
				"down": {"uv": [0, 0, 1, 2], "texture": "#3"}
			}
		},
		{
			"from": [7, 18, 9],
			"to": [9, 19, 10],
			"rotation": {"angle": 0, "axis": "y", "origin": [9, 19, 9]},
			"faces": {
				"north": {"uv": [0, 0, 2, 1], "texture": "#3"},
				"east": {"uv": [0, 0, 1, 1], "texture": "#3"},
				"south": {"uv": [0, 0, 2, 1], "texture": "#3"},
				"west": {"uv": [0, 0, 1, 1], "texture": "#3"},
				"up": {"uv": [0, 0, 2, 1], "texture": "#3"},
				"down": {"uv": [0, 0, 2, 1], "texture": "#3"}
			}
		},
		{
			"from": [7, 18, 6],
			"to": [9, 19, 7],
			"rotation": {"angle": 0, "axis": "y", "origin": [9, 19, 6]},
			"faces": {
				"north": {"uv": [0, 0, 2, 1], "texture": "#3"},
				"east": {"uv": [0, 0, 1, 1], "texture": "#3"},
				"south": {"uv": [0, 0, 2, 1], "texture": "#3"},
				"west": {"uv": [0, 0, 1, 1], "texture": "#3"},
				"up": {"uv": [0, 0, 2, 1], "texture": "#3"},
				"down": {"uv": [0, 0, 2, 1], "texture": "#3"}
			}
		},
		{
			"from": [9, 19, 9],
			"to": [10, 21, 10],
			"rotation": {"angle": 0, "axis": "y", "origin": [11, 20, 9]},
			"faces": {
				"north": {"uv": [0, 0, 1, 2], "texture": "#3"},
				"east": {"uv": [0, 0, 1, 2], "texture": "#3"},
				"south": {"uv": [0, 0, 1, 2], "texture": "#3"},
				"west": {"uv": [0, 0, 1, 2], "texture": "#3"},
				"up": {"uv": [0, 0, 1, 1], "texture": "#3"},
				"down": {"uv": [0, 0, 1, 1], "texture": "#3"}
			}
		},
		{
			"from": [9, 19, 6],
			"to": [10, 21, 7],
			"rotation": {"angle": 0, "axis": "y", "origin": [11, 20, 6]},
			"faces": {
				"north": {"uv": [0, 0, 1, 2], "texture": "#3"},
				"east": {"uv": [0, 0, 1, 2], "texture": "#3"},
				"south": {"uv": [0, 0, 1, 2], "texture": "#3"},
				"west": {"uv": [0, 0, 1, 2], "texture": "#3"},
				"up": {"uv": [0, 0, 1, 1], "texture": "#3"},
				"down": {"uv": [0, 0, 1, 1], "texture": "#3"}
			}
		},
		{
			"from": [6, 19, 6],
			"to": [7, 21, 7],
			"rotation": {"angle": 0, "axis": "y", "origin": [8, 20, 6]},
			"faces": {
				"north": {"uv": [0, 0, 1, 2], "texture": "#3"},
				"east": {"uv": [0, 0, 1, 2], "texture": "#3"},
				"south": {"uv": [0, 0, 1, 2], "texture": "#3"},
				"west": {"uv": [0, 0, 1, 2], "texture": "#3"},
				"up": {"uv": [0, 0, 1, 1], "texture": "#3"},
				"down": {"uv": [0, 0, 1, 1], "texture": "#3"}
			}
		},
		{
			"from": [6, 19, 9],
			"to": [7, 21, 10],
			"rotation": {"angle": 0, "axis": "y", "origin": [8, 20, 9]},
			"faces": {
				"north": {"uv": [0, 0, 1, 2], "texture": "#3"},
				"east": {"uv": [0, 0, 1, 2], "texture": "#3"},
				"south": {"uv": [0, 0, 1, 2], "texture": "#3"},
				"west": {"uv": [0, 0, 1, 2], "texture": "#3"},
				"up": {"uv": [0, 0, 1, 1], "texture": "#3"},
				"down": {"uv": [0, 0, 1, 1], "texture": "#3"}
			}
		},
		{
			"from": [9, 19, 7],
			"to": [11, 21, 9],
			"rotation": {"angle": 0, "axis": "y", "origin": [8, 20, 9]},
			"faces": {
				"north": {"uv": [0, 0, 2, 2], "texture": "#3"},
				"east": {"uv": [0, 0, 2, 2], "texture": "#3"},
				"south": {"uv": [0, 0, 2, 2], "texture": "#3"},
				"west": {"uv": [0, 0, 2, 2], "texture": "#3"},
				"up": {"uv": [0, 0, 2, 2], "texture": "#3"},
				"down": {"uv": [0, 0, 2, 2], "texture": "#3"}
			}
		},
		{
			"from": [5, 19, 7],
			"to": [7, 21, 9],
			"rotation": {"angle": 0, "axis": "y", "origin": [4, 20, 9]},
			"faces": {
				"north": {"uv": [0, 0, 2, 2], "texture": "#3"},
				"east": {"uv": [0, 0, 2, 2], "texture": "#3"},
				"south": {"uv": [0, 0, 2, 2], "texture": "#3"},
				"west": {"uv": [0, 0, 2, 2], "texture": "#3"},
				"up": {"uv": [0, 0, 2, 2], "texture": "#3"},
				"down": {"uv": [0, 0, 2, 2], "texture": "#3"}
			}
		},
		{
			"from": [4, 21, 6],
			"to": [6, 23, 10],
			"rotation": {"angle": 0, "axis": "y", "origin": [8, 22, 9]},
			"faces": {
				"north": {"uv": [0, 0, 2, 2], "texture": "#3"},
				"east": {"uv": [0, 0, 4, 2], "texture": "#3"},
				"south": {"uv": [0, 0, 2, 2], "texture": "#3"},
				"west": {"uv": [0, 0, 4, 2], "texture": "#3"},
				"up": {"uv": [0, 0, 2, 4], "texture": "#3"},
				"down": {"uv": [0, 0, 2, 4], "texture": "#3"}
			}
		},
		{
			"from": [3, 23, 6],
			"to": [5, 24, 10],
			"rotation": {"angle": 0, "axis": "y", "origin": [7, 24, 9]},
			"faces": {
				"north": {"uv": [0, 0, 2, 1], "texture": "#3"},
				"east": {"uv": [0, 0, 4, 1], "texture": "#3"},
				"south": {"uv": [0, 0, 2, 1], "texture": "#3"},
				"west": {"uv": [0, 0, 4, 1], "texture": "#3"},
				"up": {"uv": [0, 0, 2, 4], "texture": "#3"},
				"down": {"uv": [0, 0, 2, 4], "texture": "#3"}
			}
		},
		{
			"from": [10, 21, 6],
			"to": [12, 23, 10],
			"rotation": {"angle": 0, "axis": "y", "origin": [13, 22, 9]},
			"faces": {
				"north": {"uv": [0, 0, 2, 2], "texture": "#3"},
				"east": {"uv": [0, 0, 4, 2], "texture": "#3"},
				"south": {"uv": [0, 0, 2, 2], "texture": "#3"},
				"west": {"uv": [0, 0, 4, 2], "texture": "#3"},
				"up": {"uv": [0, 0, 2, 4], "texture": "#3"},
				"down": {"uv": [0, 0, 2, 4], "texture": "#3"}
			}
		},
		{
			"from": [11, 23, 6],
			"to": [13, 24, 10],
			"rotation": {"angle": 0, "axis": "y", "origin": [14, 24, 9]},
			"faces": {
				"north": {"uv": [0, 0, 2, 1], "texture": "#3"},
				"east": {"uv": [0, 0, 4, 1], "texture": "#3"},
				"south": {"uv": [0, 0, 2, 1], "texture": "#3"},
				"west": {"uv": [0, 0, 4, 1], "texture": "#3"},
				"up": {"uv": [0, 0, 2, 4], "texture": "#3"},
				"down": {"uv": [0, 0, 2, 4], "texture": "#3"}
			}
		},
		{
			"from": [7, 21, 6],
			"to": [9, 22, 10],
			"rotation": {"angle": 0, "axis": "y", "origin": [10, 22, 9]},
			"faces": {
				"north": {"uv": [0, 0, 2, 1], "texture": "#3"},
				"east": {"uv": [0, 0, 4, 1], "texture": "#3"},
				"south": {"uv": [0, 0, 2, 1], "texture": "#3"},
				"west": {"uv": [0, 0, 4, 1], "texture": "#3"},
				"up": {"uv": [0, 0, 2, 4], "texture": "#3"},
				"down": {"uv": [0, 0, 2, 4], "texture": "#3"}
			}
		},
		{
			"from": [7, 22, 7],
			"to": [9, 23, 9],
			"rotation": {"angle": 0, "axis": "y", "origin": [10, 23, 9]},
			"faces": {
				"north": {"uv": [0, 0, 2, 1], "texture": "#3"},
				"east": {"uv": [0, 0, 2, 1], "texture": "#3"},
				"south": {"uv": [0, 0, 2, 1], "texture": "#3"},
				"west": {"uv": [0, 0, 2, 1], "texture": "#3"},
				"up": {"uv": [0, 0, 2, 2], "texture": "#3"},
				"down": {"uv": [0, 0, 2, 2], "texture": "#3"}
			}
		},
		{
			"from": [6, 21, 7],
			"to": [7, 22, 9],
			"rotation": {"angle": 0, "axis": "y", "origin": [9, 22, 9]},
			"faces": {
				"north": {"uv": [0, 0, 1, 1], "texture": "#3"},
				"east": {"uv": [0, 0, 2, 1], "texture": "#3"},
				"south": {"uv": [0, 0, 1, 1], "texture": "#3"},
				"west": {"uv": [0, 0, 2, 1], "texture": "#3"},
				"up": {"uv": [0, 0, 1, 2], "texture": "#3"},
				"down": {"uv": [0, 0, 1, 2], "texture": "#3"}
			}
		},
		{
			"from": [9, 21, 7],
			"to": [10, 22, 9],
			"rotation": {"angle": 0, "axis": "y", "origin": [12, 22, 9]},
			"faces": {
				"north": {"uv": [0, 0, 1, 1], "texture": "#3"},
				"east": {"uv": [0, 0, 2, 1], "texture": "#3"},
				"south": {"uv": [0, 0, 1, 1], "texture": "#3"},
				"west": {"uv": [0, 0, 2, 1], "texture": "#3"},
				"up": {"uv": [0, 0, 1, 2], "texture": "#3"},
				"down": {"uv": [0, 0, 1, 2], "texture": "#3"}
			}
		},
		{
			"name": "crystal",
			"from": [7, 19, 7],
			"to": [9, 21, 9],
			"rotation": {"angle": 0, "axis": "y", "origin": [6, 20, 9]},
			"faces": {
				"north": {"uv": [0, 0, 2, 2], "texture": "#2"},
				"east": {"uv": [0, 0, 2, 2], "texture": "#2"},
				"south": {"uv": [0, 0, 2, 2], "texture": "#2"},
				"west": {"uv": [0, 0, 2, 2], "texture": "#2"},
				"up": {"uv": [0, 0, 2, 2], "texture": "#2"},
				"down": {"uv": [0, 0, 2, 2], "texture": "#2"}
			}
		},
		{
			"name": "animation",
			"from": [8, 23, 5],
			"to": [8, 29, 11],
			"rotation": {"angle": -45, "axis": "y", "origin": [8, 26, 8]},
			"faces": {
				"north": {"uv": [0, 0, 0, 6], "texture": "#4"},
				"east": {"uv": [0, 0, 6, 6], "texture": "#4"},
				"south": {"uv": [0, 0, 0, 6], "texture": "#4"},
				"west": {"uv": [0, 0, 6, 6], "texture": "#4"},
				"up": {"uv": [0, 6, 0, 0], "texture": "#4"},
				"down": {"uv": [0, 0, 0, 6], "texture": "#4"}
			}
		},
		{
			"name": "animation",
			"from": [5, 23, 8],
			"to": [11, 29, 8],
			"rotation": {"angle": -45, "axis": "y", "origin": [8, 26, 8]},
			"faces": {
				"north": {"uv": [0, 0, 6, 6], "texture": "#4"},
				"east": {"uv": [0, 0, 0, 6], "texture": "#4"},
				"south": {"uv": [0, 0, 6, 6], "texture": "#4"},
				"west": {"uv": [0, 0, 0, 6], "texture": "#4"},
				"up": {"uv": [0, 6, 0, 0], "rotation": 90, "texture": "#4"},
				"down": {"uv": [0, 0, 0, 6], "rotation": 270, "texture": "#4"}
			}
		}
	],
	"display": {
		"thirdperson_righthand": {
			"translation": [0, 4.25, 1.5],
			"scale": [0.75, 0.75, 0.75]
		},
		"thirdperson_lefthand": {
			"translation": [0, 4.25, 1.5],
			"scale": [0.75, 0.75, 0.75]
		},
		"firstperson_righthand": {
			"rotation": [152.68, 50.25, 164.56],
			"translation": [1.13, 4, -0.12],
			"scale": [0.68, 0.68, 0.68]
		},
		"firstperson_lefthand": {
			"rotation": [152.68, 50.25, 164.56],
			"translation": [1.13, 4, -0.12],
			"scale": [0.68, 0.68, 0.68]
		},
		"ground": {
			"rotation": [45, 45, 0],
			"translation": [0, 3.5, 0],
			"scale": [0.5, 0.5, 0.5]
		},
		"gui": {
			"rotation": [-28, -31, -45],
			"translation": [0, 0.5, 0],
			"scale": [0.625, 0.625, 0.625]
		},
		"head": {
			"translation": [0, -50, 0],
			"scale": [4, 4, 4]
		},
		"fixed": {
			"rotation": [0, 0, 45],
			"translation": [0, 0, -1.5]
		}
	},
	"groups": [
		{
			"name": "Handle",
			"origin": [0, 0, 0],
			"color": 0,
			"children": [
				0,
				{
					"name": "Base",
					"origin": [0, -16, -1],
					"color": 0,
					"children": [1, 2, 3]
				}
			]
		},
		{
			"name": "knees",
			"origin": [8, 8, 8],
			"color": 0,
			"children": [4, 5, 6, 7]
		},
		{
			"name": "neck",
			"origin": [8, 8, 8],
			"color": 0,
			"children": []
		},
		{
			"name": "shoulder",
			"origin": [8, 8, 8],
			"color": 0,
			"children": [8, 9, 10, 11, 12, 13, 14, 15, 16, 17, 18, 19, 20, 21, 22, 23, 24, 25]
		},
		26,
		27,
		28
	]
}