{
	"credit": "Made by lavafoxerex",
	"textures": {
		"0": "rpg/wand/poseidon",
		"particle": "rpg/wand/poseidon"
	},
	"elements": [
		{
			"from": [7.8125, -6.25, 7.8125],
			"to": [8.1875, 12.5, 8.1875],
			"rotation": {"angle": -45, "axis": "y", "origin": [8, 6, 8]},
			"faces": {
				"north": {"uv": [0, 0, 0.5, 16], "texture": "#0"},
				"east": {"uv": [0, 0, 0.5, 16], "texture": "#0"},
				"south": {"uv": [0, 0, 0.5, 16], "texture": "#0"},
				"west": {"uv": [0, 0, 0.5, 16], "texture": "#0"},
				"up": {"uv": [0, 0, 0.375, 0.375], "texture": "#0"},
				"down": {"uv": [0, 0, 0.375, 0.375], "texture": "#0"}
			}
		},
		{
			"from": [7.8125, 12, 7.77714],
			"to": [8.2375, 12.75, 8.20214],
			"rotation": {"angle": -45, "axis": "y", "origin": [8, 6, 7.96464]},
			"faces": {
				"north": {"uv": [1, 0, 1.5, 0.75], "texture": "#0"},
				"east": {"uv": [1.5, 0, 2, 0.75], "texture": "#0"},
				"south": {"uv": [2, 0, 2.5, 0.75], "texture": "#0"},
				"west": {"uv": [1, 0.5, 1.5, 1.25], "texture": "#0"},
				"up": {"uv": [1.5, 0.75, 2, 1.25], "texture": "#0"},
				"down": {"uv": [2, 0.75, 2.5, 1.25], "texture": "#0"}
			}
		},
		{
			"from": [7.8125, 12.75, 7.77714],
			"to": [8.2375, 13, 8.20214],
			"rotation": {"angle": -45, "axis": "y", "origin": [8, 6, 7.96464]},
			"faces": {
				"north": {"uv": [1, 1.25, 1.5, 1.5], "texture": "#0"},
				"east": {"uv": [1.5, 1.25, 2, 1.5], "texture": "#0"},
				"south": {"uv": [2, 1.25, 2.5, 1.5], "texture": "#0"},
				"west": {"uv": [1, 1.25, 1.5, 1.5], "texture": "#0"},
				"up": {"uv": [1.5, 1.25, 1.75, 1.5], "texture": "#0"},
				"down": {"uv": [2, 1.25, 2.25, 1.5], "texture": "#0"}
			}
		},
		{
			"from": [7.8125, -5.625, 7.77714],
			"to": [8.2375, -5.25, 8.20214],
			"rotation": {"angle": -45, "axis": "y", "origin": [8, 6, 7.96464]},
			"faces": {
				"north": {"uv": [1, 0, 1.5, 0.45], "texture": "#0"},
				"east": {"uv": [1.5, 0, 2, 0.45], "texture": "#0"},
				"south": {"uv": [2, 0, 2.5, 0.45], "texture": "#0"},
				"west": {"uv": [1, 0.5, 1.5, 0.95], "texture": "#0"},
				"up": {"uv": [1.5, 0.45, 2, 0.95], "texture": "#0"},
				"down": {"uv": [2, 0.45, 2.5, 0.95], "texture": "#0"}
			}
		},
		{
			"from": [7.8125, -7, 7.77714],
			"to": [8.2375, -6.25, 8.20214],
			"rotation": {"angle": -45, "axis": "y", "origin": [8, 6, 7.96464]},
			"faces": {
				"north": {"uv": [1, 0, 1.5, 1], "texture": "#0"},
				"east": {"uv": [1.5, 0, 2, 1], "texture": "#0"},
				"south": {"uv": [2, 0, 2.5, 1], "texture": "#0"},
				"west": {"uv": [1, 0.25, 1.5, 1.25], "texture": "#0"},
				"up": {"uv": [1.5, 0.75, 2, 1.25], "texture": "#0"},
				"down": {"uv": [1.75, 0, 2.25, 0.5], "texture": "#0"}
			}
		},
		{
			"from": [7.8375, -7.05, 7.80214],
			"to": [8.2125, -7, 8.17714],
			"rotation": {"angle": -45, "axis": "y", "origin": [8, 6, 7.96464]},
			"faces": {
				"north": {"uv": [1, 2.75, 1.5, 3], "rotation": 180, "texture": "#0"},
				"east": {"uv": [1, 2.75, 1.5, 3], "texture": "#0"},
				"south": {"uv": [1, 2.5, 1.5, 2.75], "texture": "#0"},
				"west": {"uv": [1, 2.5, 1.5, 2.75], "rotation": 180, "texture": "#0"},
				"up": {"uv": [1, 2.5, 1.5, 3], "texture": "#0"},
				"down": {"uv": [1, 2.5, 1.5, 3], "texture": "#0"}
			}
		},
		{
			"from": [7.8125, -6.125, 7.77714],
			"to": [8.2375, -6, 8.20214],
			"rotation": {"angle": -45, "axis": "y", "origin": [8, 6, 7.96464]},
			"faces": {
				"north": {"uv": [1, 0, 1.5, 0.25], "texture": "#0"},
				"east": {"uv": [1, 0, 1.5, 0.25], "texture": "#0"},
				"south": {"uv": [1, 0, 1.5, 0.25], "texture": "#0"},
				"west": {"uv": [1, 0, 1.5, 0.25], "texture": "#0"},
				"up": {"uv": [1.5, 0, 2, 0.5], "texture": "#0"},
				"down": {"uv": [2, 0, 2.5, 0.5], "texture": "#0"}
			}
		},
		{
			"from": [7.8125, -5.875, 7.77714],
			"to": [8.2375, -5.75, 8.20214],
			"rotation": {"angle": -45, "axis": "y", "origin": [8, 6, 7.96464]},
			"faces": {
				"north": {"uv": [1, 0, 1.5, 0.25], "texture": "#0"},
				"east": {"uv": [1, 0, 1.5, 0.25], "texture": "#0"},
				"south": {"uv": [1, 0, 1.5, 0.25], "texture": "#0"},
				"west": {"uv": [1, 0, 1.5, 0.25], "texture": "#0"},
				"up": {"uv": [1.5, 0, 2, 0.5], "texture": "#0"},
				"down": {"uv": [2, 0, 2.5, 0.5], "texture": "#0"}
			}
		},
		{
			"name": "rod",
			"from": [7.75, 13.375, 7.75],
			"to": [8.25, 18.1625, 8.25],
			"rotation": {"angle": 0, "axis": "y", "origin": [8, 15.76875, 8]},
			"faces": {
				"north": {"uv": [0, 0, 0.5, 5], "texture": "#0"},
				"east": {"uv": [0.5, 5, 1, 10], "texture": "#0"},
				"south": {"uv": [0.5, 0, 1, 5], "texture": "#0"},
				"west": {"uv": [0, 5, 0.5, 10], "texture": "#0"},
				"up": {"uv": [0, 0, 0.5, 0.5], "texture": "#0"},
				"down": {"uv": [0.5, 0, 1, 0.5], "texture": "#0"}
			}
		},
		{
			"from": [7.0375, 13.0848, 8.08757],
			"to": [7.625, 13.3348, 8.33757],
			"rotation": {"angle": -45, "axis": "x", "origin": [7.97374, 12.99723, 8]},
			"faces": {
				"north": {"uv": [0, 0.25, 0.5875, 0.5], "texture": "#0"},
				"east": {"uv": [0.25, 1, 0.5, 1.25], "rotation": 270, "texture": "#0"},
				"south": {"uv": [0, 0, 0.5875, 0.25], "texture": "#0"},
				"west": {"uv": [0, 1, 0.25, 1.25], "texture": "#0"},
				"up": {"uv": [0, 0.75, 0.5875, 1], "texture": "#0"},
				"down": {"uv": [0, 0.5, 0.5875, 0.75], "texture": "#0"}
			}
		},
		{
			"from": [8.375, 13.0848, 8.08757],
			"to": [8.9625, 13.3348, 8.33757],
			"rotation": {"angle": -45, "axis": "x", "origin": [8.02626, 12.99723, 8]},
			"faces": {
				"north": {"uv": [0, 0.25, 0.5875, 0.5], "texture": "#0"},
				"east": {"uv": [0.25, 1, 0.5, 1.25], "rotation": 270, "texture": "#0"},
				"south": {"uv": [0, 0, 0.5875, 0.25], "texture": "#0"},
				"west": {"uv": [0, 1, 0.25, 1.25], "texture": "#0"},
				"up": {"uv": [0, 0.75, 0.5875, 1], "texture": "#0"},
				"down": {"uv": [0, 0.5, 0.5875, 0.75], "texture": "#0"}
			}
		},
		{
			"from": [7.9, 13.1625, 7.625],
			"to": [8.2125, 13.475, 7.6875],
			"rotation": {"angle": -45, "axis": "z", "origin": [8, 13.375, 8]},
			"faces": {
				"north": {"uv": [1, 1.5, 1.5, 2], "rotation": 270, "texture": "#0"},
				"east": {"uv": [1, 1.5, 1.25, 2], "rotation": 180, "texture": "#0"},
				"south": {"uv": [1, 1.5, 1.5, 2], "texture": "#0"},
				"west": {"uv": [1.25, 1.5, 1.5, 2], "rotation": 180, "texture": "#0"},
				"up": {"uv": [1, 1.75, 1.5, 2], "rotation": 180, "texture": "#0"},
				"down": {"uv": [1, 1.5, 1.5, 1.75], "rotation": 180, "texture": "#0"}
			}
		},
		{
			"from": [7.9, 13.1625, 8.3125],
			"to": [8.2125, 13.475, 8.375],
			"rotation": {"angle": -45, "axis": "z", "origin": [8, 13.375, 8]},
			"faces": {
				"north": {"uv": [1, 1.5, 1.5, 2], "rotation": 270, "texture": "#0"},
				"east": {"uv": [1, 1.5, 1.25, 2], "rotation": 180, "texture": "#0"},
				"south": {"uv": [1, 1.5, 1.5, 2], "rotation": 180, "texture": "#0"},
				"west": {"uv": [1.25, 1.5, 1.5, 2], "rotation": 180, "texture": "#0"},
				"up": {"uv": [1, 1.75, 1.5, 2], "rotation": 180, "texture": "#0"},
				"down": {"uv": [1, 1.5, 1.5, 1.75], "rotation": 180, "texture": "#0"}
			}
		},
		{
			"from": [7.6875, 13, 7.6875],
			"to": [8.3125, 13.375, 8.3125],
			"rotation": {"angle": 0, "axis": "y", "origin": [8, 13.1875, 8]},
			"faces": {
				"north": {"uv": [2.5, 1, 3.5, 1.6], "texture": "#0"},
				"east": {"uv": [4.5, 0, 5.5, 0.6], "texture": "#0"},
				"south": {"uv": [4.5, 0.6, 5.5, 1.2], "texture": "#0"},
				"west": {"uv": [3.5, 0, 4.5, 0.6], "texture": "#0"},
				"up": {"uv": [2.5, 0, 3.5, 1], "texture": "#0"},
				"down": {"uv": [3.5, 0.6, 4.5, 1.6], "texture": "#0"}
			}
		},
		{
			"from": [7.625, 13.1625, 7.9],
			"to": [7.6875, 13.475, 8.2125],
			"rotation": {"angle": 45, "axis": "x", "origin": [8, 13.375, 8]},
			"faces": {
				"north": {"uv": [4.25, 1.75, 4.5, 2.25], "texture": "#0"},
				"east": {"uv": [4.25, 1.25, 4.75, 1.75], "texture": "#0"},
				"south": {"uv": [5.25, 1.25, 5.5, 1.75], "texture": "#0"},
				"west": {"uv": [4.75, 1.25, 5.25, 1.75], "texture": "#0"},
				"up": {"uv": [4.75, 1.75, 5, 2.25], "texture": "#0"},
				"down": {"uv": [5.25, 1.75, 5.5, 2.25], "texture": "#0"}
			}
		},
		{
			"from": [8.3125, 13.1625, 7.9],
			"to": [8.375, 13.475, 8.2125],
			"rotation": {"angle": 45, "axis": "x", "origin": [8.6875, 13.375, 8]},
			"faces": {
				"north": {"uv": [4.25, 1.75, 4.5, 2.25], "texture": "#0"},
				"east": {"uv": [4.25, 1.25, 4.75, 1.75], "texture": "#0"},
				"south": {"uv": [5.25, 1.25, 5.5, 1.75], "texture": "#0"},
				"west": {"uv": [4.75, 1.25, 5.25, 1.75], "texture": "#0"},
				"up": {"uv": [4.75, 1.75, 5, 2.25], "texture": "#0"},
				"down": {"uv": [5.25, 1.75, 5.5, 2.25], "texture": "#0"}
			}
		},
		{
			"from": [7.8375, 13.1625, 8.25],
			"to": [8.2125, 13.5375, 8.3125],
			"rotation": {"angle": -45, "axis": "z", "origin": [8, 13.375, 8]},
			"faces": {
				"north": {"uv": [2.5, 0, 3, 0.5], "texture": "#0"},
				"east": {"uv": [2.5, 0.5, 2.5875, 1], "texture": "#0"},
				"south": {"uv": [3, 0, 3.5, 0.5], "texture": "#0"},
				"west": {"uv": [2.75, 0.5, 2.8375, 1], "texture": "#0"},
				"up": {"uv": [3, 0.5, 3.0875, 1], "texture": "#0"},
				"down": {"uv": [3.25, 0.5, 3.3375, 1], "texture": "#0"}
			}
		},
		{
			"from": [7.8375, 13.1625, 7.6875],
			"to": [8.2125, 13.5375, 7.75],
			"rotation": {"angle": -45, "axis": "z", "origin": [8, 13.375, 8]},
			"faces": {
				"north": {"uv": [2.5, 0, 3, 0.5], "texture": "#0"},
				"east": {"uv": [2.5, 0.5, 2.5875, 1], "texture": "#0"},
				"south": {"uv": [3, 0, 3.5, 0.5], "texture": "#0"},
				"west": {"uv": [2.75, 0.5, 2.8375, 1], "texture": "#0"},
				"up": {"uv": [3, 0.5, 3.0875, 1], "texture": "#0"},
				"down": {"uv": [3.25, 0.5, 3.3375, 1], "texture": "#0"}
			}
		},
		{
			"from": [8.25, 13.1625, 7.8375],
			"to": [8.3125, 13.5375, 8.2125],
			"rotation": {"angle": 45, "axis": "x", "origin": [8, 13.375, 8]},
			"faces": {
				"north": {"uv": [2.5, 0.5, 2.5875, 1], "texture": "#0"},
				"east": {"uv": [2.5, 0, 3, 0.5], "texture": "#0"},
				"south": {"uv": [2.75, 0.5, 2.8375, 1], "texture": "#0"},
				"west": {"uv": [3, 0, 3.5, 0.5], "texture": "#0"},
				"up": {"uv": [3, 0.5, 3.0875, 1], "texture": "#0"},
				"down": {"uv": [3.25, 0.5, 3.3375, 1], "texture": "#0"}
			}
		},
		{
			"from": [7.6875, 13.1625, 7.8375],
			"to": [7.75, 13.5375, 8.2125],
			"rotation": {"angle": 45, "axis": "x", "origin": [8, 13.375, 8]},
			"faces": {
				"north": {"uv": [2.5, 0.5, 2.5875, 1], "texture": "#0"},
				"east": {"uv": [2.5, 0, 3, 0.5], "texture": "#0"},
				"south": {"uv": [2.75, 0.5, 2.8375, 1], "texture": "#0"},
				"west": {"uv": [3, 0, 3.5, 0.5], "texture": "#0"},
				"up": {"uv": [3, 0.5, 3.0875, 1], "texture": "#0"},
				"down": {"uv": [3.25, 0.5, 3.3375, 1], "texture": "#0"}
			}
		},
		{
			"from": [7.8625, 13.40214, 8.25],
			"to": [8.1375, 14.02714, 8.3125],
			"rotation": {"angle": 0, "axis": "y", "origin": [8, 13.33964, 8.28125]},
			"faces": {
				"north": {"uv": [2.75, 0, 3, 1.5], "texture": "#0"},
				"east": {"uv": [2.5, 1.5, 2.5875, 2], "texture": "#0"},
				"south": {"uv": [2.5, 0, 2.75, 1.5], "texture": "#0"},
				"west": {"uv": [2.75, 1.5, 2.8375, 2], "texture": "#0"},
				"up": {"uv": [3, 1.5, 3.0875, 2], "texture": "#0"},
				"down": {"uv": [3.25, 1.5, 3.3375, 2], "texture": "#0"}
			}
		},
		{
			"from": [7.3075, 14.1821, 8.25],
			"to": [7.5025, 14.3771, 8.3125],
			"rotation": {"angle": 45, "axis": "z", "origin": [8, 14.87464, 8.28125]},
			"faces": {
				"north": {"uv": [2.75, 0, 3, 0.25], "texture": "#0"},
				"east": {"uv": [2.5, 0.25, 2.5875, 0.75], "texture": "#0"},
				"south": {"uv": [2.5, 0, 2.75, 0.25], "texture": "#0"},
				"west": {"uv": [2.75, 0.25, 2.8375, 0.75], "texture": "#0"},
				"up": {"uv": [3, 0.25, 3.0875, 0.75], "texture": "#0"},
				"down": {"uv": [3.25, 0.25, 3.3375, 0.75], "texture": "#0"}
			}
		},
		{
			"from": [7.8625, 13.40214, 7.685],
			"to": [8.1375, 14.02714, 7.7475],
			"rotation": {"angle": 0, "axis": "y", "origin": [8, 13.33964, 7.70625]},
			"faces": {
				"north": {"uv": [2.75, 0, 3, 1.5], "texture": "#0"},
				"east": {"uv": [2.5, 1.5, 2.5875, 2], "texture": "#0"},
				"south": {"uv": [2.5, 0, 2.75, 1.5], "texture": "#0"},
				"west": {"uv": [2.75, 1.5, 2.8375, 2], "texture": "#0"},
				"up": {"uv": [3, 1.5, 3.0875, 2], "texture": "#0"},
				"down": {"uv": [3.25, 1.5, 3.3375, 2], "texture": "#0"}
			}
		},
		{
			"from": [7.3075, 14.1821, 7.685],
			"to": [7.5025, 14.3771, 7.7475],
			"rotation": {"angle": 45, "axis": "z", "origin": [8, 14.87464, 7.70625]},
			"faces": {
				"north": {"uv": [2.75, 0, 3, 0.25], "texture": "#0"},
				"east": {"uv": [2.5, 0.25, 2.5875, 0.75], "texture": "#0"},
				"south": {"uv": [2.5, 0, 2.75, 0.25], "texture": "#0"},
				"west": {"uv": [2.75, 0.25, 2.8375, 0.75], "texture": "#0"},
				"up": {"uv": [3, 0.25, 3.0875, 0.75], "texture": "#0"},
				"down": {"uv": [3.25, 0.25, 3.3375, 0.75], "texture": "#0"}
			}
		},
		{
			"from": [8.2525, 13.40214, 7.8625],
			"to": [8.315, 14.02714, 8.1375],
			"rotation": {"angle": 0, "axis": "y", "origin": [8, 13.33964, 8]},
			"faces": {
				"north": {"uv": [2.75, 1.5, 2.8375, 2], "texture": "#0"},
				"east": {"uv": [2.75, 0, 3, 1.5], "texture": "#0"},
				"south": {"uv": [2.5, 1.5, 2.5875, 2], "texture": "#0"},
				"west": {"uv": [2.5, 0, 2.75, 1.5], "texture": "#0"},
				"up": {"uv": [3, 1.5, 3.5, 1.5875], "texture": "#0"},
				"down": {"uv": [3.25, 1.5, 3.75, 1.5875], "texture": "#0"}
			}
		},
		{
			"from": [8.2525, 14.1821, 7.3075],
			"to": [8.315, 14.3771, 7.5025],
			"rotation": {"angle": -45, "axis": "x", "origin": [8, 14.87464, 8]},
			"faces": {
				"north": {"uv": [2.75, 0.25, 2.8375, 0.75], "texture": "#0"},
				"east": {"uv": [2.75, 0, 3, 0.25], "texture": "#0"},
				"south": {"uv": [2.5, 0.25, 2.5875, 0.75], "texture": "#0"},
				"west": {"uv": [2.5, 0, 2.75, 0.25], "texture": "#0"},
				"up": {"uv": [3, 0.25, 3.5, 0.3375], "texture": "#0"},
				"down": {"uv": [3.25, 0.25, 3.75, 0.3375], "texture": "#0"}
			}
		},
		{
			"from": [7.685, 13.40214, 7.8625],
			"to": [7.7475, 14.02714, 8.1375],
			"rotation": {"angle": 0, "axis": "y", "origin": [8, 13.33964, 8]},
			"faces": {
				"north": {"uv": [2.5, 1.5, 2.5875, 2], "texture": "#0"},
				"east": {"uv": [2.5, 0, 2.75, 1.5], "texture": "#0"},
				"south": {"uv": [2.75, 1.5, 2.8375, 2], "texture": "#0"},
				"west": {"uv": [2.75, 0, 3, 1.5], "texture": "#0"},
				"up": {"uv": [3, 1.75, 3.5, 1.8375], "texture": "#0"},
				"down": {"uv": [3, 1.5, 3.5, 1.5875], "texture": "#0"}
			}
		},
		{
			"from": [7.685, 14.1821, 8.4975],
			"to": [7.7475, 14.3771, 8.6925],
			"rotation": {"angle": 45, "axis": "x", "origin": [8, 14.87464, 8]},
			"faces": {
				"north": {"uv": [2.5, 0.25, 2.5875, 0.75], "texture": "#0"},
				"east": {"uv": [2.5, 0, 2.75, 0.25], "texture": "#0"},
				"south": {"uv": [2.75, 0.25, 2.8375, 0.75], "texture": "#0"},
				"west": {"uv": [2.75, 0, 3, 0.25], "texture": "#0"},
				"up": {"uv": [3, 0.25, 3.5, 0.3375], "texture": "#0"},
				"down": {"uv": [3.25, 0.25, 3.75, 0.3375], "texture": "#0"}
			}
		},
		{
			"from": [7.83306, 15.74969, 7.7],
			"to": [8.15806, 16.07469, 7.75],
			"rotation": {"angle": 45, "axis": "z", "origin": [8, 15.91663, 8]},
			"faces": {
				"north": {"uv": [0, 0, 0.5, 0.5], "texture": "#0"},
				"east": {"uv": [0, 1, 0.25, 1.5], "texture": "#0"},
				"south": {"uv": [0, 0.5, 0.5, 1], "texture": "#0"},
				"west": {"uv": [0.5, 0, 0.75, 0.5], "texture": "#0"},
				"up": {"uv": [0.5, 0.5, 0.75, 1], "texture": "#0"},
				"down": {"uv": [0.5, 1, 0.75, 1.5], "texture": "#0"}
			}
		},
		{
			"from": [7.83306, 15.74969, 8.25],
			"to": [8.15806, 16.07469, 8.3],
			"rotation": {"angle": 45, "axis": "z", "origin": [8, 15.91663, 8]},
			"faces": {
				"north": {"uv": [0, 0, 0.5, 0.5], "texture": "#0"},
				"east": {"uv": [0, 1, 0.25, 1.5], "texture": "#0"},
				"south": {"uv": [0, 0.5, 0.5, 1], "texture": "#0"},
				"west": {"uv": [0.5, 0, 0.75, 0.5], "texture": "#0"},
				"up": {"uv": [0.5, 0.5, 0.75, 1], "texture": "#0"},
				"down": {"uv": [0.5, 1, 0.75, 1.5], "texture": "#0"}
			}
		},
		{
			"from": [7.7, 15.74969, 7.83306],
			"to": [7.75, 16.07469, 8.15806],
			"rotation": {"angle": -45, "axis": "x", "origin": [8, 15.91663, 8]},
			"faces": {
				"north": {"uv": [0, 1, 0.25, 1.5], "texture": "#0"},
				"east": {"uv": [0, 0, 0.5, 0.5], "texture": "#0"},
				"south": {"uv": [0.5, 0, 0.75, 0.5], "texture": "#0"},
				"west": {"uv": [0, 0.5, 0.5, 1], "texture": "#0"},
				"up": {"uv": [0.5, 1, 0.75, 1.5], "texture": "#0"},
				"down": {"uv": [0.5, 0.5, 0.75, 1], "texture": "#0"}
			}
		},
		{
			"from": [8.25, 15.74969, 7.83306],
			"to": [8.3, 16.07469, 8.15806],
			"rotation": {"angle": -45, "axis": "x", "origin": [8, 15.91663, 8]},
			"faces": {
				"north": {"uv": [0, 1, 0.25, 1.5], "texture": "#0"},
				"east": {"uv": [0, 0, 0.5, 0.5], "texture": "#0"},
				"south": {"uv": [0.5, 0, 0.75, 0.5], "texture": "#0"},
				"west": {"uv": [0, 0.5, 0.5, 1], "texture": "#0"},
				"up": {"uv": [0.5, 1, 0.75, 1.5], "texture": "#0"},
				"down": {"uv": [0.5, 0.5, 0.75, 1], "texture": "#0"}
			}
		},
		{
			"from": [7.7125, 15.8125, 7.7125],
			"to": [8.2875, 16.0375, 8.2875],
			"rotation": {"angle": 0, "axis": "y", "origin": [8, 15.91663, 8]},
			"faces": {
				"north": {"uv": [5.25, 0.75, 6, 1], "texture": "#0"},
				"east": {"uv": [4.5, 1, 5.25, 1.25], "texture": "#0"},
				"south": {"uv": [5.25, 1, 6, 1.25], "texture": "#0"},
				"west": {"uv": [4.5, 0.75, 5.25, 1], "texture": "#0"},
				"up": {"uv": [4.5, 1.25, 5.25, 2], "texture": "#0"},
				"down": {"uv": [5.25, 1.25, 6, 2], "texture": "#0"}
			}
		},
		{
			"from": [7.7125, 15.75, 7.7125],
			"to": [8.2875, 15.7875, 8.2875],
			"rotation": {"angle": 0, "axis": "y", "origin": [8, 15.91663, 8]},
			"faces": {
				"north": {"uv": [5.25, 0.75, 6, 1], "texture": "#0"},
				"east": {"uv": [4.5, 1, 5.25, 1.25], "texture": "#0"},
				"south": {"uv": [5.25, 1, 6, 1.25], "texture": "#0"},
				"west": {"uv": [4.5, 0.75, 5.25, 1], "texture": "#0"},
				"up": {"uv": [4.5, 1.25, 5.25, 2], "texture": "#0"},
				"down": {"uv": [5.25, 1.25, 6, 2], "texture": "#0"}
			}
		},
		{
			"from": [7.7125, 16.0625, 7.7125],
			"to": [8.2875, 16.1, 8.2875],
			"rotation": {"angle": 0, "axis": "y", "origin": [8, 15.91663, 8]},
			"faces": {
				"north": {"uv": [5, 1.25, 5.75, 1.5], "texture": "#0"},
				"east": {"uv": [4.25, 1.5, 5, 1.75], "texture": "#0"},
				"south": {"uv": [5, 1.5, 5.75, 1.75], "texture": "#0"},
				"west": {"uv": [4.25, 1.25, 5, 1.5], "texture": "#0"},
				"up": {"uv": [4.25, 1.75, 5, 2.5], "texture": "#0"},
				"down": {"uv": [5, 1.75, 5.75, 2.5], "texture": "#0"}
			}
		},
		{
			"from": [7.8375, 18, 7.6875],
			"to": [8.2125, 18.375, 7.75],
			"rotation": {"angle": 45, "axis": "z", "origin": [8, 18.1625, 8]},
			"faces": {
				"north": {"uv": [2.5, 0, 3, 0.5], "texture": "#0"},
				"east": {"uv": [2.5, 0.5, 2.5875, 1], "texture": "#0"},
				"south": {"uv": [3, 0, 3.5, 0.5], "texture": "#0"},
				"west": {"uv": [2.75, 0.5, 2.8375, 1], "texture": "#0"},
				"up": {"uv": [3, 0.5, 3.0875, 1], "texture": "#0"},
				"down": {"uv": [3.25, 0.5, 3.3375, 1], "texture": "#0"}
			}
		},
		{
			"from": [7.9, 18.0625, 7.625],
			"to": [8.2125, 18.375, 7.6875],
			"rotation": {"angle": 45, "axis": "z", "origin": [8, 18.1625, 8]},
			"faces": {
				"north": {"uv": [1, 1.5, 1.5, 2], "rotation": 180, "texture": "#0"},
				"east": {"uv": [1.25, 1.5, 1.5, 2], "rotation": 180, "texture": "#0"},
				"south": {"uv": [1, 1.5, 1.5, 2], "texture": "#0"},
				"west": {"uv": [1, 1.5, 1.25, 2], "rotation": 180, "texture": "#0"},
				"up": {"uv": [1, 1.75, 1.5, 2], "texture": "#0"},
				"down": {"uv": [1, 1.5, 1.5, 1.75], "texture": "#0"}
			}
		},
		{
			"from": [7.9, 18.0625, 8.3125],
			"to": [8.2125, 18.375, 8.375],
			"rotation": {"angle": 45, "axis": "z", "origin": [8, 18.1625, 8]},
			"faces": {
				"north": {"uv": [1, 1.5, 1.5, 2], "rotation": 270, "texture": "#0"},
				"east": {"uv": [1.25, 1.5, 1.5, 2], "rotation": 180, "texture": "#0"},
				"south": {"uv": [1, 1.5, 1.5, 2], "rotation": 270, "texture": "#0"},
				"west": {"uv": [1, 1.5, 1.25, 2], "rotation": 180, "texture": "#0"},
				"up": {"uv": [1, 1.75, 1.5, 2], "texture": "#0"},
				"down": {"uv": [1, 1.5, 1.5, 1.75], "texture": "#0"}
			}
		},
		{
			"from": [7.8375, 18, 8.25],
			"to": [8.2125, 18.375, 8.3125],
			"rotation": {"angle": 45, "axis": "z", "origin": [8, 18.1625, 8]},
			"faces": {
				"north": {"uv": [2.5, 0, 3, 0.5], "texture": "#0"},
				"east": {"uv": [2.5, 0.5, 2.5875, 1], "texture": "#0"},
				"south": {"uv": [3, 0, 3.5, 0.5], "texture": "#0"},
				"west": {"uv": [2.75, 0.5, 2.8375, 1], "texture": "#0"},
				"up": {"uv": [3, 0.5, 3.0875, 1], "texture": "#0"},
				"down": {"uv": [3.25, 0.5, 3.3375, 1], "texture": "#0"}
			}
		},
		{
			"from": [7.625, 18.0625, 7.9],
			"to": [7.6875, 18.375, 8.2125],
			"rotation": {"angle": -45, "axis": "x", "origin": [8, 18.1625, 8]},
			"faces": {
				"north": {"uv": [1, 1.5, 1.25, 2], "rotation": 180, "texture": "#0"},
				"east": {"uv": [1, 1.5, 1.5, 2], "rotation": 180, "texture": "#0"},
				"south": {"uv": [1.25, 1.5, 1.5, 2], "rotation": 180, "texture": "#0"},
				"west": {"uv": [1, 1.5, 1.5, 2], "rotation": 270, "texture": "#0"},
				"up": {"uv": [1.25, 1.5, 1.5, 2], "texture": "#0"},
				"down": {"uv": [1, 1.5, 1.25, 2], "rotation": 180, "texture": "#0"}
			}
		},
		{
			"from": [8.3125, 18.0625, 7.9],
			"to": [8.375, 18.375, 8.2125],
			"rotation": {"angle": -45, "axis": "x", "origin": [8.6875, 18.1625, 8]},
			"faces": {
				"north": {"uv": [1, 1.5, 1.25, 2], "rotation": 180, "texture": "#0"},
				"east": {"uv": [1, 1.5, 1.5, 2], "rotation": 180, "texture": "#0"},
				"south": {"uv": [1.25, 1.5, 1.5, 2], "rotation": 180, "texture": "#0"},
				"west": {"uv": [1, 1.5, 1.5, 2], "rotation": 180, "texture": "#0"},
				"up": {"uv": [1.25, 1.5, 1.5, 2], "texture": "#0"},
				"down": {"uv": [1, 1.5, 1.25, 2], "rotation": 180, "texture": "#0"}
			}
		},
		{
			"from": [7.6875, 18, 7.8375],
			"to": [7.75, 18.375, 8.2125],
			"rotation": {"angle": -45, "axis": "x", "origin": [8, 18.1625, 8]},
			"faces": {
				"north": {"uv": [2.5, 0.5, 2.5875, 1], "texture": "#0"},
				"east": {"uv": [2.5, 0, 3, 0.5], "texture": "#0"},
				"south": {"uv": [2.75, 0.5, 2.8375, 1], "texture": "#0"},
				"west": {"uv": [3, 0, 3.5, 0.5], "texture": "#0"},
				"up": {"uv": [3, 0.5, 3.0875, 1], "texture": "#0"},
				"down": {"uv": [3.25, 0.5, 3.3375, 1], "texture": "#0"}
			}
		},
		{
			"from": [8.25, 18, 7.8375],
			"to": [8.3125, 18.375, 8.2125],
			"rotation": {"angle": -45, "axis": "x", "origin": [8, 18.1625, 8]},
			"faces": {
				"north": {"uv": [2.5, 0.5, 2.5875, 1], "texture": "#0"},
				"east": {"uv": [2.5, 0, 3, 0.5], "texture": "#0"},
				"south": {"uv": [2.75, 0.5, 2.8375, 1], "texture": "#0"},
				"west": {"uv": [3, 0, 3.5, 0.5], "texture": "#0"},
				"up": {"uv": [3, 0.5, 3.0875, 1], "texture": "#0"},
				"down": {"uv": [3.25, 0.5, 3.3375, 1], "texture": "#0"}
			}
		},
		{
			"from": [7.6875, 18.1625, 7.6875],
			"to": [8.3125, 18.5375, 8.3125],
			"rotation": {"angle": 0, "axis": "y", "origin": [8, 18.35, 8]},
			"faces": {
				"north": {"uv": [2.5, 1, 3.5, 1.6], "texture": "#0"},
				"east": {"uv": [4.5, 0, 5.5, 0.6], "texture": "#0"},
				"south": {"uv": [4.5, 0.6, 5.5, 1.2], "texture": "#0"},
				"west": {"uv": [3.5, 0, 4.5, 0.6], "texture": "#0"},
				"up": {"uv": [2.5, 0, 3.5, 1], "texture": "#0"},
				"down": {"uv": [3.5, 0.6, 4.5, 1.6], "texture": "#0"}
			}
		},
		{
			"from": [7.8625, 16.90214, 8.25],
			"to": [8.1375, 18.27714, 8.3125],
			"rotation": {"angle": 0, "axis": "y", "origin": [8, 18.33964, 8]},
			"faces": {
				"north": {"uv": [2.75, 0, 3, 1.5], "rotation": 180, "texture": "#0"},
				"east": {"uv": [2.75, 1.5, 2.8375, 2], "rotation": 180, "texture": "#0"},
				"south": {"uv": [2.5, 0, 2.75, 1.5], "rotation": 180, "texture": "#0"},
				"west": {"uv": [2.5, 1.5, 2.5875, 2], "rotation": 180, "texture": "#0"},
				"up": {"uv": [3.25, 1.5, 3.3375, 2], "rotation": 180, "texture": "#0"},
				"down": {"uv": [3, 1.5, 3.0875, 2], "rotation": 180, "texture": "#0"}
			}
		},
		{
			"from": [7.9725, 16.77719, 8.25],
			"to": [8.1675, 16.97219, 8.3125],
			"rotation": {"angle": 45, "axis": "z", "origin": [8, 16.80464, 8]},
			"faces": {
				"north": {"uv": [2.75, 0, 3, 0.25], "rotation": 180, "texture": "#0"},
				"east": {"uv": [2.75, 0.25, 2.8375, 0.75], "rotation": 180, "texture": "#0"},
				"south": {"uv": [2.5, 0, 2.75, 0.25], "rotation": 180, "texture": "#0"},
				"west": {"uv": [2.5, 0.25, 2.5875, 0.75], "rotation": 180, "texture": "#0"},
				"up": {"uv": [3.25, 0.25, 3.3375, 0.75], "rotation": 180, "texture": "#0"},
				"down": {"uv": [3, 0.25, 3.0875, 0.75], "rotation": 180, "texture": "#0"}
			}
		},
		{
			"from": [7.8625, 16.90214, 7.685],
			"to": [8.1375, 18.27714, 7.7475],
			"rotation": {"angle": 0, "axis": "y", "origin": [8, 18.33964, 8]},
			"faces": {
				"north": {"uv": [2.75, 0, 3, 1.5], "rotation": 180, "texture": "#0"},
				"east": {"uv": [2.75, 1.5, 2.8375, 2], "rotation": 180, "texture": "#0"},
				"south": {"uv": [2.5, 0, 2.75, 1.5], "rotation": 180, "texture": "#0"},
				"west": {"uv": [2.5, 1.5, 2.5875, 2], "rotation": 180, "texture": "#0"},
				"up": {"uv": [3.25, 1.5, 3.3375, 2], "rotation": 180, "texture": "#0"},
				"down": {"uv": [3, 1.5, 3.0875, 2], "rotation": 180, "texture": "#0"}
			}
		},
		{
			"from": [7.9725, 16.77719, 7.685],
			"to": [8.1675, 16.97219, 7.7475],
			"rotation": {"angle": 45, "axis": "z", "origin": [8, 16.80464, 8]},
			"faces": {
				"north": {"uv": [2.75, 0, 3, 0.25], "rotation": 180, "texture": "#0"},
				"east": {"uv": [2.75, 0.25, 2.8375, 0.75], "rotation": 180, "texture": "#0"},
				"south": {"uv": [2.5, 0, 2.75, 0.25], "rotation": 180, "texture": "#0"},
				"west": {"uv": [2.5, 0.25, 2.5875, 0.75], "rotation": 180, "texture": "#0"},
				"up": {"uv": [3.25, 0.25, 3.3375, 0.75], "rotation": 180, "texture": "#0"},
				"down": {"uv": [3, 0.25, 3.0875, 0.75], "rotation": 180, "texture": "#0"}
			}
		},
		{
			"from": [7.685, 16.90214, 7.8625],
			"to": [7.7475, 18.27714, 8.1375],
			"rotation": {"angle": 0, "axis": "y", "origin": [8, 18.33964, 8]},
			"faces": {
				"north": {"uv": [2.75, 1.5, 2.8375, 2], "rotation": 180, "texture": "#0"},
				"east": {"uv": [2.5, 0, 2.75, 1.5], "rotation": 180, "texture": "#0"},
				"south": {"uv": [2.5, 1.5, 2.5875, 2], "rotation": 180, "texture": "#0"},
				"west": {"uv": [2.75, 0, 3, 1.5], "rotation": 180, "texture": "#0"},
				"up": {"uv": [3.25, 1.5, 3.75, 1.5875], "rotation": 180, "texture": "#0"},
				"down": {"uv": [3, 1.5, 3.5, 1.5875], "rotation": 180, "texture": "#0"}
			}
		},
		{
			"from": [7.685, 16.77719, 7.8325],
			"to": [7.7475, 16.97219, 8.0275],
			"rotation": {"angle": 45, "axis": "x", "origin": [8, 16.80464, 8]},
			"faces": {
				"north": {"uv": [2.75, 0.25, 2.8375, 0.75], "rotation": 180, "texture": "#0"},
				"east": {"uv": [2.5, 0, 2.75, 0.25], "rotation": 180, "texture": "#0"},
				"south": {"uv": [2.5, 0.25, 2.5875, 0.75], "rotation": 180, "texture": "#0"},
				"west": {"uv": [2.75, 0, 3, 0.25], "rotation": 180, "texture": "#0"},
				"up": {"uv": [3.25, 0.25, 3.75, 0.3375], "rotation": 180, "texture": "#0"},
				"down": {"uv": [3, 0.25, 3.5, 0.3375], "rotation": 180, "texture": "#0"}
			}
		},
		{
			"from": [8.2525, 16.90214, 7.8625],
			"to": [8.315, 18.27714, 8.1375],
			"rotation": {"angle": 0, "axis": "y", "origin": [8, 18.33964, 8]},
			"faces": {
				"north": {"uv": [2.5, 1.5, 2.5875, 2], "rotation": 180, "texture": "#0"},
				"east": {"uv": [2.75, 0, 3, 1.5], "rotation": 180, "texture": "#0"},
				"south": {"uv": [2.75, 1.5, 2.8375, 2], "rotation": 180, "texture": "#0"},
				"west": {"uv": [2.5, 0, 2.75, 1.5], "rotation": 180, "texture": "#0"},
				"up": {"uv": [3, 1.5, 3.5, 1.5875], "rotation": 180, "texture": "#0"},
				"down": {"uv": [3, 1.75, 3.5, 1.8375], "rotation": 180, "texture": "#0"}
			}
		},
		{
			"from": [8.2525, 16.77719, 7.9725],
			"to": [8.315, 16.97219, 8.1675],
			"rotation": {"angle": -45, "axis": "x", "origin": [8, 16.80464, 8]},
			"faces": {
				"north": {"uv": [2.5, 0.25, 2.5875, 0.75], "rotation": 180, "texture": "#0"},
				"east": {"uv": [2.75, 0, 3, 0.25], "rotation": 180, "texture": "#0"},
				"south": {"uv": [2.75, 0.25, 2.8375, 0.75], "rotation": 180, "texture": "#0"},
				"west": {"uv": [2.5, 0, 2.75, 0.25], "rotation": 180, "texture": "#0"},
				"up": {"uv": [3.25, 0.25, 3.75, 0.3375], "rotation": 180, "texture": "#0"},
				"down": {"uv": [3, 0.25, 3.5, 0.3375], "rotation": 180, "texture": "#0"}
			}
		},
		{
			"from": [8.56795, 13.13071, 7.75],
			"to": [9.06795, 14.51821, 8.25],
			"rotation": {"angle": -22.5, "axis": "z", "origin": [8.02626, 12.49723, 8]},
			"faces": {
				"north": {"uv": [0.5, 0, 1, 1.3875], "texture": "#0"},
				"east": {"uv": [2.5, 0, 3, 1.3875], "texture": "#0"},
				"south": {"uv": [0, 1.5, 0.5, 2.8875], "texture": "#0"},
				"west": {"uv": [0, 0, 0.5, 1.3875], "texture": "#0"},
				"up": {"uv": [0.5, 1.5, 1, 2], "texture": "#0"},
				"down": {"uv": [0.5, 2, 1, 2.5], "texture": "#0"}
			}
		},
		{
			"from": [9.2625, 13.9625, 7.75],
			"to": [9.7625, 17.4125, 8.25],
			"rotation": {"angle": 0, "axis": "y", "origin": [8.02626, 12.49723, 8]},
			"faces": {
				"north": {"uv": [0, 0, 0.5, 3.45], "texture": "#0"},
				"east": {"uv": [2.5, 0, 3, 3.45], "texture": "#0"},
				"south": {"uv": [0.5, 0, 1, 3.45], "texture": "#0"},
				"west": {"uv": [0.5, 3.5, 1, 6.95], "texture": "#0"},
				"up": {"uv": [2.5, 0, 3, 0.5], "texture": "#0"},
				"down": {"uv": [2.5, 0.5, 3, 1], "texture": "#0"}
			}
		},
		{
			"from": [8.81795, 13.25571, 8.25],
			"to": [9.06795, 14.51821, 8.3125],
			"rotation": {"angle": -22.5, "axis": "z", "origin": [8.02626, 12.49723, 8]},
			"faces": {
				"north": {"uv": [2.5, 0, 2.75, 1.2625], "texture": "#0"},
				"east": {"uv": [3, 0, 3.0625, 1.2625], "texture": "#0"},
				"south": {"uv": [2.75, 0, 3, 1.2625], "texture": "#0"},
				"west": {"uv": [3.25, 0, 3.3125, 1.2625], "texture": "#0"},
				"up": {"uv": [2.5, 1.25, 2.75, 1.3125], "texture": "#0"},
				"down": {"uv": [2.75, 1.25, 3, 1.3125], "texture": "#0"}
			}
		},
		{
			"from": [9.5125, 13.9625, 8.25],
			"to": [9.7625, 17.4125, 8.3125],
			"rotation": {"angle": 0, "axis": "y", "origin": [8.02626, 12.49723, 8]},
			"faces": {
				"north": {"uv": [4, 0, 4.25, 3.45], "texture": "#0"},
				"east": {"uv": [3.5, 0, 3.5625, 3.45], "texture": "#0"},
				"south": {"uv": [3.75, 0, 4, 3.45], "texture": "#0"},
				"west": {"uv": [3.25, 0, 3.3125, 3.45], "texture": "#0"},
				"up": {"uv": [2.75, 0, 3, 0.0625], "texture": "#0"},
				"down": {"uv": [2.75, 0.25, 3, 0.3125], "texture": "#0"}
			}
		},
		{
			"from": [8.81795, 13.25571, 7.6875],
			"to": [9.06795, 14.51821, 7.75],
			"rotation": {"angle": -22.5, "axis": "z", "origin": [8.02626, 12.49723, 8]},
			"faces": {
				"north": {"uv": [2.5, 0, 2.75, 1.2625], "texture": "#0"},
				"east": {"uv": [3, 0, 3.0625, 1.2625], "texture": "#0"},
				"south": {"uv": [2.75, 0, 3, 1.2625], "texture": "#0"},
				"west": {"uv": [3.25, 0, 3.3125, 1.2625], "texture": "#0"},
				"up": {"uv": [2.5, 1.25, 2.75, 1.3125], "texture": "#0"},
				"down": {"uv": [2.75, 1.25, 3, 1.3125], "texture": "#0"}
			}
		},
		{
			"from": [9.5125, 13.9625, 7.6875],
			"to": [9.7625, 17.4125, 7.75],
			"rotation": {"angle": 0, "axis": "y", "origin": [8.02626, 12.49723, 8]},
			"faces": {
				"north": {"uv": [4, 0, 4.25, 3.45], "texture": "#0"},
				"east": {"uv": [3.5, 0, 3.5625, 3.45], "texture": "#0"},
				"south": {"uv": [3.75, 0, 4, 3.45], "texture": "#0"},
				"west": {"uv": [3.25, 0, 3.3125, 3.45], "texture": "#0"},
				"up": {"uv": [2.75, 0, 3, 0.0625], "texture": "#0"},
				"down": {"uv": [2.75, 0.25, 3, 0.3125], "texture": "#0"}
			}
		},
		{
			"from": [8.24856, 13.15075, 7.6875],
			"to": [8.74856, 13.65075, 8.3125],
			"rotation": {"angle": -45, "axis": "z", "origin": [8.02626, 12.49723, 8]},
			"faces": {
				"north": {"uv": [4.75, 0.75, 5.25, 1.25], "texture": "#0"},
				"east": {"uv": [4, 1.25, 4.75, 1.75], "texture": "#0"},
				"south": {"uv": [4.75, 1.25, 5.25, 1.75], "texture": "#0"},
				"west": {"uv": [4, 0.75, 4.75, 1.25], "texture": "#0"},
				"up": {"uv": [5.25, 1.25, 5.75, 1.75], "texture": "#0"},
				"down": {"uv": [5.25, 0.75, 5.75, 1.25], "texture": "#0"}
			}
		},
		{
			"from": [8.79911, 12.60214, 7.6375],
			"to": [9.19911, 13.00214, 7.6875],
			"rotation": {"angle": -45, "axis": "z", "origin": [8.99911, 12.80214, 7.6625]},
			"faces": {
				"north": {"uv": [1, 2, 1.5, 2.5], "rotation": 270, "texture": "#0"},
				"east": {"uv": [1, 2, 1.25, 2.5], "rotation": 180, "texture": "#0"},
				"south": {"uv": [1, 2, 1.5, 2.5], "rotation": 180, "texture": "#0"},
				"west": {"uv": [1.25, 2, 1.5, 2.5], "rotation": 180, "texture": "#0"},
				"up": {"uv": [1, 2.25, 1.5, 2.5], "rotation": 180, "texture": "#0"},
				"down": {"uv": [1, 2, 1.5, 2.25], "rotation": 180, "texture": "#0"}
			}
		},
		{
			"from": [8.29856, 13.20075, 8.3125],
			"to": [8.69856, 13.60075, 8.3625],
			"rotation": {"angle": -45, "axis": "z", "origin": [8.02626, 12.49723, 8]},
			"faces": {
				"north": {"uv": [1, 2, 1.5, 2.5], "rotation": 180, "texture": "#0"},
				"east": {"uv": [1, 2, 1.25, 2.5], "rotation": 180, "texture": "#0"},
				"south": {"uv": [1, 2, 1.5, 2.5], "rotation": 180, "texture": "#0"},
				"west": {"uv": [1.25, 2, 1.5, 2.5], "rotation": 180, "texture": "#0"},
				"up": {"uv": [1, 2.25, 1.5, 2.5], "rotation": 180, "texture": "#0"},
				"down": {"uv": [1, 2, 1.5, 2.25], "rotation": 180, "texture": "#0"}
			}
		},
		{
			"from": [10.79932, 15.41843, 7.6875],
			"to": [11.17432, 15.79343, 7.75],
			"rotation": {"angle": 45, "axis": "z", "origin": [8.02626, 14.74723, 8]},
			"faces": {
				"north": {"uv": [2.5, 0, 3, 0.5], "texture": "#0"},
				"east": {"uv": [2.5, 0.5, 2.5875, 1], "texture": "#0"},
				"south": {"uv": [3, 0, 3.5, 0.5], "texture": "#0"},
				"west": {"uv": [2.75, 0.5, 2.8375, 1], "texture": "#0"},
				"up": {"uv": [3, 0.5, 3.0875, 1], "texture": "#0"},
				"down": {"uv": [3.25, 0.5, 3.3375, 1], "texture": "#0"}
			}
		},
		{
			"from": [10.79932, 15.41843, 8.25],
			"to": [11.17432, 15.79343, 8.3125],
			"rotation": {"angle": 45, "axis": "z", "origin": [8.02626, 14.74723, 8]},
			"faces": {
				"north": {"uv": [2.5, 0, 3, 0.5], "texture": "#0"},
				"east": {"uv": [2.5, 0.5, 2.5875, 1], "texture": "#0"},
				"south": {"uv": [3, 0, 3.5, 0.5], "texture": "#0"},
				"west": {"uv": [2.75, 0.5, 2.8375, 1], "texture": "#0"},
				"up": {"uv": [3, 0.5, 3.0875, 1], "texture": "#0"},
				"down": {"uv": [3.25, 0.5, 3.3375, 1], "texture": "#0"}
			}
		},
		{
			"from": [9.2, 16.46936, 9.72213],
			"to": [9.2625, 16.84436, 10.09713],
			"rotation": {"angle": -45, "axis": "x", "origin": [8.02626, 14.74723, 8]},
			"faces": {
				"north": {"uv": [2.5, 0.5, 2.5875, 1], "texture": "#0"},
				"east": {"uv": [2.5, 0, 3, 0.5], "texture": "#0"},
				"south": {"uv": [2.75, 0.5, 2.8375, 1], "texture": "#0"},
				"west": {"uv": [3, 0, 3.5, 0.5], "texture": "#0"},
				"up": {"uv": [3, 0.5, 3.0875, 1], "texture": "#0"},
				"down": {"uv": [3.25, 0.5, 3.3375, 1], "texture": "#0"}
			}
		},
		{
			"from": [9.7625, 16.46936, 9.72213],
			"to": [9.825, 16.84436, 10.09713],
			"rotation": {"angle": -45, "axis": "x", "origin": [8.02626, 14.74723, 8]},
			"faces": {
				"north": {"uv": [2.5, 0.5, 2.5875, 1], "texture": "#0"},
				"east": {"uv": [2.5, 0, 3, 0.5], "texture": "#0"},
				"south": {"uv": [2.75, 0.5, 2.8375, 1], "texture": "#0"},
				"west": {"uv": [3, 0, 3.5, 0.5], "texture": "#0"},
				"up": {"uv": [3, 0.5, 3.0875, 1], "texture": "#0"},
				"down": {"uv": [3.25, 0.5, 3.3375, 1], "texture": "#0"}
			}
		},
		{
			"from": [9.2, 17.4125, 7.6875],
			"to": [9.825, 17.7875, 8.3125],
			"rotation": {"angle": 0, "axis": "y", "origin": [8.02626, 14.74723, 8]},
			"faces": {
				"north": {"uv": [2.5, 1, 3.5, 1.6], "texture": "#0"},
				"east": {"uv": [4.5, 0, 5.5, 0.6], "texture": "#0"},
				"south": {"uv": [4.5, 0.6, 5.5, 1.2], "texture": "#0"},
				"west": {"uv": [3.5, 0, 4.5, 0.6], "texture": "#0"},
				"up": {"uv": [2.5, 0, 3.5, 1], "texture": "#0"},
				"down": {"uv": [3.5, 0.6, 4.5, 1.6], "texture": "#0"}
			}
		},
		{
			"from": [6.93205, 13.13071, 7.75],
			"to": [7.43205, 14.51821, 8.25],
			"rotation": {"angle": 22.5, "axis": "z", "origin": [7.97374, 12.49723, 8]},
			"faces": {
				"north": {"uv": [0.5, 0, 1, 1.3875], "texture": "#0"},
				"east": {"uv": [0, 0, 0.5, 1.3875], "texture": "#0"},
				"south": {"uv": [0, 1.5, 0.5, 2.8875], "texture": "#0"},
				"west": {"uv": [2.5, 0, 3, 1.3875], "texture": "#0"},
				"up": {"uv": [0.5, 1.5, 1, 2], "texture": "#0"},
				"down": {"uv": [0.5, 2, 1, 2.5], "texture": "#0"}
			}
		},
		{
			"from": [6.2375, 13.9625, 7.75],
			"to": [6.7375, 17.4125, 8.25],
			"rotation": {"angle": 0, "axis": "y", "origin": [7.97374, 12.49723, 8]},
			"faces": {
				"north": {"uv": [0, 0, 0.5, 3.45], "texture": "#0"},
				"east": {"uv": [0.5, 3.25, 1, 6.7], "texture": "#0"},
				"south": {"uv": [0.5, 0, 1, 3.45], "texture": "#0"},
				"west": {"uv": [2.5, 0, 3, 3.45], "texture": "#0"},
				"up": {"uv": [2.5, 0, 3, 0.5], "texture": "#0"},
				"down": {"uv": [2.5, 0.5, 3, 1], "texture": "#0"}
			}
		},
		{
			"from": [6.93205, 13.25571, 7.6875],
			"to": [7.18205, 14.51821, 7.75],
			"rotation": {"angle": 22.5, "axis": "z", "origin": [7.97374, 12.49723, 8]},
			"faces": {
				"north": {"uv": [2.5, 0, 2.75, 1.2625], "texture": "#0"},
				"east": {"uv": [3, 0, 3.0625, 1.2625], "texture": "#0"},
				"south": {"uv": [2.75, 0, 3, 1.2625], "texture": "#0"},
				"west": {"uv": [3.25, 0, 3.3125, 1.2625], "texture": "#0"},
				"up": {"uv": [2.5, 1.25, 2.75, 1.3125], "texture": "#0"},
				"down": {"uv": [2.75, 1.25, 3, 1.3125], "texture": "#0"}
			}
		},
		{
			"from": [6.2375, 13.9625, 7.6875],
			"to": [6.4875, 17.4125, 7.75],
			"rotation": {"angle": 0, "axis": "y", "origin": [7.97374, 12.49723, 8]},
			"faces": {
				"north": {"uv": [4, 0, 4.25, 3.45], "texture": "#0"},
				"east": {"uv": [3.5, 0, 3.5625, 3.45], "texture": "#0"},
				"south": {"uv": [3.75, 0, 4, 3.45], "texture": "#0"},
				"west": {"uv": [3.25, 0, 3.3125, 3.45], "texture": "#0"},
				"up": {"uv": [2.75, 0, 3, 0.0625], "texture": "#0"},
				"down": {"uv": [2.75, 0.25, 3, 0.3125], "texture": "#0"}
			}
		},
		{
			"from": [6.93205, 13.25571, 8.25],
			"to": [7.18205, 14.51821, 8.3125],
			"rotation": {"angle": 22.5, "axis": "z", "origin": [7.97374, 12.49723, 8]},
			"faces": {
				"north": {"uv": [2.5, 0, 2.75, 1.2625], "texture": "#0"},
				"east": {"uv": [3, 0, 3.0625, 1.2625], "texture": "#0"},
				"south": {"uv": [2.75, 0, 3, 1.2625], "texture": "#0"},
				"west": {"uv": [3.25, 0, 3.3125, 1.2625], "texture": "#0"},
				"up": {"uv": [2.5, 1.25, 2.75, 1.3125], "texture": "#0"},
				"down": {"uv": [2.75, 1.25, 3, 1.3125], "texture": "#0"}
			}
		},
		{
			"from": [6.2375, 13.9625, 8.25],
			"to": [6.4875, 17.4125, 8.3125],
			"rotation": {"angle": 0, "axis": "y", "origin": [7.97374, 12.49723, 8]},
			"faces": {
				"north": {"uv": [4, 0, 4.25, 3.45], "texture": "#0"},
				"east": {"uv": [3.5, 0, 3.5625, 3.45], "texture": "#0"},
				"south": {"uv": [3.75, 0, 4, 3.45], "texture": "#0"},
				"west": {"uv": [3.25, 0, 3.3125, 3.45], "texture": "#0"},
				"up": {"uv": [2.75, 0, 3, 0.0625], "texture": "#0"},
				"down": {"uv": [2.75, 0.25, 3, 0.3125], "texture": "#0"}
			}
		},
		{
			"from": [7.25144, 13.15075, 7.6875],
			"to": [7.75144, 13.65075, 8.3125],
			"rotation": {"angle": 45, "axis": "z", "origin": [7.97374, 12.49723, 8]},
			"faces": {
				"north": {"uv": [4.75, 0.75, 5.25, 1.25], "texture": "#0"},
				"east": {"uv": [4, 1.25, 4.75, 1.75], "texture": "#0"},
				"south": {"uv": [4.75, 1.25, 5.25, 1.75], "texture": "#0"},
				"west": {"uv": [4, 0.75, 4.75, 1.25], "texture": "#0"},
				"up": {"uv": [5.25, 1.25, 5.75, 1.75], "texture": "#0"},
				"down": {"uv": [5.25, 0.75, 5.75, 1.25], "texture": "#0"}
			}
		},
		{
			"from": [6.80089, 12.60214, 8.3125],
			"to": [7.20089, 13.00214, 8.3625],
			"rotation": {"angle": -45, "axis": "z", "origin": [7.00089, 12.80214, 8.3375]},
			"faces": {
				"north": {"uv": [1, 2, 1.5, 2.5], "rotation": 180, "texture": "#0"},
				"east": {"uv": [1, 2, 1.25, 2.5], "rotation": 180, "texture": "#0"},
				"south": {"uv": [1, 2, 1.5, 2.5], "rotation": 180, "texture": "#0"},
				"west": {"uv": [1.25, 2, 1.5, 2.5], "rotation": 180, "texture": "#0"},
				"up": {"uv": [1, 2.25, 1.5, 2.5], "rotation": 180, "texture": "#0"},
				"down": {"uv": [1, 2, 1.5, 2.25], "rotation": 180, "texture": "#0"}
			}
		},
		{
			"from": [6.80089, 12.60214, 7.6375],
			"to": [7.20089, 13.00214, 7.6875],
			"rotation": {"angle": 45, "axis": "z", "origin": [7.00089, 12.80214, 7.6625]},
			"faces": {
				"north": {"uv": [1, 2, 1.5, 2.5], "rotation": 180, "texture": "#0"},
				"east": {"uv": [1, 2.25, 1.5, 2.5], "rotation": 270, "texture": "#0"},
				"south": {"uv": [1, 2, 1.5, 2.5], "rotation": 270, "texture": "#0"},
				"west": {"uv": [1, 2, 1.5, 2.25], "rotation": 270, "texture": "#0"},
				"up": {"uv": [1.25, 2, 1.5, 2.5], "rotation": 270, "texture": "#0"},
				"down": {"uv": [1, 2, 1.25, 2.5], "rotation": 270, "texture": "#0"}
			}
		},
		{
			"from": [4.82568, 15.41843, 7.6875],
			"to": [5.20068, 15.79343, 7.75],
			"rotation": {"angle": -45, "axis": "z", "origin": [7.97374, 14.74723, 8]},
			"faces": {
				"north": {"uv": [2.5, 0, 3, 0.5], "texture": "#0"},
				"east": {"uv": [2.5, 0.5, 2.5875, 1], "texture": "#0"},
				"south": {"uv": [3, 0, 3.5, 0.5], "texture": "#0"},
				"west": {"uv": [2.75, 0.5, 2.8375, 1], "texture": "#0"},
				"up": {"uv": [3, 0.5, 3.0875, 1], "texture": "#0"},
				"down": {"uv": [3.25, 0.5, 3.3375, 1], "texture": "#0"}
			}
		},
		{
			"from": [4.82568, 15.41843, 8.25],
			"to": [5.20068, 15.79343, 8.3125],
			"rotation": {"angle": -45, "axis": "z", "origin": [7.97374, 14.74723, 8]},
			"faces": {
				"north": {"uv": [2.5, 0, 3, 0.5], "texture": "#0"},
				"east": {"uv": [2.5, 0.5, 2.5875, 1], "texture": "#0"},
				"south": {"uv": [3, 0, 3.5, 0.5], "texture": "#0"},
				"west": {"uv": [2.75, 0.5, 2.8375, 1], "texture": "#0"},
				"up": {"uv": [3, 0.5, 3.0875, 1], "texture": "#0"},
				"down": {"uv": [3.25, 0.5, 3.3375, 1], "texture": "#0"}
			}
		},
		{
			"from": [6.7375, 16.46936, 9.72213],
			"to": [6.8, 16.84436, 10.09713],
			"rotation": {"angle": -45, "axis": "x", "origin": [7.97374, 14.74723, 8]},
			"faces": {
				"north": {"uv": [2.5, 0.5, 2.5875, 1], "texture": "#0"},
				"east": {"uv": [2.5, 0, 3, 0.5], "texture": "#0"},
				"south": {"uv": [2.75, 0.5, 2.8375, 1], "texture": "#0"},
				"west": {"uv": [3, 0, 3.5, 0.5], "texture": "#0"},
				"up": {"uv": [3, 0.5, 3.0875, 1], "texture": "#0"},
				"down": {"uv": [3.25, 0.5, 3.3375, 1], "texture": "#0"}
			}
		},
		{
			"from": [6.175, 16.46936, 9.72213],
			"to": [6.2375, 16.84436, 10.09713],
			"rotation": {"angle": -45, "axis": "x", "origin": [7.97374, 14.74723, 8]},
			"faces": {
				"north": {"uv": [2.5, 0.5, 2.5875, 1], "texture": "#0"},
				"east": {"uv": [2.5, 0, 3, 0.5], "texture": "#0"},
				"south": {"uv": [2.75, 0.5, 2.8375, 1], "texture": "#0"},
				"west": {"uv": [3, 0, 3.5, 0.5], "texture": "#0"},
				"up": {"uv": [3, 0.5, 3.0875, 1], "texture": "#0"},
				"down": {"uv": [3.25, 0.5, 3.3375, 1], "texture": "#0"}
			}
		},
		{
			"from": [6.175, 17.4125, 7.6875],
			"to": [6.8, 17.7875, 8.3125],
			"rotation": {"angle": 0, "axis": "y", "origin": [7.97374, 14.74723, 8]},
			"faces": {
				"north": {"uv": [2.5, 1, 3.5, 1.6], "texture": "#0"},
				"east": {"uv": [4.5, 0, 5.5, 0.6], "texture": "#0"},
				"south": {"uv": [4.5, 0.6, 5.5, 1.2], "texture": "#0"},
				"west": {"uv": [3.5, 0, 4.5, 0.6], "texture": "#0"},
				"up": {"uv": [2.5, 0, 3.5, 1], "texture": "#0"},
				"down": {"uv": [3.5, 0.6, 4.5, 1.6], "texture": "#0"}
			}
		}
	],
	"display": {
		"thirdperson_righthand": {
			"rotation": [0, -90, 0],
			"translation": [0, 10, 0.75],
			"scale": [2, 2, 2]
		},
		"thirdperson_lefthand": {
			"rotation": [0, -90, 0],
			"translation": [0, 10, 0.75],
			"scale": [2, 2, 2]
		},
		"firstperson_righthand": {
			"rotation": [-7.25, -90, 0],
			"translation": [0, 3, 0.75]
		},
		"firstperson_lefthand": {
			"rotation": [-7.25, -90, 0],
			"translation": [0, 3, 0.75]
		},
		"gui": {
			"rotation": [0, 0, 45],
			"translation": [-1, 1, 0],
			"scale": [0.75, 0.75, 0.75]
		},
		"head": {
			"rotation": [-90, 0, 0],
			"scale": [4, 4, 4]
		},
		"fixed": {
			"rotation": [0, 0, -45],
			"translation": [1.25, 1.25, 0]
		}
	},
	"groups": [
		{
			"name": "group",
			"origin": [8, 8, 8],
			"color": 0,
			"children": [
				{
					"name": "rod",
					"origin": [8, 6, 7.92929],
					"color": 0,
					"children": [
						0,
						1,
						2,
						{
							"name": "group",
							"origin": [8, 6, 7.92929],
							"color": 0,
							"children": [3, 4, 5, 6, 7]
						}
					]
				},
				{
					"name": "upper",
					"origin": [8, 8, 8],
					"color": 0,
					"children": [
						{
							"name": "mid1",
							"origin": [8, 4.75, 8],
							"color": 0,
							"children": [
								{
									"name": "connect",
									"origin": [8, 18.125, 8],
									"color": 0,
									"children": [8, 9, 10]
								},
								{
									"name": "lower",
									"origin": [8, 1.5, 8],
									"color": 0,
									"children": [
										11,
										12,
										13,
										14,
										15,
										16,
										17,
										18,
										19,
										{
											"name": "group",
											"origin": [8, 14.87464, 8.28125],
											"color": 0,
											"children": [
												{
													"name": "s",
													"origin": [8, 14.87464, 8.28125],
													"color": 0,
													"children": [20, 21]
												},
												{
													"name": "n",
													"origin": [8, 14.87464, 7.70625],
													"color": 0,
													"children": [22, 23]
												},
												{
													"name": "e",
													"origin": [8, 1.5, 8],
													"color": 0,
													"children": [24, 25]
												},
												{
													"name": "w",
													"origin": [8, 1.5, 8],
													"color": 0,
													"children": [26, 27]
												}
											]
										}
									]
								},
								{
									"name": "mid",
									"origin": [8, 1.5, 8],
									"color": 0,
									"children": [28, 29, 30, 31, 32, 33, 34]
								},
								{
									"name": "upper",
									"origin": [8, 1.5, 8],
									"color": 0,
									"children": [
										35,
										36,
										37,
										38,
										39,
										40,
										41,
										42,
										43,
										{
											"name": "group",
											"origin": [8, 14.87464, 8.28125],
											"color": 0,
											"children": [
												{
													"name": "s",
													"origin": [8, 14.87464, 8.28125],
													"color": 0,
													"children": [44, 45]
												},
												{
													"name": "n",
													"origin": [8, 14.87464, 7.70625],
													"color": 0,
													"children": [46, 47]
												},
												{
													"name": "e",
													"origin": [8, 1.5, 8],
													"color": 0,
													"children": [48, 49]
												},
												{
													"name": "w",
													"origin": [8, 1.5, 8],
													"color": 0,
													"children": [50, 51]
												}
											]
										}
									]
								}
							]
						},
						{
							"name": "left",
							"origin": [8, 4.75, 8],
							"color": 0,
							"children": [
								{
									"name": "uprod",
									"origin": [11.1732, 15.6043, 8],
									"color": 0,
									"children": [
										{
											"name": "group",
											"origin": [10.4232, 15.6043, 7.15],
											"color": 0,
											"children": [52, 53]
										},
										{
											"name": "group",
											"origin": [10.4232, 15.6043, 7.15],
											"color": 0,
											"children": [54, 55]
										},
										{
											"name": "group",
											"origin": [10.4232, 15.6043, 7.15],
											"color": 0,
											"children": [56, 57]
										}
									]
								},
								{
									"name": "connect",
									"origin": [8, 1.5, 8],
									"color": 0,
									"children": [58, 59, 60]
								},
								{
									"name": "upper",
									"origin": [8, 1.5, 8],
									"color": 0,
									"children": [61, 62, 63, 64, 65]
								}
							]
						},
						{
							"name": "right",
							"origin": [8, 4.75, 8],
							"color": 0,
							"children": [
								{
									"name": "uprod",
									"origin": [11.1732, 15.6043, 8],
									"color": 0,
									"children": [
										{
											"name": "group",
											"origin": [10.4232, 15.6043, 7.15],
											"color": 0,
											"children": [66, 67]
										},
										{
											"name": "group",
											"origin": [10.4232, 15.6043, 7.15],
											"color": 0,
											"children": [68, 69]
										},
										{
											"name": "group",
											"origin": [10.4232, 15.6043, 7.15],
											"color": 0,
											"children": [70, 71]
										}
									]
								},
								{
									"name": "connect",
									"origin": [8, 1.5, 8],
									"color": 0,
									"children": [72, 73, 74]
								},
								{
									"name": "upper",
									"origin": [8, 1.5, 8],
									"color": 0,
									"children": [75, 76, 77, 78, 79]
								}
							]
						}
					]
				}
			]
		}
	]
}