{
	"credit": "Made by Gameboy612",
	"texture_size": [64, 64],
	"textures": {
		"0": "block/dark_oak_log",
		"1": "block/polished_blackstone_bricks",
		"2": "block/redstone_block",
		"3": "block/stone_bricks",
		"4": "block/ice",
		"6": "block/light_blue_stained_glass",
		"8": "block/black_wool",
		"9": "block/white_stained_glass",
		"10": "block/coal_block",
		"11": "rpg/wand/animation1",
		"particle": "block/dark_oak_log"
	},
	"elements": [
		{
			"name": "octagon",
			"from": [7.79289, -12.25, 7.5],
			"to": [8.20711, 11, 8.5],
			"rotation": {"angle": 45, "axis": "y", "origin": [8, -1, 8]},
			"faces": {
				"north": {"uv": [6, 0, 7, 16], "texture": "#0"},
				"east": {"uv": [5, 0, 6, 16], "texture": "#0"},
				"south": {"uv": [7, 0, 8, 16], "texture": "#0"},
				"west": {"uv": [8, 0, 9, 16], "texture": "#0"},
				"up": {"uv": [3, 2, 4, 1], "texture": "#0"},
				"down": {"uv": [4, 1, 5, 2], "texture": "#0"}
			}
		},
		{
			"name": "octagon",
			"from": [7.79289, -12.25, 7.5],
			"to": [8.20711, 11, 8.5],
			"rotation": {"angle": 0, "axis": "y", "origin": [8, -1, 8]},
			"faces": {
				"north": {"uv": [11, 0, 12, 16], "texture": "#0"},
				"east": {"uv": [8, 0, 9, 16], "texture": "#0"},
				"south": {"uv": [3, 0, 4, 16], "texture": "#0"},
				"west": {"uv": [5, 0, 6, 16], "texture": "#0"},
				"up": {"uv": [2, 1, 3, 0], "texture": "#0"},
				"down": {"uv": [2, 2, 3, 3], "texture": "#0"}
			}
		},
		{
			"name": "octagon",
			"from": [7.5, -12.25, 7.79289],
			"to": [8.5, 11, 8.20711],
			"rotation": {"angle": 45, "axis": "y", "origin": [8, -1, 8]},
			"faces": {
				"north": {"uv": [11, 0, 12, 16], "texture": "#0"},
				"east": {"uv": [5, 0, 6, 16], "texture": "#0"},
				"south": {"uv": [12, 0, 13, 16], "texture": "#0"},
				"west": {"uv": [3, 0, 4, 16], "texture": "#0"},
				"up": {"uv": [7, 0, 6, 1], "texture": "#0"},
				"down": {"uv": [8, 0, 7, 1], "texture": "#0"}
			}
		},
		{
			"name": "octagon",
			"from": [7.5, -12.25, 7.79289],
			"to": [8.5, 11, 8.20711],
			"rotation": {"angle": 0, "axis": "y", "origin": [8, -1, 8]},
			"faces": {
				"north": {"uv": [6, 0, 7, 16], "texture": "#0"},
				"east": {"uv": [7, 0, 8, 16], "texture": "#0"},
				"south": {"uv": [8, 0, 9, 16], "texture": "#0"},
				"west": {"uv": [3, 0, 4, 16], "texture": "#0"},
				"up": {"uv": [5, 0, 4, 1], "texture": "#0"},
				"down": {"uv": [6, 0, 5, 1], "texture": "#0"}
			}
		},
		{
			"name": "octagon",
			"from": [7.68934, 7.5, 7.25],
			"to": [8.31066, 8.5, 8.75],
			"rotation": {"angle": 45, "axis": "y", "origin": [8, 8, 8]},
			"faces": {
				"north": {"uv": [9, 7, 10, 8], "texture": "#1"},
				"east": {"uv": [9, 7, 10, 8], "texture": "#1"},
				"south": {"uv": [9, 7, 10, 8], "texture": "#1"},
				"west": {"uv": [9, 7, 10, 8], "texture": "#1"},
				"up": {"uv": [9, 7, 10, 8], "texture": "#1"},
				"down": {"uv": [9, 7, 10, 8], "texture": "#1"}
			}
		},
		{
			"name": "octagon",
			"from": [7.68934, 7.5, 7.25],
			"to": [8.31066, 8.5, 8.75],
			"rotation": {"angle": 0, "axis": "y", "origin": [8, 8, 8]},
			"faces": {
				"north": {"uv": [6, 12, 7, 13], "texture": "#1"},
				"east": {"uv": [6, 12, 7, 13], "texture": "#1"},
				"south": {"uv": [6, 12, 7, 13], "texture": "#1"},
				"west": {"uv": [6, 12, 7, 13], "texture": "#1"},
				"up": {"uv": [6, 12, 7, 13], "texture": "#1"},
				"down": {"uv": [6, 12, 7, 13], "texture": "#1"}
			}
		},
		{
			"name": "octagon",
			"from": [7.25, 7.5, 7.68934],
			"to": [8.75, 8.5, 8.31066],
			"rotation": {"angle": 45, "axis": "y", "origin": [8, 8, 8]},
			"faces": {
				"north": {"uv": [9, 6, 10, 7], "texture": "#1"},
				"east": {"uv": [9, 6, 10, 7], "texture": "#1"},
				"south": {"uv": [9, 6, 10, 7], "texture": "#1"},
				"west": {"uv": [9, 6, 10, 7], "texture": "#1"},
				"up": {"uv": [9, 6, 10, 7], "texture": "#1"},
				"down": {"uv": [9, 6, 10, 7], "texture": "#1"}
			}
		},
		{
			"name": "octagon",
			"from": [7.25, 7.5, 7.68934],
			"to": [8.75, 8.5, 8.31066],
			"rotation": {"angle": 0, "axis": "y", "origin": [8, 8, 8]},
			"faces": {
				"north": {"uv": [9, 7, 10, 8], "texture": "#1"},
				"east": {"uv": [9, 7, 10, 8], "texture": "#1"},
				"south": {"uv": [9, 7, 10, 8], "texture": "#1"},
				"west": {"uv": [9, 7, 10, 8], "texture": "#1"},
				"up": {"uv": [9, 7, 10, 8], "texture": "#1"},
				"down": {"uv": [9, 7, 10, 8], "texture": "#1"}
			}
		},
		{
			"name": "octagon",
			"from": [7.71523, 10.5, 7.3125],
			"to": [8.28477, 11.5, 8.6875],
			"rotation": {"angle": 45, "axis": "y", "origin": [8, 11, 8]},
			"faces": {
				"north": {"uv": [10, 4, 11, 5], "texture": "#8"},
				"east": {"uv": [10, 4, 11, 5], "texture": "#8"},
				"south": {"uv": [10, 4, 11, 5], "texture": "#8"},
				"west": {"uv": [10, 4, 11, 5], "texture": "#8"},
				"up": {"uv": [10, 4, 11, 5], "texture": "#8"},
				"down": {"uv": [10, 4, 11, 5], "texture": "#8"}
			}
		},
		{
			"name": "octagon",
			"from": [7.71523, 10.5, 7.3125],
			"to": [8.28477, 11.5, 8.6875],
			"rotation": {"angle": 0, "axis": "y", "origin": [8, 11, 8]},
			"faces": {
				"north": {"uv": [9, 6, 10, 7], "texture": "#8"},
				"east": {"uv": [9, 6, 10, 7], "texture": "#8"},
				"south": {"uv": [9, 6, 10, 7], "texture": "#8"},
				"west": {"uv": [9, 6, 10, 7], "texture": "#8"},
				"up": {"uv": [9, 6, 10, 7], "texture": "#8"},
				"down": {"uv": [9, 6, 10, 7], "texture": "#8"}
			}
		},
		{
			"name": "octagon",
			"from": [7.3125, 10.5, 7.71523],
			"to": [8.6875, 11.5, 8.28477],
			"rotation": {"angle": 45, "axis": "y", "origin": [8, 11, 8]},
			"faces": {
				"north": {"uv": [10, 5, 9, 6], "texture": "#8"},
				"east": {"uv": [10, 5, 9, 6], "texture": "#8"},
				"south": {"uv": [10, 5, 9, 6], "texture": "#8"},
				"west": {"uv": [10, 5, 9, 6], "texture": "#8"},
				"up": {"uv": [10, 5, 9, 6], "texture": "#8"},
				"down": {"uv": [10, 5, 9, 6], "texture": "#8"}
			}
		},
		{
			"name": "octagon",
			"from": [7.3125, 10.5, 7.71523],
			"to": [8.6875, 11.5, 8.28477],
			"rotation": {"angle": 0, "axis": "y", "origin": [8, 11, 8]},
			"faces": {
				"north": {"uv": [8, 5, 9, 6], "texture": "#8"},
				"east": {"uv": [8, 5, 9, 6], "texture": "#8"},
				"south": {"uv": [8, 5, 9, 6], "texture": "#8"},
				"west": {"uv": [8, 5, 9, 6], "texture": "#8"},
				"up": {"uv": [8, 5, 9, 6], "texture": "#8"},
				"down": {"uv": [8, 5, 9, 6], "texture": "#8"}
			}
		},
		{
			"name": "octagon",
			"from": [7.74112, 9.5, 7.375],
			"to": [8.25888, 10.5, 8.625],
			"rotation": {"angle": 45, "axis": "y", "origin": [8, 10, 8]},
			"faces": {
				"north": {"uv": [13, 5, 14, 6], "texture": "#1"},
				"east": {"uv": [13, 5, 14, 6], "texture": "#1"},
				"south": {"uv": [13, 5, 14, 6], "texture": "#1"},
				"west": {"uv": [13, 5, 14, 6], "texture": "#1"},
				"up": {"uv": [13, 5, 14, 6], "texture": "#1"},
				"down": {"uv": [13, 5, 14, 6], "texture": "#1"}
			}
		},
		{
			"name": "octagon",
			"from": [7.74112, 9.5, 7.375],
			"to": [8.25888, 10.5, 8.625],
			"rotation": {"angle": 0, "axis": "y", "origin": [8, 10, 8]},
			"faces": {
				"north": {"uv": [13, 4, 12, 5], "texture": "#1"},
				"east": {"uv": [13, 4, 12, 5], "texture": "#1"},
				"south": {"uv": [13, 4, 12, 5], "texture": "#1"},
				"west": {"uv": [13, 4, 12, 5], "texture": "#1"},
				"up": {"uv": [13, 4, 12, 5], "texture": "#1"},
				"down": {"uv": [13, 4, 12, 5], "texture": "#1"}
			}
		},
		{
			"name": "octagon",
			"from": [7.375, 9.5, 7.74112],
			"to": [8.625, 10.5, 8.25888],
			"rotation": {"angle": 45, "axis": "y", "origin": [8, 10, 8]},
			"faces": {
				"north": {"uv": [10, 6, 11, 7], "texture": "#1"},
				"east": {"uv": [10, 6, 11, 7], "texture": "#1"},
				"south": {"uv": [10, 6, 11, 7], "texture": "#1"},
				"west": {"uv": [10, 6, 11, 7], "texture": "#1"},
				"up": {"uv": [10, 6, 11, 7], "texture": "#1"},
				"down": {"uv": [10, 6, 11, 7], "texture": "#1"}
			}
		},
		{
			"name": "octagon",
			"from": [7.375, 9.5, 7.74112],
			"to": [8.625, 10.5, 8.25888],
			"rotation": {"angle": 0, "axis": "y", "origin": [8, 10, 8]},
			"faces": {
				"north": {"uv": [4, 2, 5, 3], "texture": "#1"},
				"east": {"uv": [4, 2, 5, 3], "texture": "#1"},
				"south": {"uv": [4, 2, 5, 3], "texture": "#1"},
				"west": {"uv": [4, 2, 5, 3], "texture": "#1"},
				"up": {"uv": [4, 2, 5, 3], "texture": "#1"},
				"down": {"uv": [4, 2, 5, 3], "texture": "#1"}
			}
		},
		{
			"name": "octagon",
			"from": [7.767, 8.5, 7.4375],
			"to": [8.233, 9.5, 8.5625],
			"rotation": {"angle": 45, "axis": "y", "origin": [8, 9, 8]},
			"faces": {
				"north": {"uv": [13, 13, 14, 15], "texture": "#2"},
				"east": {"uv": [11, 12, 12, 13], "texture": "#2"},
				"south": {"uv": [4, 3, 5, 5], "texture": "#2"},
				"west": {"uv": [15, 11, 16, 12], "texture": "#2"},
				"up": {"uv": [12, 12, 12, 11], "texture": "#2"},
				"down": {"uv": [12, 11, 12, 12], "texture": "#2"}
			}
		},
		{
			"name": "octagon",
			"from": [7.767, 8.5, 7.4375],
			"to": [8.233, 9.5, 8.5625],
			"rotation": {"angle": 0, "axis": "y", "origin": [8, 9, 8]},
			"faces": {
				"north": {"uv": [9, 11, 10, 13], "texture": "#2"},
				"east": {"uv": [8, 9, 9, 10], "texture": "#2"},
				"south": {"uv": [13, 8, 14, 10], "texture": "#2"},
				"west": {"uv": [9, 9, 10, 10], "texture": "#2"},
				"up": {"uv": [9, 9, 9, 8], "texture": "#2"},
				"down": {"uv": [9, 8, 9, 9], "texture": "#2"}
			}
		},
		{
			"name": "octagon",
			"from": [7.4375, 8.5, 7.767],
			"to": [8.5625, 9.5, 8.233],
			"rotation": {"angle": 45, "axis": "y", "origin": [8, 9, 8]},
			"faces": {
				"north": {"uv": [10, 6, 11, 7], "texture": "#2"},
				"east": {"uv": [7, 9, 8, 11], "texture": "#2"},
				"south": {"uv": [11, 6, 12, 7], "texture": "#2"},
				"west": {"uv": [10, 9, 11, 11], "texture": "#2"},
				"up": {"uv": [11, 6, 10, 6], "texture": "#2"},
				"down": {"uv": [12, 6, 11, 6], "texture": "#2"}
			}
		},
		{
			"name": "octagon",
			"from": [7.4375, 8.5, 7.767],
			"to": [8.5625, 9.5, 8.233],
			"rotation": {"angle": 0, "axis": "y", "origin": [8, 9, 8]},
			"faces": {
				"north": {"uv": [10, 5, 11, 6], "texture": "#2"},
				"east": {"uv": [5, 11, 6, 13], "texture": "#2"},
				"south": {"uv": [11, 5, 12, 6], "texture": "#2"},
				"west": {"uv": [10, 10, 11, 12], "texture": "#2"},
				"up": {"uv": [11, 5, 10, 5], "texture": "#2"},
				"down": {"uv": [12, 5, 11, 5], "texture": "#2"}
			}
		},
		{
			"name": "octagon",
			"from": [7.68934, -13, 7.25],
			"to": [8.31066, -12.5, 8.75],
			"rotation": {"angle": 45, "axis": "y", "origin": [8, -13, 8]},
			"faces": {
				"north": {"uv": [2, 7, 3, 8], "texture": "#1"},
				"east": {"uv": [7, 9, 8, 10], "texture": "#1"},
				"south": {"uv": [9, 7, 10, 8], "texture": "#1"},
				"west": {"uv": [6, 7, 7, 8], "texture": "#1"},
				"up": {"uv": [7, 15, 8, 14], "texture": "#1"},
				"down": {"uv": [15, 4, 16, 5], "texture": "#1"}
			}
		},
		{
			"name": "octagon",
			"from": [7.68934, -13, 7.25],
			"to": [8.31066, -12.5, 8.75],
			"rotation": {"angle": 0, "axis": "y", "origin": [8, -13, 8]},
			"faces": {
				"north": {"uv": [0, 7, 1, 8], "texture": "#1"},
				"east": {"uv": [15, 3, 16, 4], "texture": "#1"},
				"south": {"uv": [3, 7, 4, 8], "texture": "#1"},
				"west": {"uv": [9, 7, 10, 8], "texture": "#1"},
				"up": {"uv": [15, 3, 16, 2], "texture": "#1"},
				"down": {"uv": [7, 8, 8, 9], "texture": "#1"}
			}
		},
		{
			"name": "octagon",
			"from": [7.25, -13, 7.68934],
			"to": [8.75, -12.5, 8.31066],
			"rotation": {"angle": 45, "axis": "y", "origin": [8, -13, 8]},
			"faces": {
				"north": {"uv": [15, 2, 16, 3], "texture": "#1"},
				"east": {"uv": [15, 3, 16, 4], "texture": "#1"},
				"south": {"uv": [2, 7, 3, 8], "texture": "#1"},
				"west": {"uv": [7, 9, 8, 10], "texture": "#1"},
				"up": {"uv": [12, 7, 11, 8], "texture": "#1"},
				"down": {"uv": [6, 7, 5, 8], "texture": "#1"}
			}
		},
		{
			"name": "octagon",
			"from": [7.25, -13, 7.68934],
			"to": [8.75, -12.5, 8.31066],
			"rotation": {"angle": 0, "axis": "y", "origin": [8, -13, 8]},
			"faces": {
				"north": {"uv": [12, 7, 13, 8], "texture": "#1"},
				"east": {"uv": [6, 7, 7, 8], "texture": "#1"},
				"south": {"uv": [2, 7, 3, 8], "texture": "#1"},
				"west": {"uv": [7, 9, 8, 10], "texture": "#1"},
				"up": {"uv": [16, 2, 15, 3], "texture": "#1"},
				"down": {"uv": [16, 3, 15, 4], "texture": "#1"}
			}
		},
		{
			"name": "octagon",
			"from": [7.74112, -12, 7.375],
			"to": [8.25888, -11.5, 8.625],
			"rotation": {"angle": 45, "axis": "y", "origin": [8, -11.5, 8]},
			"faces": {
				"north": {"uv": [13, 7, 14, 8], "texture": "#1"},
				"east": {"uv": [1, 7, 2, 8], "texture": "#1"},
				"south": {"uv": [7, 10, 8, 11], "texture": "#1"},
				"west": {"uv": [4, 7, 5, 8], "texture": "#1"},
				"up": {"uv": [10, 8, 11, 7], "texture": "#1"},
				"down": {"uv": [7, 7, 8, 8], "texture": "#1"}
			}
		},
		{
			"name": "octagon",
			"from": [7.74112, -12, 7.375],
			"to": [8.25888, -11.5, 8.625],
			"rotation": {"angle": 0, "axis": "y", "origin": [8, -11.5, 8]},
			"faces": {
				"north": {"uv": [5, 7, 6, 8], "texture": "#1"},
				"east": {"uv": [7, 9, 8, 10], "texture": "#1"},
				"south": {"uv": [14, 7, 15, 8], "texture": "#1"},
				"west": {"uv": [7, 15, 8, 16], "texture": "#1"},
				"up": {"uv": [2, 8, 3, 7], "texture": "#1"},
				"down": {"uv": [10, 7, 11, 8], "texture": "#1"}
			}
		},
		{
			"name": "octagon",
			"from": [7.375, -12, 7.74112],
			"to": [8.625, -11.5, 8.25888],
			"rotation": {"angle": 45, "axis": "y", "origin": [8, -11.5, 8]},
			"faces": {
				"north": {"uv": [14, 7, 15, 8], "texture": "#1"},
				"east": {"uv": [7, 13, 8, 14], "texture": "#1"},
				"south": {"uv": [9, 7, 10, 8], "texture": "#1"},
				"west": {"uv": [1, 7, 2, 8], "texture": "#1"},
				"up": {"uv": [4, 7, 3, 8], "texture": "#1"},
				"down": {"uv": [8, 10, 7, 11], "texture": "#1"}
			}
		},
		{
			"name": "octagon",
			"from": [7.375, -12, 7.74112],
			"to": [8.625, -11.5, 8.25888],
			"rotation": {"angle": 0, "axis": "y", "origin": [8, -11.5, 8]},
			"faces": {
				"north": {"uv": [15, 4, 16, 5], "texture": "#1"},
				"east": {"uv": [3, 7, 4, 8], "texture": "#1"},
				"south": {"uv": [7, 12, 8, 13], "texture": "#1"},
				"west": {"uv": [15, 1, 16, 2], "texture": "#1"},
				"up": {"uv": [9, 7, 8, 8], "texture": "#1"},
				"down": {"uv": [8, 9, 7, 10], "texture": "#1"}
			}
		},
		{
			"name": "octagon",
			"from": [7.767, -12.5, 7.4375],
			"to": [8.233, -11.5, 8.5625],
			"rotation": {"angle": 45, "axis": "y", "origin": [8, -12, 8]},
			"faces": {
				"north": {"uv": [15, 6, 16, 7], "texture": "#1"},
				"east": {"uv": [7, 15, 8, 16], "texture": "#1"},
				"south": {"uv": [13, 7, 14, 8], "texture": "#1"},
				"west": {"uv": [15, 4, 16, 5], "texture": "#1"},
				"up": {"uv": [7, 14, 8, 13], "texture": "#1"},
				"down": {"uv": [8, 7, 7, 8], "texture": "#1"}
			}
		},
		{
			"name": "octagon",
			"from": [7.767, -12.5, 7.4375],
			"to": [8.233, -11.5, 8.5625],
			"rotation": {"angle": 0, "axis": "y", "origin": [8, -12, 8]},
			"faces": {
				"north": {"uv": [7, 12, 8, 13], "texture": "#1"},
				"east": {"uv": [7, 7, 8, 8], "texture": "#1"},
				"south": {"uv": [7, 10, 8, 11], "texture": "#1"},
				"west": {"uv": [12, 7, 13, 8], "texture": "#1"},
				"up": {"uv": [15, 8, 16, 7], "texture": "#1"},
				"down": {"uv": [15, 5, 16, 6], "texture": "#1"}
			}
		},
		{
			"name": "octagon",
			"from": [7.4375, -12.5, 7.767],
			"to": [8.5625, -11.5, 8.233],
			"rotation": {"angle": 45, "axis": "y", "origin": [8, -12, 8]},
			"faces": {
				"north": {"uv": [4, 7, 5, 8], "texture": "#1"},
				"east": {"uv": [16, 7, 15, 8], "texture": "#1"},
				"south": {"uv": [11, 7, 12, 8], "texture": "#1"},
				"west": {"uv": [7, 7, 8, 8], "texture": "#1"},
				"up": {"uv": [8, 10, 7, 11], "texture": "#1"},
				"down": {"uv": [16, 3, 15, 4], "texture": "#1"}
			}
		},
		{
			"name": "octagon",
			"from": [7.4375, -12.5, 7.767],
			"to": [8.5625, -11.5, 8.233],
			"rotation": {"angle": 0, "axis": "y", "origin": [8, -12, 8]},
			"faces": {
				"north": {"uv": [0, 7, 1, 8], "texture": "#1"},
				"east": {"uv": [6, 7, 5, 8], "texture": "#1"},
				"south": {"uv": [8, 10, 9, 11], "texture": "#1"},
				"west": {"uv": [12, 7, 13, 8], "texture": "#1"},
				"up": {"uv": [10, 7, 9, 6], "texture": "#1"},
				"down": {"uv": [16, 4, 15, 5], "texture": "#1"}
			}
		},
		{
			"name": "crystal",
			"from": [6.25, 14.75, 6.25],
			"to": [9.75, 18.25, 9.75],
			"rotation": {"angle": 22.5, "axis": "z", "origin": [8, 16.5, 8]},
			"faces": {
				"north": {"uv": [1, 1, 15, 15], "rotation": 90, "texture": "#4"},
				"east": {"uv": [1, 1, 15, 15], "rotation": 90, "texture": "#4"},
				"south": {"uv": [1, 1, 15, 15], "rotation": 90, "texture": "#4"},
				"west": {"uv": [1, 1, 15, 15], "rotation": 90, "texture": "#4"},
				"up": {"uv": [1, 1, 15, 15], "rotation": 90, "texture": "#4"},
				"down": {"uv": [1, 1, 15, 15], "rotation": 90, "texture": "#4"}
			}
		},
		{
			"from": [7, 11, 7],
			"to": [9, 12, 9],
			"rotation": {"angle": 0, "axis": "y", "origin": [0, -13, 0]},
			"faces": {
				"north": {"uv": [2, 4, 4, 5], "texture": "#8"},
				"east": {"uv": [0, 4, 2, 5], "texture": "#8"},
				"south": {"uv": [6, 4, 8, 5], "texture": "#8"},
				"west": {"uv": [4, 4, 6, 5], "texture": "#8"},
				"up": {"uv": [4, 4, 6, 6], "texture": "#8"},
				"down": {"uv": [6, 2, 8, 4], "texture": "#8"}
			}
		},
		{
			"from": [7.4, 11.125, 7.325],
			"to": [8.75, 12.5, 8.675],
			"rotation": {"angle": 45, "axis": "z", "origin": [8, 11.75, 8]},
			"faces": {
				"north": {"uv": [5, 3, 11, 9], "texture": "#2"},
				"east": {"uv": [6, 2, 12, 8], "texture": "#2"},
				"south": {"uv": [8, 4, 14, 10], "texture": "#2"},
				"west": {"uv": [4, 2, 10, 8], "texture": "#2"},
				"up": {"uv": [3, 5, 9, 11], "texture": "#2"},
				"down": {"uv": [6, 5, 12, 11], "texture": "#2"}
			}
		},
		{
			"from": [7.5, 11.25, 7.5],
			"to": [8.5, 12.25, 8.5],
			"rotation": {"angle": 0, "axis": "y", "origin": [0, -13, 0]},
			"color": 4,
			"faces": {
				"north": {"uv": [0.25, 0.5, 0.5, 0.75], "texture": "#missing"},
				"east": {"uv": [0, 0.5, 0.25, 0.75], "texture": "#missing"},
				"south": {"uv": [0.75, 0.5, 1, 0.75], "texture": "#missing"},
				"west": {"uv": [0.5, 0.5, 0.75, 0.75], "texture": "#missing"},
				"up": {"uv": [0.5, 0.5, 0.25, 0.25], "texture": "#missing"},
				"down": {"uv": [0.75, 0.25, 0.5, 0.5], "texture": "#missing"}
			}
		},
		{
			"from": [7.175, 11.85, 7.2],
			"to": [8.825, 12.075, 8.8],
			"rotation": {"angle": 0, "axis": "y", "origin": [0, -13, 0]},
			"faces": {
				"north": {"uv": [1, 2.6, 2.65, 2.825], "texture": "#6"},
				"east": {"uv": [0, 2.6, 1.6, 2.825], "texture": "#6"},
				"south": {"uv": [3, 2.6, 4.65, 2.825], "texture": "#6"},
				"west": {"uv": [2, 2.6, 3.6, 2.825], "texture": "#6"},
				"up": {"uv": [2, 2.6, 3.65, 4.2], "texture": "#6"},
				"down": {"uv": [3, 1.6, 4.65, 3.2], "texture": "#6"}
			}
		},
		{
			"from": [6.5, 11.25, 7.625],
			"to": [9.5, 11.75, 8.375],
			"rotation": {"angle": 0, "axis": "y", "origin": [0, -13, 0]},
			"faces": {
				"north": {"uv": [3, 3.75, 7, 4.75], "texture": "#10"},
				"east": {"uv": [3, 3.75, 7, 4.75], "texture": "#10"},
				"south": {"uv": [3, 3.75, 7, 4.75], "texture": "#10"},
				"west": {"uv": [3, 3.75, 7, 4.75], "texture": "#10"},
				"up": {"uv": [3, 3.75, 7, 4.75], "texture": "#10"},
				"down": {"uv": [3, 3.75, 7, 4.75], "texture": "#10"}
			}
		},
		{
			"from": [11.02661, 14.55375, 7.6],
			"to": [11.85161, 15.32875, 8.4],
			"rotation": {"angle": 0, "axis": "y", "origin": [11.52661, 13.74125, 8]},
			"faces": {
				"north": {"uv": [0, 3, 1, 4], "texture": "#10"},
				"east": {"uv": [10, 7, 11, 8], "texture": "#10"},
				"south": {"uv": [5, 6, 6, 7], "texture": "#10"},
				"west": {"uv": [9, 3, 10, 4], "texture": "#10"},
				"up": {"uv": [5, 2, 6, 3], "texture": "#10"},
				"down": {"uv": [14, 8, 15, 9], "texture": "#10"}
			}
		},
		{
			"from": [4.12661, 14.55375, 7.6],
			"to": [4.95161, 15.32875, 8.4],
			"rotation": {"angle": 0, "axis": "y", "origin": [11.02661, 13.74125, 8]},
			"faces": {
				"north": {"uv": [12, 8, 13, 9], "texture": "#10"},
				"east": {"uv": [7, 10, 8, 11], "texture": "#10"},
				"south": {"uv": [4, 7, 5, 8], "texture": "#10"},
				"west": {"uv": [5, 3, 5.8, 3.775], "texture": "#10"},
				"up": {"uv": [11, 3, 12, 4], "texture": "#10"},
				"down": {"uv": [4, 12, 5, 13], "texture": "#10"}
			}
		},
		{
			"from": [4.12661, 18.05375, 7.6],
			"to": [4.95161, 18.82875, 8.4],
			"rotation": {"angle": 0, "axis": "y", "origin": [11.02661, 13.74125, 8]},
			"faces": {
				"north": {"uv": [6, 7, 7, 8], "texture": "#10"},
				"east": {"uv": [3, 7, 4, 8], "texture": "#10"},
				"south": {"uv": [7, 7, 8, 8], "texture": "#10"},
				"west": {"uv": [4, 7, 5, 8], "texture": "#10"},
				"up": {"uv": [5, 7, 6, 8], "texture": "#10"},
				"down": {"uv": [2, 7, 3, 8], "texture": "#10"}
			}
		},
		{
			"from": [11.02661, 18.05375, 7.6],
			"to": [11.85161, 18.82875, 8.4],
			"rotation": {"angle": 0, "axis": "y", "origin": [11.52661, 13.74125, 8]},
			"faces": {
				"north": {"uv": [7, 3, 8, 4], "texture": "#10"},
				"east": {"uv": [10, 5, 11, 6], "texture": "#10"},
				"south": {"uv": [5, 6, 6, 7], "texture": "#10"},
				"west": {"uv": [3, 13, 4, 14], "texture": "#10"},
				"up": {"uv": [3, 5, 4, 6], "texture": "#10"},
				"down": {"uv": [11, 8, 12, 9], "texture": "#10"}
			}
		},
		{
			"from": [4.37661, 18.65375, 7.625],
			"to": [5.12661, 20.10375, 8.375],
			"rotation": {"angle": -22.5, "axis": "z", "origin": [4.53911, 19.31625, 8]},
			"faces": {
				"north": {"uv": [10, 5, 11, 7], "texture": "#10"},
				"east": {"uv": [13, 8, 14, 10], "texture": "#10"},
				"south": {"uv": [3, 13, 4, 15], "texture": "#10"},
				"west": {"uv": [0, 9, 1, 11], "texture": "#10"},
				"up": {"uv": [5, 7, 6, 8], "texture": "#10"},
				"down": {"uv": [3, 7, 4, 8], "texture": "#10"}
			}
		},
		{
			"from": [4.97661, 19.25375, 7.65],
			"to": [6.42661, 19.95375, 8.35],
			"rotation": {"angle": 22.5, "axis": "z", "origin": [4.53911, 19.31625, 8]},
			"faces": {
				"north": {"uv": [11, 5, 13, 6], "texture": "#10"},
				"east": {"uv": [1, 5, 2, 6], "texture": "#10"},
				"south": {"uv": [2, 11, 4, 12], "texture": "#10"},
				"west": {"uv": [7, 6, 8, 8], "texture": "#10"},
				"up": {"uv": [6, 14, 7, 15], "texture": "#10"},
				"down": {"uv": [9, 5, 10, 6], "texture": "#10"}
			}
		},
		{
			"from": [10.82661, 18.67875, 7.625],
			"to": [11.57661, 20.12875, 8.375],
			"rotation": {"angle": 22.5, "axis": "z", "origin": [11.43911, 19.31625, 8]},
			"faces": {
				"north": {"uv": [3, 5, 4, 7], "texture": "#10"},
				"east": {"uv": [13, 5, 14, 7], "texture": "#10"},
				"south": {"uv": [12, 10, 13, 12], "texture": "#10"},
				"west": {"uv": [7, 9, 8, 11], "texture": "#10"},
				"up": {"uv": [8, 3, 9, 4], "texture": "#10"},
				"down": {"uv": [8, 3, 9, 4], "texture": "#10"}
			}
		},
		{
			"from": [9.50161, 19.25375, 7.65],
			"to": [10.95161, 19.95375, 8.35],
			"rotation": {"angle": -22.5, "axis": "z", "origin": [11.43911, 19.31625, 8]},
			"faces": {
				"north": {"uv": [5, 8, 6, 10], "rotation": 90, "texture": "#10"},
				"east": {"uv": [1, 12, 2, 14], "rotation": 90, "texture": "#10"},
				"south": {"uv": [1, 8, 2, 10], "rotation": 90, "texture": "#10"},
				"west": {"uv": [11, 2, 12, 3], "rotation": 90, "texture": "#10"},
				"up": {"uv": [8, 1, 9, 3], "rotation": 270, "texture": "#10"},
				"down": {"uv": [2, 3, 3, 5], "rotation": 270, "texture": "#10"}
			}
		},
		{
			"from": [11.07661, 15.30375, 7.675],
			"to": [11.80161, 15.82875, 8.325],
			"rotation": {"angle": 0, "axis": "y", "origin": [11.52661, 13.74125, 8]},
			"faces": {
				"north": {"uv": [11, 4, 12, 5], "texture": "#10"},
				"east": {"uv": [5, 5, 6, 6], "texture": "#10"},
				"south": {"uv": [10, 9, 11, 10], "texture": "#10"},
				"west": {"uv": [4, 4, 5, 5], "texture": "#10"},
				"up": {"uv": [8, 9, 9, 10], "texture": "#10"},
				"down": {"uv": [5, 9, 6, 10], "texture": "#10"}
			}
		},
		{
			"from": [4.17661, 15.30375, 7.675],
			"to": [4.90161, 15.82875, 8.325],
			"rotation": {"angle": 0, "axis": "y", "origin": [11.02661, 13.74125, 8]},
			"faces": {
				"north": {"uv": [10, 4, 11, 5], "texture": "#10"},
				"east": {"uv": [2, 10, 3, 11], "texture": "#10"},
				"south": {"uv": [7, 10, 8, 11], "texture": "#10"},
				"west": {"uv": [13, 7, 14, 8], "texture": "#10"},
				"up": {"uv": [3, 3, 4, 4], "texture": "#10"},
				"down": {"uv": [12, 12, 13, 13], "texture": "#10"}
			}
		},
		{
			"from": [11.05161, 16.05375, 7.675],
			"to": [11.77661, 16.57875, 8.325],
			"rotation": {"angle": 0, "axis": "y", "origin": [11.52661, 13.74125, 8]},
			"faces": {
				"north": {"uv": [4, 4, 5, 5], "texture": "#10"},
				"east": {"uv": [9, 8, 10, 9], "texture": "#10"},
				"south": {"uv": [3, 8, 4, 9], "texture": "#10"},
				"west": {"uv": [8, 4, 9, 5], "texture": "#10"},
				"up": {"uv": [6, 9, 7, 10], "texture": "#10"},
				"down": {"uv": [11, 4, 12, 5], "texture": "#10"}
			}
		},
		{
			"from": [4.22661, 16.05375, 7.675],
			"to": [4.95161, 16.57875, 8.325],
			"rotation": {"angle": 0, "axis": "y", "origin": [11.02661, 13.74125, 8]},
			"faces": {
				"north": {"uv": [6, 7, 7, 8], "texture": "#10"},
				"east": {"uv": [0, 0.65, 0, 0.65], "texture": "#10"},
				"south": {"uv": [12, 7, 13, 8], "texture": "#10"},
				"west": {"uv": [7, 11, 8, 12], "texture": "#10"},
				"up": {"uv": [2, 7, 3, 8], "texture": "#10"},
				"down": {"uv": [15, 4, 16, 5], "texture": "#10"}
			}
		},
		{
			"from": [11.17661, 15.80375, 7.75],
			"to": [11.70161, 16.12875, 8.25],
			"rotation": {"angle": 0, "axis": "y", "origin": [11.52661, 13.74125, 8]},
			"faces": {
				"north": {"uv": [12, 3, 13, 4], "texture": "#10"},
				"east": {"uv": [8, 6, 9, 7], "texture": "#10"},
				"south": {"uv": [12, 6, 13, 7], "texture": "#10"},
				"west": {"uv": [12, 9, 13, 10], "texture": "#10"},
				"up": {"uv": [7, 10, 8, 11], "texture": "#10"},
				"down": {"uv": [3, 5, 4, 6], "texture": "#10"}
			}
		},
		{
			"from": [4.27661, 15.80375, 7.75],
			"to": [4.80161, 16.12875, 8.25],
			"rotation": {"angle": 0, "axis": "y", "origin": [11.02661, 13.74125, 8]},
			"faces": {
				"north": {"uv": [7, 8, 8, 9], "texture": "#10"},
				"east": {"uv": [13, 7, 14, 8], "texture": "#10"},
				"south": {"uv": [3, 7, 4, 8], "texture": "#10"},
				"west": {"uv": [7, 12, 8, 13], "texture": "#10"},
				"up": {"uv": [14, 15, 15, 16], "texture": "#10"},
				"down": {"uv": [15, 3, 16, 4], "texture": "#10"}
			}
		},
		{
			"from": [11.15161, 16.55375, 7.75],
			"to": [11.67661, 16.87875, 8.25],
			"rotation": {"angle": 0, "axis": "y", "origin": [11.52661, 13.74125, 8]},
			"faces": {
				"north": {"uv": [1, 3, 2, 4], "texture": "#10"},
				"east": {"uv": [9, 3, 10, 4], "texture": "#10"},
				"south": {"uv": [11, 8, 12, 9], "texture": "#10"},
				"west": {"uv": [12, 10, 13, 11], "texture": "#10"},
				"up": {"uv": [5, 9, 6, 10], "texture": "#10"},
				"down": {"uv": [14, 3, 15, 4], "texture": "#10"}
			}
		},
		{
			"from": [4.32661, 16.55375, 7.75],
			"to": [4.85161, 16.87875, 8.25],
			"rotation": {"angle": 0, "axis": "y", "origin": [11.02661, 13.74125, 8]},
			"faces": {
				"north": {"uv": [13, 7, 14, 8], "texture": "#10"},
				"east": {"uv": [7, 10, 8, 11], "texture": "#10"},
				"south": {"uv": [15, 3, 16, 4], "texture": "#10"},
				"west": {"uv": [3, 7, 4, 8], "texture": "#10"},
				"up": {"uv": [7, 8, 8, 9], "texture": "#10"},
				"down": {"uv": [9, 7, 10, 8], "texture": "#10"}
			}
		},
		{
			"from": [4.22661, 16.80375, 7.675],
			"to": [4.95161, 17.32875, 8.325],
			"rotation": {"angle": 0, "axis": "y", "origin": [11.02661, 13.74125, 8]},
			"faces": {
				"north": {"uv": [9, 6, 10, 7], "texture": "#10"},
				"east": {"uv": [13, 14, 14, 15], "texture": "#10"},
				"south": {"uv": [6, 13, 7, 14], "texture": "#10"},
				"west": {"uv": [12, 5, 13, 6], "texture": "#10"},
				"up": {"uv": [4, 5, 5, 6], "texture": "#10"},
				"down": {"uv": [4, 14, 5, 15], "texture": "#10"}
			}
		},
		{
			"from": [11.05161, 16.80375, 7.675],
			"to": [11.77661, 17.32875, 8.325],
			"rotation": {"angle": 0, "axis": "y", "origin": [11.52661, 13.74125, 8]},
			"faces": {
				"north": {"uv": [6, 1, 7, 2], "texture": "#10"},
				"east": {"uv": [1, 3, 2, 4], "texture": "#10"},
				"south": {"uv": [7, 10, 8, 11], "texture": "#10"},
				"west": {"uv": [4, 10, 5, 11], "texture": "#10"},
				"up": {"uv": [13, 3, 14, 4], "texture": "#10"},
				"down": {"uv": [11, 8, 12, 9], "texture": "#10"}
			}
		},
		{
			"from": [11.17661, 17.30375, 7.75],
			"to": [11.70161, 17.62875, 8.25],
			"rotation": {"angle": 0, "axis": "y", "origin": [11.52661, 13.74125, 8]},
			"faces": {
				"north": {"uv": [0, 12, 1, 13], "texture": "#10"},
				"east": {"uv": [8, 8, 9, 9], "texture": "#10"},
				"south": {"uv": [13, 6, 14, 7], "texture": "#10"},
				"west": {"uv": [10, 4, 11, 5], "texture": "#10"},
				"up": {"uv": [7, 3, 8, 4], "texture": "#10"},
				"down": {"uv": [12, 4, 13, 5], "texture": "#10"}
			}
		},
		{
			"from": [4.27661, 17.30375, 7.75],
			"to": [4.80161, 17.62875, 8.25],
			"rotation": {"angle": 0, "axis": "y", "origin": [11.02661, 13.74125, 8]},
			"faces": {
				"north": {"uv": [4, 6, 5, 7], "texture": "#10"},
				"east": {"uv": [5, 6, 6, 7], "texture": "#10"},
				"south": {"uv": [1, 6, 2, 7], "texture": "#10"},
				"west": {"uv": [6, 5, 7, 6], "texture": "#10"},
				"up": {"uv": [6, 6, 7, 7], "texture": "#10"},
				"down": {"uv": [8, 5, 9, 6], "texture": "#10"}
			}
		},
		{
			"from": [4.17661, 17.55375, 7.675],
			"to": [4.90161, 18.07875, 8.325],
			"rotation": {"angle": 0, "axis": "y", "origin": [11.02661, 13.74125, 8]},
			"faces": {
				"north": {"uv": [5, 6, 6, 7], "texture": "#10"},
				"east": {"uv": [6, 6, 7, 7], "texture": "#10"},
				"south": {"uv": [4, 5, 5, 6], "texture": "#10"},
				"west": {"uv": [8, 6, 9, 7], "texture": "#10"},
				"up": {"uv": [7, 7, 8, 8], "texture": "#10"},
				"down": {"uv": [9, 6, 10, 7], "texture": "#10"}
			}
		},
		{
			"from": [11.07661, 17.55375, 7.675],
			"to": [11.80161, 18.07875, 8.325],
			"rotation": {"angle": 0, "axis": "y", "origin": [11.52661, 13.74125, 8]},
			"faces": {
				"north": {"uv": [5, 12, 6, 13], "texture": "#10"},
				"east": {"uv": [2, 7, 3, 8], "texture": "#10"},
				"south": {"uv": [5, 3, 6, 4], "texture": "#10"},
				"west": {"uv": [12, 6, 13, 7], "texture": "#10"},
				"up": {"uv": [8, 10, 9, 11], "texture": "#10"},
				"down": {"uv": [11, 3, 12, 4], "texture": "#10"}
			}
		},
		{
			"from": [4.69839, 12.65375, 7.55],
			"to": [5.57339, 13.67875, 8.45],
			"rotation": {"angle": 22.5, "axis": "z", "origin": [4.72339, 13.74125, 8]},
			"faces": {
				"north": {"uv": [10, 3, 11, 4], "texture": "#10"},
				"east": {"uv": [11, 7, 12, 8], "texture": "#10"},
				"south": {"uv": [3, 4, 4, 5], "texture": "#10"},
				"west": {"uv": [5, 1, 6, 2], "texture": "#10"},
				"up": {"uv": [4, 6, 5, 7], "texture": "#10"},
				"down": {"uv": [6, 3, 7, 4], "texture": "#10"}
			}
		},
		{
			"from": [4.64839, 14.50375, 7.5],
			"to": [5.64839, 14.72875, 8.5],
			"rotation": {"angle": 22.5, "axis": "z", "origin": [4.72339, 13.74125, 8]},
			"faces": {
				"north": {"uv": [1, 2, 2, 2], "texture": "#10"},
				"east": {"uv": [0, 2, 1, 2], "texture": "#10"},
				"south": {"uv": [3, 2, 4, 2], "texture": "#10"},
				"west": {"uv": [2, 2, 3, 2], "texture": "#10"},
				"up": {"uv": [2, 2, 1, 1], "texture": "#10"},
				"down": {"uv": [3, 1, 2, 2], "texture": "#10"}
			}
		},
		{
			"from": [10.37661, 12.62875, 7.55],
			"to": [11.30161, 13.65375, 8.45],
			"rotation": {"angle": -22.5, "axis": "z", "origin": [11.27661, 13.74125, 8]},
			"faces": {
				"north": {"uv": [4, 7, 5, 8], "texture": "#10"},
				"east": {"uv": [4, 3, 5, 4], "texture": "#10"},
				"south": {"uv": [8, 5, 9, 6], "texture": "#10"},
				"west": {"uv": [12, 5, 13, 6], "texture": "#10"},
				"up": {"uv": [11, 10, 12, 11], "texture": "#10"},
				"down": {"uv": [9, 8, 10, 9], "texture": "#10"}
			}
		},
		{
			"from": [10.32661, 14.52875, 7.525],
			"to": [11.32661, 14.75375, 8.525],
			"rotation": {"angle": -22.5, "axis": "z", "origin": [11.27661, 13.74125, 8]},
			"faces": {
				"north": {"uv": [1, 2, 2, 2], "texture": "#10"},
				"east": {"uv": [0, 2, 1, 2], "texture": "#10"},
				"south": {"uv": [3, 2, 4, 2], "texture": "#10"},
				"west": {"uv": [2, 2, 3, 2], "texture": "#10"},
				"up": {"uv": [2, 2, 1, 1], "texture": "#10"},
				"down": {"uv": [3, 1, 2, 2], "texture": "#10"}
			}
		},
		{
			"from": [8.975, 13.225, 7.45],
			"to": [10.075, 13.5, 8.55],
			"rotation": {"angle": -45, "axis": "z", "origin": [9.5, 12, 8]},
			"faces": {
				"north": {"uv": [3, 2, 4, 3], "texture": "#6"},
				"east": {"uv": [0, 1, 1, 2], "texture": "#6"},
				"south": {"uv": [1, 2, 2, 3], "texture": "#6"},
				"west": {"uv": [2, 2, 3, 3], "texture": "#6"},
				"up": {"uv": [2, 1, 3, 2], "texture": "#6"},
				"down": {"uv": [0, 2, 1, 3], "texture": "#6"}
			}
		},
		{
			"from": [5.9, 13.225, 7.4],
			"to": [7.05, 13.5, 8.6],
			"rotation": {"angle": 45, "axis": "z", "origin": [6.5, 12, 8]},
			"faces": {
				"north": {"uv": [5, 7, 6, 8], "texture": "#6"},
				"east": {"uv": [2, 5, 3, 6], "texture": "#6"},
				"south": {"uv": [8, 5, 9, 6], "texture": "#6"},
				"west": {"uv": [7, 2, 8, 3], "texture": "#6"},
				"up": {"uv": [4, 2, 5, 3], "texture": "#6"},
				"down": {"uv": [1, 2, 2, 3], "texture": "#6"}
			}
		},
		{
			"from": [5.975, 11.475, 7.5],
			"to": [6.975, 13.5, 8.5],
			"rotation": {"angle": 45, "axis": "z", "origin": [6.5, 12, 8]},
			"faces": {
				"north": {"uv": [1, 2, 2, 4], "texture": "#10"},
				"east": {"uv": [0, 2, 1, 4], "texture": "#10"},
				"south": {"uv": [3, 2, 4, 4], "texture": "#10"},
				"west": {"uv": [2, 2, 3, 4], "texture": "#10"},
				"up": {"uv": [2, 2, 1, 1], "texture": "#10"},
				"down": {"uv": [3, 1, 2, 2], "texture": "#10"}
			}
		},
		{
			"from": [9.025, 11.475, 7.5],
			"to": [10.025, 13.5, 8.5],
			"rotation": {"angle": -45, "axis": "z", "origin": [9.5, 12, 8]},
			"faces": {
				"north": {"uv": [1, 2, 2, 4], "texture": "#10"},
				"east": {"uv": [0, 2, 1, 4], "texture": "#10"},
				"south": {"uv": [3, 2, 4, 4], "texture": "#10"},
				"west": {"uv": [2, 2, 3, 4], "texture": "#10"},
				"up": {"uv": [2, 2, 1, 1], "texture": "#10"},
				"down": {"uv": [3, 1, 2, 2], "texture": "#10"}
			}
		},
		{
			"name": "octagon",
			"from": [3.42157, 16.4, 6],
			"to": [5.07843, 16.6, 6.25],
			"rotation": {"angle": 45, "axis": "y", "origin": [4.25, 16.5, 8]},
			"faces": {
				"north": {"uv": [0, 1, 1, 1], "texture": "#9"},
				"east": {"uv": [0, 1, 0, 1], "texture": "#9"},
				"south": {"uv": [1, 1, 2, 1], "texture": "#9"},
				"west": {"uv": [1, 1, 1, 1], "texture": "#9"},
				"up": {"uv": [1, 1, 0, 1], "texture": "#9"},
				"down": {"uv": [2, 1, 1, 1], "texture": "#9"}
			}
		},
		{
			"name": "octagon",
			"from": [3.42157, 16.4, 6],
			"to": [5.07843, 16.6, 6.25],
			"rotation": {"angle": 0, "axis": "y", "origin": [4.25, 16.5, 8]},
			"faces": {
				"north": {"uv": [0, 1, 1, 1], "texture": "#9"},
				"east": {"uv": [0, 1, 0, 1], "texture": "#9"},
				"south": {"uv": [1, 1, 2, 1], "texture": "#9"},
				"west": {"uv": [1, 1, 1, 1], "texture": "#9"},
				"up": {"uv": [1, 1, 0, 1], "texture": "#9"},
				"down": {"uv": [2, 1, 1, 1], "texture": "#9"}
			}
		},
		{
			"name": "octagon",
			"from": [3.42157, 16.4, 9.75],
			"to": [4.07843, 16.6, 10],
			"rotation": {"angle": 45, "axis": "y", "origin": [4.25, 16.5, 8]},
			"faces": {
				"north": {"uv": [0, 1, 0, 1], "texture": "#9"},
				"east": {"uv": [0, 1, 0, 1], "texture": "#9"},
				"south": {"uv": [0, 1, 0, 1], "texture": "#9"},
				"west": {"uv": [0, 1, 0, 1], "texture": "#9"},
				"up": {"uv": [0, 1, 0, 1], "texture": "#9"},
				"down": {"uv": [0, 1, 0, 1], "texture": "#9"}
			}
		},
		{
			"name": "octagon",
			"from": [3.42157, 16.4, 9.75],
			"to": [5.07843, 16.6, 10],
			"rotation": {"angle": 0, "axis": "y", "origin": [4.25, 16.5, 8]},
			"faces": {
				"north": {"uv": [0, 1, 1, 1], "texture": "#9"},
				"east": {"uv": [0, 1, 0, 1], "texture": "#9"},
				"south": {"uv": [1, 1, 2, 1], "texture": "#9"},
				"west": {"uv": [1, 1, 1, 1], "texture": "#9"},
				"up": {"uv": [1, 1, 0, 1], "texture": "#9"},
				"down": {"uv": [2, 1, 1, 1], "texture": "#9"}
			}
		},
		{
			"name": "octagon",
			"from": [2.25, 16.4, 7.17157],
			"to": [2.5, 16.6, 8.82843],
			"rotation": {"angle": 45, "axis": "y", "origin": [4.25, 16.5, 8]},
			"faces": {
				"north": {"uv": [1, 2, 1, 2], "texture": "#9"},
				"east": {"uv": [0, 2, 1, 2], "texture": "#9"},
				"south": {"uv": [2, 2, 2, 2], "texture": "#9"},
				"west": {"uv": [1, 2, 2, 2], "texture": "#9"},
				"up": {"uv": [1, 2, 1, 1], "texture": "#9"},
				"down": {"uv": [1, 1, 1, 2], "texture": "#9"}
			}
		},
		{
			"name": "octagon",
			"from": [2.25, 16.4, 7.17157],
			"to": [2.5, 16.6, 8.82843],
			"rotation": {"angle": 0, "axis": "y", "origin": [4.25, 16.5, 8]},
			"faces": {
				"north": {"uv": [1, 2, 1, 2], "texture": "#9"},
				"east": {"uv": [0, 2, 1, 2], "texture": "#9"},
				"south": {"uv": [2, 2, 2, 2], "texture": "#9"},
				"west": {"uv": [1, 2, 2, 2], "texture": "#9"},
				"up": {"uv": [1, 2, 1, 1], "texture": "#9"},
				"down": {"uv": [1, 1, 1, 2], "texture": "#9"}
			}
		},
		{
			"name": "octagon",
			"from": [6, 16.4, 7.17157],
			"to": [6.25, 16.6, 7.82843],
			"rotation": {"angle": 45, "axis": "y", "origin": [4.25, 16.5, 8]},
			"faces": {
				"north": {"uv": [0, 1, 0, 1], "texture": "#9"},
				"east": {"uv": [0, 1, 0, 1], "texture": "#9"},
				"south": {"uv": [0, 1, 0, 1], "texture": "#9"},
				"west": {"uv": [0, 1, 0, 1], "texture": "#9"},
				"up": {"uv": [0, 1, 0, 1], "texture": "#9"},
				"down": {"uv": [0, 1, 0, 1], "texture": "#9"}
			}
		},
		{
			"name": "octagon",
			"from": [12.32843, 16.4, 4.34315],
			"to": [12.57843, 16.6, 6],
			"rotation": {"angle": -45, "axis": "y", "origin": [7.75, 16.5, 8]},
			"faces": {
				"north": {"uv": [1, 2, 1, 2], "texture": "#9"},
				"east": {"uv": [0, 2, 1, 2], "texture": "#9"},
				"south": {"uv": [2, 2, 2, 2], "texture": "#9"},
				"west": {"uv": [1, 2, 2, 2], "texture": "#9"},
				"up": {"uv": [1, 2, 1, 1], "rotation": 90, "texture": "#9"},
				"down": {"uv": [1, 1, 1, 2], "rotation": 270, "texture": "#9"}
			}
		},
		{
			"name": "octagon",
			"from": [10.92157, 16.4, 9.75],
			"to": [12.57843, 16.6, 10],
			"rotation": {"angle": 0, "axis": "y", "origin": [7.75, 16.5, 8]},
			"faces": {
				"north": {"uv": [0, 1, 1, 1], "texture": "#9"},
				"east": {"uv": [0, 1, 0, 1], "texture": "#9"},
				"south": {"uv": [1, 1, 2, 1], "texture": "#9"},
				"west": {"uv": [1, 1, 1, 1], "texture": "#9"},
				"up": {"uv": [1, 1, 0, 1], "rotation": 180, "texture": "#9"},
				"down": {"uv": [2, 1, 1, 1], "rotation": 180, "texture": "#9"}
			}
		},
		{
			"name": "octagon",
			"from": [8.57843, 16.4, 4.34315],
			"to": [8.82843, 16.6, 5],
			"rotation": {"angle": -45, "axis": "y", "origin": [7.75, 16.5, 8]},
			"faces": {
				"north": {"uv": [0, 1, 0, 1], "texture": "#9"},
				"east": {"uv": [0, 1, 0, 1], "texture": "#9"},
				"south": {"uv": [0, 1, 0, 1], "texture": "#9"},
				"west": {"uv": [0, 1, 0, 1], "texture": "#9"},
				"up": {"uv": [0, 1, 0, 1], "rotation": 90, "texture": "#9"},
				"down": {"uv": [0, 1, 0, 1], "rotation": 270, "texture": "#9"}
			}
		},
		{
			"name": "octagon",
			"from": [10.92157, 16.4, 6],
			"to": [12.57843, 16.6, 6.25],
			"rotation": {"angle": 0, "axis": "y", "origin": [7.75, 16.5, 8]},
			"faces": {
				"north": {"uv": [0, 1, 1, 1], "texture": "#9"},
				"east": {"uv": [0, 1, 0, 1], "texture": "#9"},
				"south": {"uv": [1, 1, 2, 1], "texture": "#9"},
				"west": {"uv": [1, 1, 1, 1], "texture": "#9"},
				"up": {"uv": [1, 1, 0, 1], "rotation": 180, "texture": "#9"},
				"down": {"uv": [2, 1, 1, 1], "rotation": 180, "texture": "#9"}
			}
		},
		{
			"name": "octagon",
			"from": [9.75, 16.4, 3.17157],
			"to": [11.40685, 16.6, 3.42157],
			"rotation": {"angle": -45, "axis": "y", "origin": [7.75, 16.5, 8]},
			"faces": {
				"north": {"uv": [0, 1, 1, 1], "texture": "#9"},
				"east": {"uv": [0, 1, 0, 1], "texture": "#9"},
				"south": {"uv": [1, 1, 2, 1], "texture": "#9"},
				"west": {"uv": [1, 1, 1, 1], "texture": "#9"},
				"up": {"uv": [1, 1, 0, 1], "rotation": 90, "texture": "#9"},
				"down": {"uv": [2, 1, 1, 1], "rotation": 270, "texture": "#9"}
			}
		},
		{
			"name": "octagon",
			"from": [13.5, 16.4, 7.17157],
			"to": [13.75, 16.6, 8.82843],
			"rotation": {"angle": 0, "axis": "y", "origin": [7.75, 16.5, 8]},
			"faces": {
				"north": {"uv": [1, 2, 1, 2], "texture": "#9"},
				"east": {"uv": [0, 2, 1, 2], "texture": "#9"},
				"south": {"uv": [2, 2, 2, 2], "texture": "#9"},
				"west": {"uv": [1, 2, 2, 2], "texture": "#9"},
				"up": {"uv": [1, 2, 1, 1], "rotation": 180, "texture": "#9"},
				"down": {"uv": [1, 1, 1, 2], "rotation": 180, "texture": "#9"}
			}
		},
		{
			"name": "octagon",
			"from": [10.75, 16.4, 6.92157],
			"to": [11.40685, 16.6, 7.17157],
			"rotation": {"angle": -45, "axis": "y", "origin": [7.75, 16.5, 8]},
			"faces": {
				"north": {"uv": [0, 1, 0, 1], "texture": "#9"},
				"east": {"uv": [0, 1, 0, 1], "texture": "#9"},
				"south": {"uv": [0, 1, 0, 1], "texture": "#9"},
				"west": {"uv": [0, 1, 0, 1], "texture": "#9"},
				"up": {"uv": [0, 1, 0, 1], "rotation": 90, "texture": "#9"},
				"down": {"uv": [0, 1, 0, 1], "rotation": 270, "texture": "#9"}
			}
		},
		{
			"name": "octagon",
			"from": [7.37868, 7.75, 7.875],
			"to": [8.62132, 8, 8.125],
			"rotation": {"angle": 45, "axis": "z", "origin": [8, 9.25, 8]},
			"faces": {
				"north": {"uv": [0, 5, 1, 7], "texture": "#6"},
				"east": {"uv": [0, 5, 1, 7], "texture": "#6"},
				"south": {"uv": [0, 5, 1, 7], "texture": "#6"},
				"west": {"uv": [0, 5, 1, 7], "texture": "#6"},
				"up": {"uv": [0, 5, 1, 7], "texture": "#6"},
				"down": {"uv": [0, 5, 1, 7], "texture": "#6"}
			}
		},
		{
			"name": "octagon",
			"from": [7.37868, 7.75, 7.875],
			"to": [8.62132, 8, 8.125],
			"rotation": {"angle": 0, "axis": "y", "origin": [8, 9.25, 8]},
			"faces": {
				"north": {"uv": [3, 0, 4, 1], "texture": "#6"},
				"east": {"uv": [3, 0, 4, 1], "texture": "#6"},
				"south": {"uv": [3, 0, 4, 1], "texture": "#6"},
				"west": {"uv": [3, 0, 4, 1], "texture": "#6"},
				"up": {"uv": [3, 0, 4, 1], "texture": "#6"},
				"down": {"uv": [3, 0, 4, 1], "texture": "#6"}
			}
		},
		{
			"name": "octagon",
			"from": [7.37868, 10.5, 7.875],
			"to": [8.62132, 10.75, 8.125],
			"rotation": {"angle": 45, "axis": "z", "origin": [8, 9.25, 8]},
			"faces": {
				"north": {"uv": [1, 1, 2, 2], "texture": "#6"},
				"east": {"uv": [1, 1, 2, 2], "texture": "#6"},
				"south": {"uv": [1, 1, 2, 2], "texture": "#6"},
				"west": {"uv": [1, 1, 2, 2], "texture": "#6"},
				"up": {"uv": [1, 1, 2, 2], "texture": "#6"},
				"down": {"uv": [1, 1, 2, 2], "texture": "#6"}
			}
		},
		{
			"name": "octagon",
			"from": [7.37868, 10.5, 7.875],
			"to": [8.62132, 10.75, 8.125],
			"rotation": {"angle": 0, "axis": "y", "origin": [8, 9.25, 8]},
			"faces": {
				"north": {"uv": [2, 1, 1, 2], "texture": "#6"},
				"east": {"uv": [2, 1, 1, 2], "texture": "#6"},
				"south": {"uv": [2, 1, 1, 2], "texture": "#6"},
				"west": {"uv": [2, 1, 1, 2], "texture": "#6"},
				"up": {"uv": [2, 1, 1, 2], "texture": "#6"},
				"down": {"uv": [2, 1, 1, 2], "texture": "#6"}
			}
		},
		{
			"name": "octagon",
			"from": [6.5, 8.62868, 7.875],
			"to": [6.75, 9.87132, 8.125],
			"rotation": {"angle": 45, "axis": "z", "origin": [8, 9.25, 8]},
			"faces": {
				"north": {"uv": [0, 1, 1, 2], "texture": "#6"},
				"east": {"uv": [0, 1, 1, 2], "texture": "#6"},
				"south": {"uv": [0, 1, 1, 2], "texture": "#6"},
				"west": {"uv": [0, 1, 1, 2], "texture": "#6"},
				"up": {"uv": [0, 1, 1, 2], "texture": "#6"},
				"down": {"uv": [0, 1, 1, 2], "texture": "#6"}
			}
		},
		{
			"name": "octagon",
			"from": [6.5, 8.62868, 7.875],
			"to": [6.75, 9.87132, 8.125],
			"rotation": {"angle": 0, "axis": "y", "origin": [8, 9.25, 8]},
			"faces": {
				"north": {"uv": [0, 1, 1, 2], "texture": "#6"},
				"east": {"uv": [0, 1, 1, 2], "texture": "#6"},
				"south": {"uv": [0, 1, 1, 2], "texture": "#6"},
				"west": {"uv": [0, 1, 1, 2], "texture": "#6"},
				"up": {"uv": [0, 1, 1, 2], "texture": "#6"},
				"down": {"uv": [0, 1, 1, 2], "texture": "#6"}
			}
		},
		{
			"name": "octagon",
			"from": [9.25, 8.62868, 7.875],
			"to": [9.5, 9.87132, 8.125],
			"rotation": {"angle": 45, "axis": "z", "origin": [8, 9.25, 8]},
			"faces": {
				"north": {"uv": [2, 4, 3, 5], "texture": "#6"},
				"east": {"uv": [2, 4, 3, 5], "texture": "#6"},
				"south": {"uv": [2, 4, 3, 5], "texture": "#6"},
				"west": {"uv": [2, 4, 3, 5], "texture": "#6"},
				"up": {"uv": [2, 4, 3, 5], "texture": "#6"},
				"down": {"uv": [2, 4, 3, 5], "texture": "#6"}
			}
		},
		{
			"name": "octagon",
			"from": [9.25, 8.62868, 7.875],
			"to": [9.5, 9.87132, 8.125],
			"rotation": {"angle": 0, "axis": "y", "origin": [8, 9.25, 8]},
			"faces": {
				"north": {"uv": [12, 13, 13, 14], "texture": "#6"},
				"east": {"uv": [12, 13, 13, 14], "texture": "#6"},
				"south": {"uv": [12, 13, 13, 14], "texture": "#6"},
				"west": {"uv": [12, 13, 13, 14], "texture": "#6"},
				"up": {"uv": [12, 13, 13, 14], "texture": "#6"},
				"down": {"uv": [12, 13, 13, 14], "texture": "#6"}
			}
		},
		{
			"from": [7.25, 4.5, 7.325],
			"to": [7.75, 5, 8.675],
			"rotation": {"angle": 45, "axis": "z", "origin": [8, 4.75, 8]},
			"faces": {
				"north": {"uv": [4, 2, 6, 4], "texture": "#3"},
				"east": {"uv": [0, 12, 6, 14], "texture": "#3"},
				"south": {"uv": [13, 0, 15, 2], "texture": "#3"},
				"west": {"uv": [8, 8, 14, 10], "texture": "#3"},
				"up": {"uv": [1, 2.35, 1, 1.35], "texture": "#3"},
				"down": {"uv": [1, 1.35, 1, 2.35], "texture": "#3"}
			}
		},
		{
			"from": [8.25, 4.5, 7.325],
			"to": [8.75, 5, 8.675],
			"rotation": {"angle": 45, "axis": "z", "origin": [8, 4.75, 8]},
			"faces": {
				"north": {"uv": [13, 0, 15, 2], "texture": "#3"},
				"east": {"uv": [0, 12, 6, 14], "texture": "#3"},
				"south": {"uv": [0, 4, 2, 6], "texture": "#3"},
				"west": {"uv": [1, 2, 2, 2], "texture": "#3"},
				"up": {"uv": [1, 2.35, 1, 1.35], "texture": "#3"},
				"down": {"uv": [1, 1.35, 1, 2.35], "texture": "#3"}
			}
		},
		{
			"name": "crystal",
			"from": [7.75, 4.5, 7.425],
			"to": [8.25, 5, 8.575],
			"rotation": {"angle": 45, "axis": "z", "origin": [8, 4.75, 8]},
			"faces": {
				"north": {"uv": [1, 4, 3, 6], "texture": "#2"},
				"east": {"uv": [13.85, 13.5, 15, 14], "texture": "#2"},
				"south": {"uv": [4, 1, 6, 3], "texture": "#2"},
				"west": {"uv": [4, 8.15, 8.15, 13.65], "texture": "#2"},
				"up": {"uv": [1, 2.3, 1.5, 1.15], "texture": "#2"},
				"down": {"uv": [5.5, 0.15, 16, 7.3], "texture": "#2"}
			}
		},
		{
			"from": [7.25, 5, 7.325],
			"to": [8.75, 5.5, 8.675],
			"rotation": {"angle": 45, "axis": "z", "origin": [8, 4.75, 8]},
			"faces": {
				"north": {"uv": [4, 6, 10, 8], "texture": "#3"},
				"east": {"uv": [10, 6, 16, 8], "texture": "#3"},
				"south": {"uv": [4, 6, 10, 8], "texture": "#3"},
				"west": {"uv": [10, 6, 16, 8], "texture": "#3"},
				"up": {"uv": [11, 16, 5, 10], "texture": "#3"},
				"down": {"uv": [10, 1, 5, 4], "texture": "#3"}
			}
		},
		{
			"from": [7.25, 4, 7.325],
			"to": [8.75, 4.5, 8.675],
			"rotation": {"angle": 45, "axis": "z", "origin": [8, 4.75, 8]},
			"faces": {
				"north": {"uv": [9, 6, 15, 8], "texture": "#3"},
				"east": {"uv": [3, 6, 9, 8], "texture": "#3"},
				"south": {"uv": [9, 6, 15, 8], "texture": "#3"},
				"west": {"uv": [3, 6, 9, 8], "texture": "#3"},
				"up": {"uv": [15, 15, 9, 9], "texture": "#3"},
				"down": {"uv": [6, 9, 0, 15], "texture": "#3"}
			}
		},
		{
			"from": [10.25, 14.25, 7.325],
			"to": [10.75, 14.75, 8.675],
			"rotation": {"angle": 45, "axis": "z", "origin": [11, 14.5, 8]},
			"faces": {
				"north": {"uv": [4, 2, 6, 4], "texture": "#3"},
				"east": {"uv": [0, 12, 6, 14], "texture": "#3"},
				"south": {"uv": [13, 0, 15, 2], "texture": "#3"},
				"west": {"uv": [8, 8, 14, 10], "texture": "#3"},
				"up": {"uv": [1, 2.35, 1, 1.35], "texture": "#3"},
				"down": {"uv": [1, 1.35, 1, 2.35], "texture": "#3"}
			}
		},
		{
			"from": [11.25, 14.25, 7.325],
			"to": [11.75, 14.75, 8.675],
			"rotation": {"angle": 45, "axis": "z", "origin": [11, 14.5, 8]},
			"faces": {
				"north": {"uv": [13, 0, 15, 2], "texture": "#3"},
				"east": {"uv": [0, 12, 6, 14], "texture": "#3"},
				"south": {"uv": [0, 4, 2, 6], "texture": "#3"},
				"west": {"uv": [1, 2, 2, 2], "texture": "#3"},
				"up": {"uv": [1, 2.35, 1, 1.35], "texture": "#3"},
				"down": {"uv": [1, 1.35, 1, 2.35], "texture": "#3"}
			}
		},
		{
			"name": "crystal",
			"from": [10.75, 14.25, 7.425],
			"to": [11.25, 14.75, 8.575],
			"rotation": {"angle": 45, "axis": "z", "origin": [11, 14.5, 8]},
			"faces": {
				"north": {"uv": [1, 4, 3, 6], "texture": "#2"},
				"east": {"uv": [13.85, 13.5, 15, 14], "texture": "#2"},
				"south": {"uv": [4, 1, 6, 3], "texture": "#2"},
				"west": {"uv": [4, 8.15, 8.15, 13.65], "texture": "#2"},
				"up": {"uv": [1, 2.3, 1.5, 1.15], "texture": "#2"},
				"down": {"uv": [5.5, 0.15, 16, 7.3], "texture": "#2"}
			}
		},
		{
			"from": [10.25, 14.75, 7.325],
			"to": [11.75, 15.25, 8.675],
			"rotation": {"angle": 45, "axis": "z", "origin": [11, 14.5, 8]},
			"faces": {
				"north": {"uv": [4, 6, 10, 8], "texture": "#3"},
				"east": {"uv": [10, 6, 16, 8], "texture": "#3"},
				"south": {"uv": [4, 6, 10, 8], "texture": "#3"},
				"west": {"uv": [10, 6, 16, 8], "texture": "#3"},
				"up": {"uv": [11, 16, 5, 10], "texture": "#3"},
				"down": {"uv": [10, 1, 5, 4], "texture": "#3"}
			}
		},
		{
			"from": [10.25, 13.75, 7.325],
			"to": [11.75, 14.25, 8.675],
			"rotation": {"angle": 45, "axis": "z", "origin": [11, 14.5, 8]},
			"faces": {
				"north": {"uv": [9, 6, 15, 8], "texture": "#3"},
				"east": {"uv": [3, 6, 9, 8], "texture": "#3"},
				"south": {"uv": [9, 6, 15, 8], "texture": "#3"},
				"west": {"uv": [3, 6, 9, 8], "texture": "#3"},
				"up": {"uv": [15, 15, 9, 9], "texture": "#3"},
				"down": {"uv": [6, 9, 0, 15], "texture": "#3"}
			}
		},
		{
			"from": [4.25, 14.25, 7.325],
			"to": [4.75, 14.75, 8.675],
			"rotation": {"angle": 45, "axis": "z", "origin": [5, 14.5, 8]},
			"faces": {
				"north": {"uv": [4, 2, 6, 4], "texture": "#3"},
				"east": {"uv": [0, 12, 6, 14], "texture": "#3"},
				"south": {"uv": [13, 0, 15, 2], "texture": "#3"},
				"west": {"uv": [8, 8, 14, 10], "texture": "#3"},
				"up": {"uv": [1, 2.35, 1, 1.35], "texture": "#3"},
				"down": {"uv": [1, 1.35, 1, 2.35], "texture": "#3"}
			}
		},
		{
			"from": [5.25, 14.25, 7.325],
			"to": [5.75, 14.75, 8.675],
			"rotation": {"angle": 45, "axis": "z", "origin": [5, 14.5, 8]},
			"faces": {
				"north": {"uv": [13, 0, 15, 2], "texture": "#3"},
				"east": {"uv": [0, 12, 6, 14], "texture": "#3"},
				"south": {"uv": [0, 4, 2, 6], "texture": "#3"},
				"west": {"uv": [1, 2, 2, 2], "texture": "#3"},
				"up": {"uv": [1, 2.35, 1, 1.35], "texture": "#3"},
				"down": {"uv": [1, 1.35, 1, 2.35], "texture": "#3"}
			}
		},
		{
			"name": "crystal",
			"from": [4.75, 14.25, 7.425],
			"to": [5.25, 14.75, 8.575],
			"rotation": {"angle": 45, "axis": "z", "origin": [5, 14.5, 8]},
			"faces": {
				"north": {"uv": [1, 4, 3, 6], "texture": "#2"},
				"east": {"uv": [13.85, 13.5, 15, 14], "texture": "#2"},
				"south": {"uv": [4, 1, 6, 3], "texture": "#2"},
				"west": {"uv": [4, 8.15, 8.15, 13.65], "texture": "#2"},
				"up": {"uv": [1, 2.3, 1.5, 1.15], "texture": "#2"},
				"down": {"uv": [5.5, 0.15, 16, 7.3], "texture": "#2"}
			}
		},
		{
			"from": [4.25, 14.75, 7.325],
			"to": [5.75, 15.25, 8.675],
			"rotation": {"angle": 45, "axis": "z", "origin": [5, 14.5, 8]},
			"faces": {
				"north": {"uv": [4, 6, 10, 8], "texture": "#3"},
				"east": {"uv": [10, 6, 16, 8], "texture": "#3"},
				"south": {"uv": [4, 6, 10, 8], "texture": "#3"},
				"west": {"uv": [10, 6, 16, 8], "texture": "#3"},
				"up": {"uv": [11, 16, 5, 10], "texture": "#3"},
				"down": {"uv": [10, 1, 5, 4], "texture": "#3"}
			}
		},
		{
			"from": [4.25, 13.75, 7.325],
			"to": [5.75, 14.25, 8.675],
			"rotation": {"angle": 45, "axis": "z", "origin": [5, 14.5, 8]},
			"faces": {
				"north": {"uv": [9, 6, 15, 8], "texture": "#3"},
				"east": {"uv": [3, 6, 9, 8], "texture": "#3"},
				"south": {"uv": [9, 6, 15, 8], "texture": "#3"},
				"west": {"uv": [3, 6, 9, 8], "texture": "#3"},
				"up": {"uv": [15, 15, 9, 9], "texture": "#3"},
				"down": {"uv": [6, 9, 0, 15], "texture": "#3"}
			}
		},
		{
			"name": "animation",
			"from": [3.5, 14.5, 3.5],
			"to": [12.5, 14.5, 12.5],
			"rotation": {"angle": 0, "axis": "y", "origin": [9, 14.5, 7]},
			"faces": {
				"north": {"uv": [0, 0, 8, 0], "texture": "#11"},
				"east": {"uv": [0, 0, 8, 0], "texture": "#11"},
				"south": {"uv": [0, 0, 8, 0], "texture": "#11"},
				"west": {"uv": [0, 0, 8, 0], "texture": "#11"},
				"up": {"uv": [8, 8, 0, 0], "texture": "#11"},
				"down": {"uv": [8, 0, 0, 8], "texture": "#11"}
			}
		}
	],
	"display": {
		"thirdperson_righthand": {
			"translation": [0, 14.5, 0.75]
		},
		"thirdperson_lefthand": {
			"translation": [0, 14.5, 0.75]
		},
		"firstperson_righthand": {
			"rotation": [2, -66, 33],
			"translation": [0.63, 5, 0.5],
			"scale": [0.68, 0.68, 0.68]
		},
		"firstperson_lefthand": {
			"rotation": [2, -66, 33],
			"translation": [0.63, 5, 0.5],
			"scale": [0.68, 0.68, 0.68]
		},
		"ground": {
			"translation": [0, 18, 0]
		},
		"gui": {
			"rotation": [0, 0, -45],
			"translation": [2.5, 2.5, 0],
			"scale": [0.75, 0.75, 0.75]
		},
		"head": {
			"translation": [0, 9.25, 0],
			"scale": [4, 4, 4]
		},
		"fixed": {
			"rotation": [0, 0, 45],
			"translation": [-1.5, 1.5, 0],
			"scale": [0.75, 0.75, 0.75]
		}
	},
	"groups": [
		{
			"name": "handle",
			"origin": [8, 8, 8],
			"color": 0,
			"children": [
				{
					"name": "octagon",
					"origin": [8, 8, 8],
					"color": 0,
					"children": [0, 1, 2, 3]
				},
				{
					"name": "connector",
					"origin": [8, 8, 8],
					"color": 0,
					"children": [
						{
							"name": "octagon",
							"origin": [8, 8, 8],
							"color": 0,
							"children": [4, 5, 6, 7]
						},
						{
							"name": "octagon",
							"origin": [8, 8, 8],
							"color": 0,
							"children": [8, 9, 10, 11]
						},
						{
							"name": "octagon",
							"origin": [8, 8, 8],
							"color": 0,
							"children": [12, 13, 14, 15]
						},
						{
							"name": "octagon",
							"origin": [8, 8, 8],
							"color": 0,
							"children": [16, 17, 18, 19]
						}
					]
				},
				{
					"name": "bottom",
					"origin": [8, 8, 8],
					"color": 0,
					"children": [
						{
							"name": "octagon",
							"origin": [8, 8, 8],
							"color": 0,
							"children": [20, 21, 22, 23]
						},
						{
							"name": "octagon",
							"origin": [8, 8, 8],
							"color": 0,
							"children": [24, 25, 26, 27]
						},
						{
							"name": "octagon",
							"origin": [8, 8, 8],
							"color": 0,
							"children": [28, 29, 30, 31]
						}
					]
				}
			]
		},
		32,
		{
			"name": "shoulder",
			"origin": [0, 0, 0],
			"color": 0,
			"children": [33, 34, 35, 36, 37]
		},
		{
			"name": "neck",
			"origin": [9.5, 25, 8],
			"color": 0,
			"children": [38, 39, 40, 41, 42, 43, 44, 45, 46, 47, 48, 49, 50, 51, 52, 53, 54, 55, 56, 57, 58, 59, 60, 61, 62, 63, 64, 65, 66, 67]
		},
		{
			"name": "rings",
			"origin": [8, 8, 8],
			"color": 0,
			"children": [
				{
					"name": "octagon",
					"origin": [8, 8, 8],
					"color": 0,
					"children": [68, 69, 70, 71, 72, 73, 74]
				},
				{
					"name": "octagon",
					"origin": [8, 8, 8],
					"color": 0,
					"children": [75, 76, 77, 78, 79, 80, 81]
				}
			]
		},
		{
			"name": "octagon",
			"origin": [8, 8, 8],
			"color": 0,
			"children": [82, 83, 84, 85, 86, 87, 88, 89]
		},
		{
			"name": "group",
			"origin": [8, 8, 8],
			"color": 0,
			"children": [
				{
					"name": "group",
					"origin": [8, 4.75, 8],
					"color": 0,
					"children": [90, 91, 92, 93, 94]
				},
				{
					"name": "group",
					"origin": [8, 4.75, 8],
					"color": 0,
					"children": [95, 96, 97, 98, 99]
				},
				{
					"name": "group",
					"origin": [8, 4.75, 8],
					"color": 0,
					"children": [100, 101, 102, 103, 104]
				}
			]
		},
		105
	]
}