{
	"parent": "item_frame_block",
	"textures": {
		"0": "block/light_blue_terracotta",
		"1": "block/light_gray_concrete",
		"particle": "block/light_blue_terracotta"
	},
	"elements": [
		{
			"from": [8, 0, 0],
			"to": [16, 16, 16],
			"faces": {
				"north": {"uv": [0, 0, 8, 16], "texture": "#1"},
				"east": {"uv": [0, 0, 16, 16], "texture": "#1"},
				"south": {"uv": [0, 0, 8, 16], "texture": "#1"},
				"west": {"uv": [0, 0, 16, 16], "texture": "#1"},
				"up": {"uv": [0, 0, 8, 16], "texture": "#1"},
				"down": {"uv": [0, 0, 8, 16], "texture": "#1"}
			}
		},
		{
			"from": [0, 0, 0],
			"to": [8, 16, 16],
			"faces": {
				"north": {"uv": [0, 0, 8, 16], "texture": "#0"},
				"east": {"uv": [0, 0, 16, 16], "texture": "#0"},
				"south": {"uv": [0, 0, 8, 16], "texture": "#0"},
				"west": {"uv": [0, 0, 16, 16], "texture": "#0"},
				"up": {"uv": [0, 0, 8, 16], "texture": "#0"},
				"down": {"uv": [0, 0, 8, 16], "texture": "#0"}
			}
		}
	]
}