{
	"credit": "Made with Blockbench",
	"textures": {
		"0": "furniture/drinks/juice_glass"
	},
	"elements": [
		{
			"from": [6, 0, 6],
			"to": [10, 1, 10],
			"faces": {
				"up": {"uv": [0, 0, 4, 4], "texture": "#0"},
				"down": {"uv": [0, 0, 4, 4], "texture": "#0"}
			}
		},
		{
			"from": [10, 7, 5],
			"to": [11, 10, 6],
			"rotation": {"angle": 0, "axis": "y", "origin": [16, 0, 16]},
			"faces": {
				"north": {"uv": [0, 0, 6, 9], "texture": "#0"},
				"east": {"uv": [0, 0, 1, 9], "texture": "#0"},
				"up": {"uv": [6, 1, 0, 0], "texture": "#0"}
			}
		},
		{
			"from": [10, 1, 5],
			"to": [11, 7, 6],
			"rotation": {"angle": 0, "axis": "y", "origin": [16, 0, 16]},
			"faces": {
				"north": {"uv": [0, 0, 6, 9], "texture": "#0"},
				"east": {"uv": [0, 0, 1, 9], "texture": "#0"}
			}
		},
		{
			"from": [5, 7, 5],
			"to": [6, 10, 6],
			"rotation": {"angle": 0, "axis": "y", "origin": [0, 0, 16]},
			"faces": {
				"north": {"uv": [6, 0, 0, 9], "texture": "#0"},
				"west": {"uv": [1, 0, 0, 9], "texture": "#0"},
				"up": {"uv": [0, 1, 6, 0], "texture": "#0"}
			}
		},
		{
			"from": [5, 1, 5],
			"to": [6, 7, 6],
			"rotation": {"angle": 0, "axis": "y", "origin": [0, 0, 16]},
			"faces": {
				"north": {"uv": [6, 0, 0, 9], "texture": "#0"},
				"west": {"uv": [1, 0, 0, 9], "texture": "#0"}
			}
		},
		{
			"from": [5, 7, 10],
			"to": [6, 10, 11],
			"faces": {
				"south": {"uv": [0, 0, 6, 9], "texture": "#0"},
				"west": {"uv": [0, 0, 1, 9], "texture": "#0"},
				"up": {"uv": [0, 0, 6, 1], "texture": "#0"}
			}
		},
		{
			"from": [5, 1, 10],
			"to": [6, 7, 11],
			"faces": {
				"south": {"uv": [0, 0, 6, 9], "texture": "#0"},
				"west": {"uv": [0, 0, 1, 9], "texture": "#0"}
			}
		},
		{
			"from": [10, 7, 10],
			"to": [11, 10, 11],
			"rotation": {"angle": 0, "axis": "y", "origin": [16, 0, 0]},
			"faces": {
				"east": {"uv": [1, 0, 0, 9], "texture": "#0"},
				"south": {"uv": [6, 0, 0, 9], "texture": "#0"},
				"up": {"uv": [6, 0, 0, 1], "texture": "#0"}
			}
		},
		{
			"from": [10, 1, 10],
			"to": [11, 7, 11],
			"rotation": {"angle": 0, "axis": "y", "origin": [16, 0, 0]},
			"faces": {
				"east": {"uv": [1, 0, 0, 9], "texture": "#0"},
				"south": {"uv": [6, 0, 0, 9], "texture": "#0"}
			}
		},
		{
			"from": [6, 7, 10],
			"to": [10, 10, 11],
			"faces": {
				"north": {"uv": [0, 0, 6, 9], "texture": "#0"},
				"south": {"uv": [0, 0, 6, 9], "texture": "#0"},
				"up": {"uv": [0, 0, 6, 1], "texture": "#0"}
			}
		},
		{
			"from": [5, 7, 6],
			"to": [6, 10, 10],
			"faces": {
				"east": {"uv": [0, 0, 4, 9], "texture": "#0"},
				"west": {"uv": [0, 0, 4, 9], "texture": "#0"},
				"up": {"uv": [0, 0, 1, 4], "texture": "#0"}
			}
		},
		{
			"from": [6, 7, 5],
			"to": [10, 10, 6],
			"faces": {
				"north": {"uv": [0, 0, 6, 9], "texture": "#0"},
				"south": {"uv": [0, 0, 6, 9], "texture": "#0"},
				"up": {"uv": [0, 0, 6, 1], "texture": "#0"}
			}
		},
		{
			"from": [10, 7, 6],
			"to": [11, 10, 10],
			"faces": {
				"east": {"uv": [0, 0, 4, 9], "texture": "#0"},
				"west": {"uv": [0, 0, 4, 9], "texture": "#0"},
				"up": {"uv": [0, 0, 1, 4], "texture": "#0"}
			}
		},
		{
			"from": [6, 1, 10],
			"to": [10, 7, 11],
			"faces": {
				"south": {"uv": [0, 0, 6, 9], "texture": "#0"}
			}
		},
		{
			"from": [5, 1, 6],
			"to": [6, 7, 10],
			"faces": {
				"west": {"uv": [0, 0, 4, 9], "texture": "#0"}
			}
		},
		{
			"from": [6, 1, 5],
			"to": [10, 7, 6],
			"faces": {
				"north": {"uv": [0, 0, 6, 9], "texture": "#0"}
			}
		},
		{
			"from": [10, 1, 6],
			"to": [11, 7, 10],
			"faces": {
				"east": {"uv": [0, 0, 4, 9], "texture": "#0"}
			}
		},
		{
			"from": [10, 0, 5],
			"to": [11, 1, 6],
			"rotation": {"angle": 0, "axis": "y", "origin": [16, 0, 16]},
			"faces": {
				"north": {"uv": [0, 0, 6, 9], "texture": "#0"},
				"east": {"uv": [0, 0, 1, 9], "texture": "#0"},
				"down": {"uv": [6, 1, 0, 0], "texture": "#0"}
			}
		},
		{
			"from": [5, 0, 5],
			"to": [6, 1, 6],
			"rotation": {"angle": 0, "axis": "y", "origin": [0, 0, 16]},
			"faces": {
				"north": {"uv": [6, 0, 0, 9], "texture": "#0"},
				"west": {"uv": [1, 0, 0, 9], "texture": "#0"},
				"down": {"uv": [0, 1, 6, 0], "texture": "#0"}
			}
		},
		{
			"from": [5, 0, 10],
			"to": [6, 1, 11],
			"faces": {
				"south": {"uv": [0, 0, 6, 9], "texture": "#0"},
				"west": {"uv": [0, 0, 1, 9], "texture": "#0"},
				"down": {"uv": [0, 0, 6, 1], "texture": "#0"}
			}
		},
		{
			"from": [10, 0, 10],
			"to": [11, 1, 11],
			"rotation": {"angle": 0, "axis": "y", "origin": [16, 0, 0]},
			"faces": {
				"east": {"uv": [1, 0, 0, 9], "texture": "#0"},
				"south": {"uv": [6, 0, 0, 9], "texture": "#0"},
				"down": {"uv": [6, 0, 0, 1], "texture": "#0"}
			}
		},
		{
			"from": [6, 0, 10],
			"to": [10, 1, 11],
			"faces": {
				"south": {"uv": [0, 0, 6, 9], "texture": "#0"},
				"down": {"uv": [0, 0, 6, 1], "texture": "#0"}
			}
		},
		{
			"from": [5, 0, 6],
			"to": [6, 1, 10],
			"faces": {
				"west": {"uv": [0, 0, 4, 9], "texture": "#0"},
				"down": {"uv": [0, 0, 1, 4], "texture": "#0"}
			}
		},
		{
			"from": [6, 0, 5],
			"to": [10, 1, 6],
			"faces": {
				"north": {"uv": [0, 0, 6, 9], "texture": "#0"},
				"down": {"uv": [0, 0, 6, 1], "texture": "#0"}
			}
		},
		{
			"from": [10, 0, 6],
			"to": [11, 1, 10],
			"faces": {
				"east": {"uv": [0, 0, 4, 9], "texture": "#0"},
				"down": {"uv": [0, 0, 1, 4], "texture": "#0"}
			}
		},
		{
			"from": [6, 1, 6],
			"to": [10, 7, 10],
			"faces": {
				"north": {"uv": [0, 0, 4, 6], "texture": "#1"},
				"east": {"uv": [0, 0, 4, 6], "texture": "#1"},
				"south": {"uv": [0, 0, 4, 6], "texture": "#1"},
				"west": {"uv": [0, 0, 4, 6], "texture": "#1"},
				"up": {"uv": [0, 0, 4, 4], "texture": "#1"},
				"down": {"uv": [0, 0, 4, 4], "texture": "#1"}
			}
		}
	],
	"display": {
		"thirdperson_righthand": {
			"translation": [0, 3, -0.25],
			"scale": [0.5, 0.5, 0.5]
		},
		"thirdperson_lefthand": {
			"translation": [0, 3, -0.25],
			"scale": [0.5, 0.5, 0.5]
		},
		"firstperson_righthand": {
			"translation": [0, 2, 0]
		},
		"firstperson_lefthand": {
			"translation": [0, 1.25, 0]
		},
		"ground": {
			"translation": [0, 2, 0],
			"scale": [0.5, 0.5, 0.5]
		},
		"gui": {
			"rotation": [30, 225, 0],
			"scale": [0.8, 0.8, 0.8]
		},
		"head": {
			"translation": [0, -14.25, 0],
			"scale": [4, 4, 4]
		},
		"fixed": {
			"rotation": [90, -180, -180],
			"translation": [0, 0, -12],
			"scale": [1.5, 1.5, 1.5]
		}
	},
	"groups": [
		{
			"name": "bone",
			"origin": [0, 0, 0],
			"children": [0,
				{
					"name": "group",
					"origin": [16, 0, 0],
					"children": [1, 2, 3, 4, 5, 6, 7, 8]
				},
				{
					"name": "group",
					"origin": [0, 0, 0],
					"children": [9, 10, 11, 12]
				},
				{
					"name": "group",
					"origin": [0, 0, 0],
					"children": [13, 14, 15, 16]
				},
				{
					"name": "group",
					"origin": [16, 0, 0],
					"children": [17, 18, 19, 20]
				},
				{
					"name": "group",
					"origin": [0, 0, 0],
					"children": [21, 22, 23, 24]
				}
			]
		}, 25]
}