{
	"credit": "Made by Gameboy612",
	"parent": "item_frame_block",
	"textures": {
		"0": "block/chiseled_quartz_block",
		"1": "block/gravel",
		"particle": "block/chiseled_quartz_block"
	},
	"elements": [
		{
			"from": [5, 7, 0],
			"to": [11, 8, 1],
			"faces": {
				"north": {"uv": [7, 16, 10, 15], "texture": "#1"},
				"east": {"uv": [7, 16, 5, 15], "texture": "#1"},
				"south": {"uv": [7, 16, 10, 15], "texture": "#1"},
				"west": {"uv": [7, 16, 5, 15], "texture": "#1"},
				"up": {"uv": [7, 16, 9, 15], "texture": "#1"},
				"down": {"uv": [7, 16, 10, 15], "texture": "#1"}
			}
		},
		{
			"from": [4, 0, 0],
			"to": [5, 14, 1],
			"faces": {
				"north": {"uv": [7, 16, 5, 16], "texture": "#1"},
				"east": {"uv": [7, 16, 5, 16], "texture": "#1"},
				"south": {"uv": [7, 16, 5, 16], "texture": "#1"},
				"west": {"uv": [11, 2, 10, 16], "texture": "#1"},
				"up": {"uv": [6, 16, 5, 15], "texture": "#1"},
				"down": {"uv": [7, 16, 5, 15], "texture": "#1"}
			}
		},
		{
			"from": [11, 0, 0],
			"to": [12, 14, 1],
			"faces": {
				"north": {"uv": [7, 16, 5, 16], "texture": "#1"},
				"east": {"uv": [13, 15, 12, 1], "texture": "#1"},
				"south": {"uv": [7, 16, 5, 16], "texture": "#1"},
				"west": {"uv": [7, 16, 5, 16], "texture": "#1"},
				"up": {"uv": [6, 16, 5, 15], "texture": "#1"},
				"down": {"uv": [7, 16, 5, 15], "texture": "#1"}
			}
		},
		{
			"from": [5, 13, 0],
			"to": [11, 14, 1],
			"faces": {
				"north": {"uv": [7, 16, 10, 15], "texture": "#1"},
				"east": {"uv": [7, 16, 5, 15], "texture": "#1"},
				"south": {"uv": [7, 16, 10, 15], "texture": "#1"},
				"west": {"uv": [7, 16, 5, 15], "texture": "#1"},
				"up": {"uv": [7, 16, 9, 15], "texture": "#1"},
				"down": {"uv": [7, 16, 10, 15], "texture": "#1"}
			}
		},
		{
			"from": [-2, 0, -1],
			"to": [18, 20, 0],
			"faces": {
				"north": {"uv": [3, 4, 13, 12], "rotation": 180, "texture": "#0"},
				"east": {"uv": [3, 0, 13, 1], "rotation": 90, "texture": "#0"},
				"south": {"uv": [3, 4, 13, 12], "texture": "#0"},
				"west": {"uv": [3, 0, 13, 1], "rotation": 270, "texture": "#0"},
				"up": {"uv": [3, 0, 13, 1], "texture": "#0"},
				"down": {"uv": [3, 0, 13, 1], "rotation": 180, "texture": "#0"}
			}
		},
		{
			"from": [-2, 0, 2],
			"to": [18, 20, 3],
			"faces": {
				"north": {"uv": [3, 4, 13, 12], "rotation": 180, "texture": "#0"},
				"east": {"uv": [3, 0, 13, 1], "rotation": 90, "texture": "#0"},
				"south": {"uv": [3, 4, 13, 12], "texture": "#0"},
				"west": {"uv": [3, 0, 13, 1], "rotation": 270, "texture": "#0"},
				"up": {"uv": [3, 0, 13, 1], "texture": "#0"},
				"down": {"uv": [3, 0, 13, 1], "rotation": 180, "texture": "#0"}
			}
		},
		{
			"from": [5, 7, 3],
			"to": [11, 8, 4],
			"faces": {
				"north": {"uv": [7, 16, 10, 15], "texture": "#1"},
				"east": {"uv": [7, 16, 5, 15], "texture": "#1"},
				"south": {"uv": [7, 16, 10, 15], "texture": "#1"},
				"west": {"uv": [7, 16, 5, 15], "texture": "#1"},
				"up": {"uv": [7, 16, 9, 15], "texture": "#1"},
				"down": {"uv": [7, 16, 10, 15], "texture": "#1"}
			}
		},
		{
			"from": [4, 0, 3],
			"to": [5, 14, 4],
			"faces": {
				"north": {"uv": [7, 16, 5, 16], "texture": "#1"},
				"east": {"uv": [7, 16, 5, 16], "texture": "#1"},
				"south": {"uv": [7, 16, 5, 16], "texture": "#1"},
				"west": {"uv": [11, 16, 10, 2], "texture": "#1"},
				"up": {"uv": [6, 16, 5, 15], "texture": "#1"},
				"down": {"uv": [7, 16, 5, 15], "texture": "#1"}
			}
		},
		{
			"from": [11, 0, 3],
			"to": [12, 14, 4],
			"faces": {
				"north": {"uv": [10, 14, 8, 14], "texture": "#1"},
				"east": {"uv": [4, 2, 3, 16], "texture": "#1"},
				"south": {"uv": [9, 12, 7, 12], "texture": "#1"},
				"west": {"uv": [8, 4, 6, 4], "texture": "#1"},
				"up": {"uv": [6, 16, 5, 15], "texture": "#1"},
				"down": {"uv": [12, 7, 10, 6], "texture": "#1"}
			}
		},
		{
			"from": [5, 13, 3],
			"to": [11, 14, 4],
			"faces": {
				"north": {"uv": [7, 16, 10, 15], "texture": "#1"},
				"east": {"uv": [7, 16, 5, 15], "texture": "#1"},
				"south": {"uv": [7, 16, 10, 15], "texture": "#1"},
				"west": {"uv": [7, 16, 5, 15], "texture": "#1"},
				"up": {"uv": [7, 16, 9, 15], "texture": "#1"},
				"down": {"uv": [7, 16, 10, 15], "texture": "#1"}
			}
		},
		{
			"from": [-2, 0, 5],
			"to": [18, 20, 6],
			"faces": {
				"north": {"uv": [3, 4, 13, 12], "rotation": 180, "texture": "#0"},
				"east": {"uv": [3, 0, 13, 1], "rotation": 90, "texture": "#0"},
				"south": {"uv": [3, 4, 13, 12], "texture": "#0"},
				"west": {"uv": [3, 0, 13, 1], "rotation": 270, "texture": "#0"},
				"up": {"uv": [3, 0, 13, 1], "texture": "#0"},
				"down": {"uv": [3, 0, 13, 1], "rotation": 180, "texture": "#0"}
			}
		},
		{
			"from": [5, 7, 6],
			"to": [11, 8, 7],
			"faces": {
				"north": {"uv": [7, 16, 10, 15], "texture": "#1"},
				"east": {"uv": [7, 16, 5, 15], "texture": "#1"},
				"south": {"uv": [7, 16, 10, 15], "texture": "#1"},
				"west": {"uv": [7, 16, 5, 15], "texture": "#1"},
				"up": {"uv": [7, 16, 9, 15], "texture": "#1"},
				"down": {"uv": [7, 16, 10, 15], "texture": "#1"}
			}
		},
		{
			"from": [4, 0, 6],
			"to": [5, 14, 7],
			"faces": {
				"north": {"uv": [7, 16, 5, 16], "texture": "#1"},
				"east": {"uv": [7, 16, 5, 16], "texture": "#1"},
				"south": {"uv": [7, 16, 5, 16], "texture": "#1"},
				"west": {"uv": [11, 16, 10, 2], "texture": "#1"},
				"up": {"uv": [6, 16, 5, 15], "texture": "#1"},
				"down": {"uv": [7, 16, 5, 15], "texture": "#1"}
			}
		},
		{
			"from": [11, 0, 6],
			"to": [12, 14, 7],
			"faces": {
				"north": {"uv": [10, 14, 8, 14], "texture": "#1"},
				"east": {"uv": [4, 2, 3, 16], "texture": "#1"},
				"south": {"uv": [9, 12, 7, 12], "texture": "#1"},
				"west": {"uv": [8, 4, 6, 4], "texture": "#1"},
				"up": {"uv": [6, 16, 5, 15], "texture": "#1"},
				"down": {"uv": [12, 7, 10, 6], "texture": "#1"}
			}
		},
		{
			"from": [5, 13, 6],
			"to": [11, 14, 7],
			"faces": {
				"north": {"uv": [7, 16, 10, 15], "texture": "#1"},
				"east": {"uv": [7, 16, 5, 15], "texture": "#1"},
				"south": {"uv": [7, 16, 10, 15], "texture": "#1"},
				"west": {"uv": [7, 16, 5, 15], "texture": "#1"},
				"up": {"uv": [7, 16, 9, 15], "texture": "#1"},
				"down": {"uv": [7, 16, 10, 15], "texture": "#1"}
			}
		},
		{
			"from": [-2, 0, 8],
			"to": [18, 20, 9],
			"faces": {
				"north": {"uv": [3, 4, 13, 12], "rotation": 180, "texture": "#0"},
				"east": {"uv": [3, 0, 13, 1], "rotation": 90, "texture": "#0"},
				"south": {"uv": [3, 4, 13, 12], "texture": "#0"},
				"west": {"uv": [3, 0, 13, 1], "rotation": 270, "texture": "#0"},
				"up": {"uv": [3, 0, 13, 1], "texture": "#0"},
				"down": {"uv": [3, 0, 13, 1], "rotation": 180, "texture": "#0"}
			}
		},
		{
			"from": [5, 7, 9],
			"to": [11, 8, 10],
			"faces": {
				"north": {"uv": [7, 16, 10, 15], "texture": "#1"},
				"east": {"uv": [7, 16, 5, 15], "texture": "#1"},
				"south": {"uv": [7, 16, 10, 15], "texture": "#1"},
				"west": {"uv": [7, 16, 5, 15], "texture": "#1"},
				"up": {"uv": [7, 16, 9, 15], "texture": "#1"},
				"down": {"uv": [7, 16, 10, 15], "texture": "#1"}
			}
		},
		{
			"from": [4, 0, 9],
			"to": [5, 14, 10],
			"faces": {
				"north": {"uv": [7, 16, 5, 16], "texture": "#1"},
				"east": {"uv": [7, 16, 5, 16], "texture": "#1"},
				"south": {"uv": [7, 16, 5, 16], "texture": "#1"},
				"west": {"uv": [11, 16, 10, 2], "texture": "#1"},
				"up": {"uv": [6, 16, 5, 15], "texture": "#1"},
				"down": {"uv": [7, 16, 5, 15], "texture": "#1"}
			}
		},
		{
			"from": [11, 0, 9],
			"to": [12, 14, 10],
			"faces": {
				"north": {"uv": [10, 14, 8, 14], "texture": "#1"},
				"east": {"uv": [4, 2, 3, 16], "texture": "#1"},
				"south": {"uv": [9, 12, 7, 12], "texture": "#1"},
				"west": {"uv": [8, 4, 6, 4], "texture": "#1"},
				"up": {"uv": [6, 16, 5, 15], "texture": "#1"},
				"down": {"uv": [12, 7, 10, 6], "texture": "#1"}
			}
		},
		{
			"from": [5, 13, 9],
			"to": [11, 14, 10],
			"faces": {
				"north": {"uv": [7, 16, 10, 15], "texture": "#1"},
				"east": {"uv": [7, 16, 5, 15], "texture": "#1"},
				"south": {"uv": [7, 16, 10, 15], "texture": "#1"},
				"west": {"uv": [7, 16, 5, 15], "texture": "#1"},
				"up": {"uv": [7, 16, 9, 15], "texture": "#1"},
				"down": {"uv": [7, 16, 10, 15], "texture": "#1"}
			}
		},
		{
			"from": [-2, 0, 11],
			"to": [18, 20, 12],
			"faces": {
				"north": {"uv": [3, 4, 13, 12], "rotation": 180, "texture": "#0"},
				"east": {"uv": [3, 0, 13, 1], "rotation": 90, "texture": "#0"},
				"south": {"uv": [3, 4, 13, 12], "texture": "#0"},
				"west": {"uv": [3, 0, 13, 1], "rotation": 270, "texture": "#0"},
				"up": {"uv": [3, 0, 13, 1], "texture": "#0"},
				"down": {"uv": [3, 0, 13, 1], "rotation": 180, "texture": "#0"}
			}
		},
		{
			"from": [5, 7, 12],
			"to": [11, 8, 13],
			"faces": {
				"north": {"uv": [7, 16, 10, 15], "texture": "#1"},
				"east": {"uv": [7, 16, 5, 15], "texture": "#1"},
				"south": {"uv": [7, 16, 10, 15], "texture": "#1"},
				"west": {"uv": [7, 16, 5, 15], "texture": "#1"},
				"up": {"uv": [7, 16, 9, 15], "texture": "#1"},
				"down": {"uv": [7, 16, 10, 15], "texture": "#1"}
			}
		},
		{
			"from": [4, 0, 12],
			"to": [5, 14, 13],
			"faces": {
				"north": {"uv": [7, 16, 5, 16], "texture": "#1"},
				"east": {"uv": [7, 16, 5, 16], "texture": "#1"},
				"south": {"uv": [7, 16, 5, 16], "texture": "#1"},
				"west": {"uv": [11, 16, 10, 2], "texture": "#1"},
				"up": {"uv": [6, 16, 5, 15], "texture": "#1"},
				"down": {"uv": [7, 16, 5, 15], "texture": "#1"}
			}
		},
		{
			"from": [11, 0, 12],
			"to": [12, 14, 13],
			"faces": {
				"north": {"uv": [10, 14, 8, 14], "texture": "#1"},
				"east": {"uv": [4, 2, 3, 16], "texture": "#1"},
				"south": {"uv": [9, 12, 7, 12], "texture": "#1"},
				"west": {"uv": [8, 4, 6, 4], "texture": "#1"},
				"up": {"uv": [6, 16, 5, 15], "texture": "#1"},
				"down": {"uv": [12, 7, 10, 6], "texture": "#1"}
			}
		},
		{
			"from": [5, 13, 12],
			"to": [11, 14, 13],
			"faces": {
				"north": {"uv": [7, 16, 10, 15], "texture": "#1"},
				"east": {"uv": [7, 16, 5, 15], "texture": "#1"},
				"south": {"uv": [7, 16, 10, 15], "texture": "#1"},
				"west": {"uv": [7, 16, 5, 15], "texture": "#1"},
				"up": {"uv": [7, 16, 9, 15], "texture": "#1"},
				"down": {"uv": [7, 16, 10, 15], "texture": "#1"}
			}
		},
		{
			"from": [-2, 0, 14],
			"to": [18, 20, 15],
			"faces": {
				"north": {"uv": [3, 4, 13, 12], "rotation": 180, "texture": "#0"},
				"east": {"uv": [3, 0, 13, 1], "rotation": 90, "texture": "#0"},
				"south": {"uv": [3, 4, 13, 12], "texture": "#0"},
				"west": {"uv": [3, 0, 13, 1], "rotation": 270, "texture": "#0"},
				"up": {"uv": [3, 0, 13, 1], "texture": "#0"},
				"down": {"uv": [3, 0, 13, 1], "rotation": 180, "texture": "#0"}
			}
		},
		{
			"from": [5, 7, 15],
			"to": [11, 8, 16],
			"faces": {
				"north": {"uv": [7, 16, 10, 15], "texture": "#1"},
				"east": {"uv": [7, 16, 5, 15], "texture": "#1"},
				"south": {"uv": [7, 11, 10, 10], "texture": "#1"},
				"west": {"uv": [7, 16, 5, 15], "texture": "#1"},
				"up": {"uv": [7, 16, 9, 15], "texture": "#1"},
				"down": {"uv": [7, 16, 10, 15], "texture": "#1"}
			}
		},
		{
			"from": [4, 0, 15],
			"to": [5, 14, 16],
			"faces": {
				"north": {"uv": [7, 16, 5, 16], "texture": "#1"},
				"east": {"uv": [7, 16, 5, 16], "texture": "#1"},
				"south": {"uv": [8, 14, 7, 0], "texture": "#1"},
				"west": {"uv": [11, 16, 10, 2], "texture": "#1"},
				"up": {"uv": [6, 16, 5, 15], "texture": "#1"},
				"down": {"uv": [7, 16, 5, 15], "texture": "#1"}
			}
		},
		{
			"from": [11, 0, 15],
			"to": [12, 14, 16],
			"faces": {
				"north": {"uv": [10, 14, 8, 14], "texture": "#1"},
				"east": {"uv": [4, 2, 3, 16], "texture": "#1"},
				"south": {"uv": [10, 14, 9, 0], "texture": "#1"},
				"west": {"uv": [8, 4, 6, 4], "texture": "#1"},
				"up": {"uv": [6, 16, 5, 15], "texture": "#1"},
				"down": {"uv": [12, 7, 10, 6], "texture": "#1"}
			}
		},
		{
			"from": [5, 13, 15],
			"to": [11, 14, 16],
			"faces": {
				"north": {"uv": [7, 16, 10, 15], "texture": "#1"},
				"east": {"uv": [7, 16, 5, 15], "texture": "#1"},
				"south": {"uv": [7, 11, 10, 10], "texture": "#1"},
				"west": {"uv": [7, 16, 5, 15], "texture": "#1"},
				"up": {"uv": [7, 16, 9, 15], "texture": "#1"},
				"down": {"uv": [7, 16, 10, 15], "texture": "#1"}
			}
		}
	],
	"groups": [
		{
			"name": "group",
			"origin": [0, 0, 0],
			"color": 0,
			"nbt": "{}",
			"armAnimationEnabled": false,
			"children": []
		},
		0,
		1,
		2,
		3,
		4,
		5,
		6,
		7,
		8,
		9,
		10,
		11,
		12,
		13,
		14,
		15,
		16,
		17,
		18,
		19,
		20,
		21,
		22,
		23,
		24,
		25,
		26,
		27,
		28,
		29
	]
}