{
	"credit": "Made by lavafoxerex",
	"textures": {
		"0": "rpg/weapon/sword/dagger/iron",
		"particle": "rpg/weapon/sword/dagger/iron"
	},
	"elements": [
		{
			"from": [7.5, 6.475, 7.95],
			"to": [8.5, 13.775, 8.05],
			"rotation": {"angle": 0, "axis": "y", "origin": [7.5, 8, 7.45]},
			"faces": {
				"north": {"uv": [0, 0, 1, 7.475], "texture": "#0"},
				"east": {"uv": [0, 0, 0.1, 7.475], "texture": "#0"},
				"south": {"uv": [1, 0, 2, 7.475], "texture": "#0"},
				"west": {"uv": [0.5, 0, 0.6, 7.475], "texture": "#0"},
				"up": {"uv": [0, 0, 1, 0.1], "texture": "#0"},
				"down": {"uv": [0, 0, 1, 0.1], "texture": "#0"}
			}
		},
		{
			"from": [7.72181, 13.61617, 7.95],
			"to": [8.02181, 14.61617, 8.05],
			"rotation": {"angle": -22.5, "axis": "z", "origin": [8.00063, 14.24798, 8.025]},
			"faces": {
				"north": {"uv": [0.8, 0, 0.5, 1], "rotation": 180, "texture": "#0"},
				"east": {"uv": [0.1, 0, 0, 1], "rotation": 180, "texture": "#0"},
				"south": {"uv": [0.8, 0, 0.5, 1], "rotation": 180, "texture": "#0"},
				"west": {"uv": [0.1, 0, 0, 1], "rotation": 180, "texture": "#0"},
				"up": {"uv": [0, 0.1, 0.3, 0], "rotation": 180, "texture": "#0"},
				"down": {"uv": [0, 0.1, 0.3, 0], "rotation": 180, "texture": "#0"}
			}
		},
		{
			"from": [7.70125, 13.77096, 7.95],
			"to": [8.30125, 14.22096, 8.05],
			"rotation": {"angle": 0, "axis": "y", "origin": [8.00063, 14.24798, 8.025]},
			"faces": {
				"north": {"uv": [0.25, 0, 0.85, 0.45], "texture": "#0"},
				"east": {"uv": [0.1, 0, 0, 0.45], "rotation": 180, "texture": "#0"},
				"south": {"uv": [0.25, 0, 0.85, 0.45], "rotation": 180, "texture": "#0"},
				"west": {"uv": [0.1, 0, 0, 0.45], "rotation": 180, "texture": "#0"},
				"up": {"uv": [0, 0.1, 0.6, 0], "rotation": 180, "texture": "#0"},
				"down": {"uv": [0, 0.1, 0.6, 0], "rotation": 180, "texture": "#0"}
			}
		},
		{
			"from": [7.88625, 14.59496, 7.95],
			"to": [8.11125, 14.69496, 8.05],
			"rotation": {"angle": 0, "axis": "y", "origin": [8.00063, 14.24798, 8.025]},
			"faces": {
				"north": {"uv": [0, 0, -0.225, 0.1], "rotation": 180, "texture": "#0"},
				"east": {"uv": [0.1, 0, 0, 0.1], "rotation": 180, "texture": "#0"},
				"south": {"uv": [0.35, 0, 0.125, 0.1], "rotation": 180, "texture": "#0"},
				"west": {"uv": [0.1, 0, 0, 0.1], "rotation": 180, "texture": "#0"},
				"up": {"uv": [0, 0.1, 0.225, 0], "rotation": 180, "texture": "#0"},
				"down": {"uv": [0, 0.1, 0.225, 0], "rotation": 180, "texture": "#0"}
			}
		},
		{
			"from": [7.9806, 13.61569, 7.95],
			"to": [8.2806, 14.61569, 8.05],
			"rotation": {"angle": 22.5, "axis": "z", "origin": [8.00063, 14.24798, 8.025]},
			"faces": {
				"north": {"uv": [0, 0, 0.3, 1], "texture": "#0"},
				"east": {"uv": [0.35, 0, 0.25, 1], "rotation": 180, "texture": "#0"},
				"south": {"uv": [0.25, 0, 0.55, 1], "texture": "#0"},
				"west": {"uv": [0, 0, 0.1, 1], "texture": "#0"},
				"up": {"uv": [0, 0.1, 0.3, 0], "rotation": 180, "texture": "#0"},
				"down": {"uv": [0, 0.1, 0.3, 0], "rotation": 180, "texture": "#0"}
			}
		},
		{
			"from": [7.92001, 14.615, 7.95],
			"to": [8.08001, 14.775, 8.05],
			"rotation": {"angle": -45, "axis": "z", "origin": [8.00001, 14.695, 8.05]},
			"faces": {
				"north": {"uv": [0, 0, 0.16, 0.16], "texture": "#0"},
				"east": {"uv": [0, 0, 0.16, 0.1], "texture": "#0"},
				"south": {"uv": [0, 0, 0.16, 0.16], "texture": "#0"},
				"west": {"uv": [0, 0, 0.16, 0.1], "texture": "#0"},
				"up": {"uv": [0, 0, 0.1, 0.16], "texture": "#0"},
				"down": {"uv": [0, 0, 0.1, 0.16], "texture": "#0"}
			}
		},
		{
			"from": [7.86657, 5.76243, 7.95],
			"to": [8.66657, 6.46243, 8.05],
			"rotation": {"angle": 22.5, "axis": "z", "origin": [8, 5.95974, 8.025]},
			"faces": {
				"north": {"uv": [0, 0, 0.8, 0.7], "texture": "#0"},
				"east": {"uv": [0.5, 0, 0.6, 0.7], "rotation": 180, "texture": "#0"},
				"south": {"uv": [1, 0, 1.8, 0.7], "texture": "#0"},
				"west": {"uv": [0, 0, 0.1, 0.7], "rotation": 180, "texture": "#0"},
				"up": {"uv": [0, 0, 0.8, 0.1], "rotation": 180, "texture": "#0"},
				"down": {"uv": [0, 0, 0.8, 0.1], "rotation": 180, "texture": "#0"}
			}
		},
		{
			"from": [8.07544, 5.71641, 7.95],
			"to": [8.92544, 6.51641, 8.05],
			"rotation": {"angle": -45, "axis": "z", "origin": [8, 5.95974, 8.025]},
			"faces": {
				"north": {"uv": [0, 0, 0.5, 1], "texture": "#0"},
				"east": {"uv": [0.5, 0, 1.3, 0.1], "rotation": 90, "texture": "#0"},
				"south": {"uv": [0, 0, 0.5, 1], "texture": "#0"},
				"west": {"uv": [0, 0, 0.8, 0.1], "rotation": 90, "texture": "#0"},
				"up": {"uv": [0.5, 0, 0.6, 0.85], "rotation": 90, "texture": "#0"},
				"down": {"uv": [0, 0, 0.1, 0.85], "rotation": 90, "texture": "#0"}
			}
		},
		{
			"from": [7.44333, 5.0343, 7.95],
			"to": [8.24333, 5.8843, 8.05],
			"rotation": {"angle": -45, "axis": "z", "origin": [8, 5.95974, 8.025]},
			"faces": {
				"north": {"uv": [0.5, 0, 1.3, 0.85], "texture": "#0"},
				"east": {"uv": [0, 0, 0.1, 0.85], "rotation": 180, "texture": "#0"},
				"south": {"uv": [0.5, 0, 1.3, 0.85], "texture": "#0"},
				"west": {"uv": [0.25, 0, 0.35, 0.85], "rotation": 180, "texture": "#0"},
				"up": {"uv": [0, 0, 0.8, 0.1], "rotation": 180, "texture": "#0"},
				"down": {"uv": [1, 0, 1.8, 0.1], "rotation": 180, "texture": "#0"}
			}
		},
		{
			"from": [7.33343, 5.76243, 7.95],
			"to": [8.13343, 6.46243, 8.05],
			"rotation": {"angle": -22.5, "axis": "z", "origin": [8, 5.95974, 8.025]},
			"faces": {
				"north": {"uv": [0.5, 0, 1.3, 0.7], "texture": "#0"},
				"east": {"uv": [0, 0, 0.1, 0.7], "rotation": 180, "texture": "#0"},
				"south": {"uv": [0.5, 0, 1.3, 0.7], "texture": "#0"},
				"west": {"uv": [0, 0, 0.1, 0.7], "rotation": 180, "texture": "#0"},
				"up": {"uv": [0, 0, 0.8, 0.1], "rotation": 180, "texture": "#0"},
				"down": {"uv": [0, 0, 0.8, 0.1], "rotation": 180, "texture": "#0"}
			}
		},
		{
			"from": [7.525, 5.13, 7.95],
			"to": [8.475, 5.63, 8.05],
			"rotation": {"angle": 0, "axis": "y", "origin": [7.5, 8, 7.45]},
			"faces": {
				"north": {"uv": [0, 0, 0.95, 0.5], "texture": "#0"},
				"east": {"uv": [0, 0, 0.1, 0.5], "texture": "#0"},
				"south": {"uv": [0, 0, 0.95, 0.5], "texture": "#0"},
				"west": {"uv": [0, 0, 0.1, 0.5], "texture": "#0"},
				"up": {"uv": [0, 0, 0.95, 0.1], "texture": "#0"},
				"down": {"uv": [0, 0, 0.95, 0.1], "texture": "#0"}
			}
		},
		{
			"from": [8, 5.51213, 7.75],
			"to": [8.25, 5.76213, 8.25],
			"rotation": {"angle": 45, "axis": "z", "origin": [8, 5.51213, 8]},
			"faces": {
				"north": {"uv": [2, 0, 2.25, 0.25], "texture": "#0"},
				"east": {"uv": [2, 0, 2.5, 0.25], "texture": "#0"},
				"south": {"uv": [2, 0, 2.25, 0.25], "texture": "#0"},
				"west": {"uv": [2, 0, 2.5, 0.25], "texture": "#0"},
				"up": {"uv": [2, 0, 2.25, 0.5], "texture": "#0"},
				"down": {"uv": [2, 0, 2.25, 0.5], "texture": "#0"}
			}
		},
		{
			"from": [7.5, 5.26213, 7.75],
			"to": [8, 5.76213, 8.25],
			"rotation": {"angle": 22.5, "axis": "z", "origin": [8, 5.51213, 8]},
			"faces": {
				"north": {"uv": [2, 0, 2.5, 0.5], "texture": "#0"},
				"east": {"uv": [2, 0, 2.5, 0.5], "texture": "#0"},
				"south": {"uv": [2, 0, 2.5, 0.5], "texture": "#0"},
				"west": {"uv": [2, 0, 2.5, 0.5], "texture": "#0"},
				"up": {"uv": [2, 0, 2.5, 0.5], "texture": "#0"},
				"down": {"uv": [2, 0, 2.5, 0.5], "texture": "#0"}
			}
		},
		{
			"from": [7.325, 5.53713, 7.75],
			"to": [7.6, 5.61213, 8.25],
			"rotation": {"angle": 0, "axis": "y", "origin": [8, 5.51213, 8]},
			"faces": {
				"north": {"uv": [2, 0, 2.275, 0.075], "texture": "#0"},
				"east": {"uv": [2, 0, 2.5, 0.075], "texture": "#0"},
				"south": {"uv": [2, 0, 2.275, 0.075], "texture": "#0"},
				"west": {"uv": [2, 0, 2.5, 0.075], "texture": "#0"},
				"up": {"uv": [2, 0, 2.275, 0.5], "texture": "#0"},
				"down": {"uv": [2, 0, 2.275, 0.5], "texture": "#0"}
			}
		},
		{
			"from": [8.4, 5.53713, 7.75],
			"to": [8.675, 5.61213, 8.25],
			"rotation": {"angle": 0, "axis": "y", "origin": [8, 5.51213, 8]},
			"faces": {
				"north": {"uv": [2, 0, 2.275, 0.075], "texture": "#0"},
				"east": {"uv": [2, 0, 2.5, 0.075], "texture": "#0"},
				"south": {"uv": [2, 0, 2.275, 0.075], "texture": "#0"},
				"west": {"uv": [2, 0, 2.5, 0.075], "texture": "#0"},
				"up": {"uv": [2, 0, 2.275, 0.5], "texture": "#0"},
				"down": {"uv": [2, 0, 2.275, 0.5], "texture": "#0"}
			}
		},
		{
			"from": [8, 5.26213, 7.75],
			"to": [8.5, 5.76213, 8.25],
			"rotation": {"angle": -22.5, "axis": "z", "origin": [8, 5.51213, 8]},
			"display_frame": "TWFkZSBieSBMYXZhZm94ZXJleA==",
			"faces": {
				"north": {"uv": [2, 0, 2.5, 0.5], "rotation": 90, "texture": "#0"},
				"east": {"uv": [2, 0, 2.5, 0.5], "rotation": 270, "texture": "#0"},
				"south": {"uv": [2, 0, 2.5, 0.5], "rotation": 270, "texture": "#0"},
				"west": {"uv": [2, 0, 2.5, 0.5], "rotation": 270, "texture": "#0"},
				"up": {"uv": [2, 0, 2.5, 0.5], "rotation": 270, "texture": "#0"},
				"down": {"uv": [2, 0, 2.5, 0.5], "rotation": 270, "texture": "#0"}
			}
		},
		{
			"from": [7.4, 5.26213, 7.75],
			"to": [7.625, 6.16213, 8.25],
			"rotation": {"angle": 45, "axis": "z", "origin": [8, 5.51213, 8]},
			"faces": {
				"north": {"uv": [2, 0, 2.225, 0.9], "texture": "#0"},
				"east": {"uv": [2, 0, 2.5, 0.9], "texture": "#0"},
				"south": {"uv": [2, 0, 2.225, 0.9], "texture": "#0"},
				"west": {"uv": [2, 0, 2.5, 0.9], "texture": "#0"},
				"up": {"uv": [2, 0, 2.225, 0.5], "texture": "#0"},
				"down": {"uv": [2, 0, 2.225, 0.5], "texture": "#0"}
			}
		},
		{
			"from": [8.375, 5.26213, 7.75],
			"to": [8.6, 6.16213, 8.25],
			"rotation": {"angle": -45, "axis": "z", "origin": [8, 5.51213, 8]},
			"faces": {
				"north": {"uv": [2, 0, 2.225, 0.9], "texture": "#0"},
				"east": {"uv": [2, 0, 2.5, 0.9], "texture": "#0"},
				"south": {"uv": [2, 0, 2.225, 0.9], "texture": "#0"},
				"west": {"uv": [2, 0, 2.5, 0.9], "texture": "#0"},
				"up": {"uv": [2, 0, 2.225, 0.5], "texture": "#0"},
				"down": {"uv": [2, 0, 2.225, 0.5], "texture": "#0"}
			}
		},
		{
			"from": [7.68, 4.94, 7.75],
			"to": [8.32, 5.24, 8.25],
			"rotation": {"angle": 0, "axis": "y", "origin": [7.53, 7.5, 7.5]},
			"faces": {
				"north": {"uv": [2, 0, 2.64, 0.3], "texture": "#0"},
				"east": {"uv": [2, 0, 2.5, 0.3], "texture": "#0"},
				"south": {"uv": [2, 0, 2.64, 0.3], "texture": "#0"},
				"west": {"uv": [2, 0, 2.5, 0.3], "texture": "#0"},
				"up": {"uv": [2, 0, 2.64, 0.5], "texture": "#0"},
				"down": {"uv": [2, 0, 2.64, 0.5], "texture": "#0"}
			}
		},
		{
			"from": [7.3, 5.26213, 7.65],
			"to": [7.4, 6.46213, 8.35],
			"rotation": {"angle": 45, "axis": "z", "origin": [8, 5.51213, 8]},
			"faces": {
				"north": {"uv": [2, 0, 2.1, 1.2], "texture": "#0"},
				"east": {"uv": [2, 0, 2.7, 1.2], "texture": "#0"},
				"south": {"uv": [2, 0, 2.1, 1.2], "texture": "#0"},
				"west": {"uv": [2, 0, 2.7, 1.2], "texture": "#0"},
				"up": {"uv": [2, 0, 2.1, 0.7], "texture": "#0"},
				"down": {"uv": [2, 0, 2.1, 0.7], "texture": "#0"}
			}
		},
		{
			"from": [8.6, 5.26213, 7.65],
			"to": [8.7, 6.46213, 8.35],
			"rotation": {"angle": -45, "axis": "z", "origin": [8, 5.51213, 8]},
			"faces": {
				"north": {"uv": [2, 0, 2.1, 1.2], "texture": "#0"},
				"east": {"uv": [2, 0, 2.7, 1.2], "texture": "#0"},
				"south": {"uv": [2, 0, 2.1, 1.2], "texture": "#0"},
				"west": {"uv": [2, 0, 2.7, 1.2], "texture": "#0"},
				"up": {"uv": [2, 0, 2.1, 0.7], "texture": "#0"},
				"down": {"uv": [2, 0, 2.1, 0.7], "texture": "#0"}
			}
		},
		{
			"from": [7.68, 4.84, 7.65],
			"to": [8.32, 4.94, 8.35],
			"rotation": {"angle": 0, "axis": "y", "origin": [7.53, 7.5, 7.5]},
			"faces": {
				"north": {"uv": [2, 0, 2.64, 0.1], "texture": "#0"},
				"east": {"uv": [2, 0, 2.7, 0.1], "texture": "#0"},
				"south": {"uv": [2, 0, 2.64, 0.1], "texture": "#0"},
				"west": {"uv": [2, 0, 2.7, 0.1], "texture": "#0"},
				"up": {"uv": [2, 0, 2.64, 0.7], "texture": "#0"},
				"down": {"uv": [2, 0, 2.64, 0.7], "texture": "#0"}
			}
		},
		{
			"from": [7.65, 5.15178, 7.65],
			"to": [8.15, 5.65178, 7.75],
			"rotation": {"angle": 45, "axis": "z", "origin": [8, 5.50178, 8]},
			"faces": {
				"north": {"uv": [6, 0, 7, 1], "texture": "#0"},
				"east": {"uv": [6, 0, 6.1, 0.5], "texture": "#0"},
				"south": {"uv": [6, 0, 7, 1], "texture": "#0"},
				"west": {"uv": [6, 0, 6.1, 0.5], "texture": "#0"},
				"up": {"uv": [6, 0, 6.5, 0.1], "texture": "#0"},
				"down": {"uv": [6, 0, 6.5, 0.1], "texture": "#0"}
			}
		},
		{
			"from": [7.65, 5.15178, 8.25],
			"to": [8.15, 5.65178, 8.35],
			"rotation": {"angle": 45, "axis": "z", "origin": [8, 5.50178, 8]},
			"faces": {
				"north": {"uv": [6, 0, 7, 1], "texture": "#0"},
				"east": {"uv": [6, 0, 6.1, 0.5], "texture": "#0"},
				"south": {"uv": [6, 0, 7, 1], "rotation": 90, "texture": "#0"},
				"west": {"uv": [6, 0, 6.1, 0.5], "texture": "#0"},
				"up": {"uv": [6, 0, 6.5, 0.1], "texture": "#0"},
				"down": {"uv": [6, 0, 6.5, 0.1], "texture": "#0"}
			}
		},
		{
			"from": [7.825, 1.35, 7.825],
			"to": [8.175, 4.85, 8.175],
			"rotation": {"angle": -45, "axis": "y", "origin": [8, 3.1, 8]},
			"faces": {
				"north": {"uv": [2.5, 2, 2.85, 5.5], "texture": "#0"},
				"east": {"uv": [3.5, 2, 3.85, 5.5], "texture": "#0"},
				"south": {"uv": [2, 2, 2.35, 5.5], "texture": "#0"},
				"west": {"uv": [3.5, 2, 3.85, 5.5], "texture": "#0"},
				"up": {"uv": [2, 2, 2.35, 2.35], "texture": "#0"},
				"down": {"uv": [2, 2, 2.35, 2.35], "texture": "#0"}
			}
		},
		{
			"from": [7.775, 0.35, 7.775],
			"to": [8.225, 1.35, 8.225],
			"rotation": {"angle": -45, "axis": "y", "origin": [8, 1.1, 8]},
			"faces": {
				"north": {"uv": [3.5, 0, 4.5, 1.5], "texture": "#0"},
				"east": {"uv": [2, 0, 3, 1.5], "texture": "#0"},
				"south": {"uv": [4, 0, 5, 1.5], "texture": "#0"},
				"west": {"uv": [3, 0, 4, 1.5], "texture": "#0"},
				"up": {"uv": [2, 0, 2.45, 0.45], "texture": "#0"},
				"down": {"uv": [2, 0, 2.45, 0.45], "texture": "#0"}
			}
		}
	],
	"display": {
		"thirdperson_righthand": {
			"rotation": [0, 90, 0],
			"translation": [0, 4, 0.75],
			"scale": [1.15, 1.15, 1.15]
		},
		"thirdperson_lefthand": {
			"rotation": [0, 90, 0],
			"translation": [0, 4, 0.75],
			"scale": [1.15, 1.15, 1.15]
		},
		"firstperson_righthand": {
			"rotation": [0, -85, 25],
			"translation": [1, 5.2, 0.75],
			"scale": [1.15, 1.15, 1.15]
		},
		"firstperson_lefthand": {
			"rotation": [0, -85, 25],
			"translation": [1, 5.2, 0.75],
			"scale": [1.15, 1.15, 1.15]
		},
		"gui": {
			"rotation": [0, -180, -45],
			"translation": [-0.5, 0.5, 0],
			"scale": [1.4, 1.4, 1.4]
		},
		"head": {
			"rotation": [0, 0, 90],
			"scale": [4, 4, 4]
		},
		"fixed": {
			"rotation": [0, 0, -45],
			"translation": [0.75, 0.75, 0],
			"scale": [1.75, 1.75, 1.75]
		}
	},
	"groups": [
		{
			"name": "group",
			"origin": [8, 8, 8],
			"color": 0,
			"children": [
				{
					"name": "group",
					"origin": [8, 8, 8],
					"color": 0,
					"children": [0,
						{
							"name": "group",
							"origin": [7.5, 1, 8.1],
							"color": 0,
							"children": [1, 2, 3, 4, 5]
						},
						{
							"name": "group",
							"origin": [8.00001, 14.67, 8],
							"color": 0,
							"children": [6, 7, 8, 9, 10]
						}
					]
				},
				{
					"name": "group",
					"origin": [8, 5.51213, 8],
					"color": 0,
					"children": [11, 12, 13, 14, 15, 16, 17, 18,
						{
							"name": "group",
							"origin": [8, 8, 8],
							"color": 0,
							"children": [19, 20, 21]
						},
						{
							"name": "group",
							"origin": [8, 5.50178, 8],
							"color": 0,
							"children": [22, 23]
						}
					]
				},
				{
					"name": "group",
					"origin": [8, 1.1, 8],
					"color": 0,
					"children": [24, 25]
				}
			]
		}
	]
}