{
	"credit": "Made by lavafoxerex",
	"parent": "rpg/weapon/sword/katana/wood",
	"textures": {
		"0": "rpg/weapon/sword/katana/wood"
	},
	"display": {
		"thirdperson_righthand": {
			"rotation": [10, -180, -15],
			"translation": [-0.75, 4.25, 1.5]
		},
		"thirdperson_lefthand": {
			"rotation": [0, 90, 0],
			"translation": [0, 1.75, 0.75]
		},
		"firstperson_righthand": {
			"rotation": [-39.25, -32.75, 21],
			"translation": [0.5, 4.25, -1.5]
		},
		"firstperson_lefthand": {
			"rotation": [-39.25, -32.75, 21],
			"translation": [0.5, 4.25, -1.5]
		},
		"ground": {
			"rotation": [0, 0, -90]
		},
		"gui": {
			"rotation": [0, -180, -45],
			"translation": [3, -3, 0],
			"scale": [0.65, 0.65, 0.65]
		},
		"head": {
			"rotation": [-61, 90, 0],
			"scale": [4, 4, 4]
		},
		"fixed": {
			"rotation": [0, 3.25, -45],
			"translation": [-3.5, -3.75, 0],
			"scale": [0.85, 0.85, 0.85]
		}
	}
}