{
	"parent": "item_frame_block",
	"textures": {
		"1": "furniture/kyc/color/2",
		"2": "furniture/kyc/color/8",
		"particle": "ref/2"
	},
	"elements": [
		{
			"from": [0, 0, 0],
			"to": [32, 16, 1],
			"faces": {
				"north": {"uv": [0, 0, 16, 16], "texture": "#2"},
				"east": {"uv": [0, 0, 1, 16], "texture": "#2"},
				"south": {"uv": [0, 0, 16, 16], "texture": "#2"},
				"west": {"uv": [0, 0, 1, 16], "texture": "#2"},
				"up": {"uv": [0, 0, 16, 1], "texture": "#2"},
				"down": {"uv": [0, 0, 16, 1], "texture": "#2"}
			}
		},
		{
			"from": [28, 3, -1],
			"to": [30, 14, 0],
			"faces": {
				"north": {"uv": [0, 0, 2, 11], "texture": "#1"},
				"east": {"uv": [0, 0, 1, 11], "texture": "#1"},
				"south": {"uv": [0, 0, 2, 11], "texture": "#1"},
				"west": {"uv": [0, 0, 1, 11], "texture": "#1"},
				"up": {"uv": [0, 0, 2, 1], "texture": "#1"},
				"down": {"uv": [0, 0, 2, 1], "texture": "#1"}
			}
		},
		{
			"from": [25.17157, 6.87132, -1],
			"to": [27.42157, 14.37132, 0],
			"rotation": {"angle": 45, "axis": "z", "origin": [26.17157, 10.62132, -0.5]},
			"faces": {
				"north": {"uv": [0, 0, 2.25, 7.5], "texture": "#1"},
				"east": {"uv": [0, 0, 1, 7.5], "texture": "#1"},
				"south": {"uv": [0, 0, 2.25, 7.5], "texture": "#1"},
				"west": {"uv": [0, 0, 1, 7.5], "texture": "#1"},
				"up": {"uv": [0, 0, 2.25, 1], "texture": "#1"},
				"down": {"uv": [0, 0, 2.25, 1], "texture": "#1"}
			}
		},
		{
			"from": [24.17157, 2.37868, -1],
			"to": [26.69657, 8.12868, 0],
			"rotation": {"angle": -45, "axis": "z", "origin": [26.17157, 5.37868, -0.5]},
			"faces": {
				"north": {"uv": [0, 7.5, 2.525, 13.25], "texture": "#1"},
				"east": {"uv": [0, 7.5, 1, 13.25], "texture": "#1"},
				"south": {"uv": [0, 7.5, 2.525, 13.25], "texture": "#1"},
				"west": {"uv": [0, 7.5, 1, 13.25], "texture": "#1"},
				"up": {"uv": [0, 1, 2.525, 2], "texture": "#1"},
				"down": {"uv": [0, 1, 2.525, 2], "texture": "#1"}
			}
		},
		{
			"from": [18, 3, -1],
			"to": [20, 14, 0],
			"faces": {
				"north": {"uv": [0, 0, 2, 11], "texture": "#1"},
				"east": {"uv": [0, 0, 1, 11], "texture": "#1"},
				"south": {"uv": [0, 0, 2, 11], "texture": "#1"},
				"west": {"uv": [0, 0, 1, 11], "texture": "#1"},
				"up": {"uv": [0, 0, 2, 1], "texture": "#1"},
				"down": {"uv": [0, 0, 2, 1], "texture": "#1"}
			}
		},
		{
			"from": [13, 11, -1],
			"to": [18, 14, 0],
			"faces": {
				"north": {"uv": [0, 0, 5, 3], "texture": "#1"},
				"east": {"uv": [0, 0, 1, 3], "texture": "#1"},
				"south": {"uv": [0, 0, 5, 3], "texture": "#1"},
				"west": {"uv": [0, 0, 1, 3], "texture": "#1"},
				"up": {"uv": [0, 0, 5, 1], "texture": "#1"},
				"down": {"uv": [0, 0, 5, 1], "texture": "#1"}
			}
		},
		{
			"from": [13, 7, -1],
			"to": [18, 10, 0],
			"faces": {
				"north": {"uv": [0, 0, 5, 3], "texture": "#1"},
				"east": {"uv": [0, 0, 1, 3], "texture": "#1"},
				"south": {"uv": [0, 0, 5, 3], "texture": "#1"},
				"west": {"uv": [0, 0, 1, 3], "texture": "#1"},
				"up": {"uv": [0, 0, 5, 1], "texture": "#1"},
				"down": {"uv": [0, 0, 5, 1], "texture": "#1"}
			}
		},
		{
			"from": [13, 3, -1],
			"to": [18, 6, 0],
			"faces": {
				"north": {"uv": [0, 0, 5, 3], "texture": "#1"},
				"east": {"uv": [0, 0, 1, 3], "texture": "#1"},
				"south": {"uv": [0, 0, 5, 3], "texture": "#1"},
				"west": {"uv": [0, 0, 1, 3], "texture": "#1"},
				"up": {"uv": [0, 0, 5, 1], "texture": "#1"},
				"down": {"uv": [0, 0, 5, 1], "texture": "#1"}
			}
		},
		{
			"from": [9, 3, -1],
			"to": [11, 14, 0],
			"faces": {
				"north": {"uv": [0, 0, 2, 11], "texture": "#1"},
				"east": {"uv": [0, 0, 1, 11], "texture": "#1"},
				"south": {"uv": [0, 0, 2, 11], "texture": "#1"},
				"west": {"uv": [0, 0, 1, 11], "texture": "#1"},
				"up": {"uv": [0, 0, 2, 1], "texture": "#1"},
				"down": {"uv": [0, 0, 2, 1], "texture": "#1"}
			}
		}
	],
	"groups": [0,
		{
			"name": "k",
			"origin": [0, 0, 0],
			"color": 0,
			"children": [1, 2, 3]
		},
		{
			"name": "e",
			"origin": [8, 8, 8],
			"color": 0,
			"children": [4, 5, 6, 7]
		},
		{
			"name": "i",
			"origin": [8, 8, 8],
			"color": 0,
			"children": [8]
		}
	]
}