{
    "targets": [
        "1",
        "2"
    ],
    "passes": [
        {
            "name": "zoom",
            "intarget": "minecraft:main",
            "outtarget": "1"
        },
        {
            "name": "color_convolve",
            "intarget": "1",
            "outtarget": "2",
            "uniforms": [
                {
                    "name": "RedMatrix",
                    "values": [ 0.3, 0.3, 0.11 ]
                },
                {
                    "name": "GreenMatrix",
                    "values": [ 0.3, 0.3, 0.11 ]
                },
                {
                    "name": "BlueMatrix",
                    "values": [ 0.3, 0.3, 0.11 ]
                }
            ]
        },
        {
            "name": "blit",
            "intarget": "2",
            "outtarget": "minecraft:main"
        }
    ]
}
