{
	"credit": "Made with Blockbench",
	"parent": "furniture",
	"texture_size": [64, 64],
	"elements": [
		{
			"from": [12, -3, 4],
			"to": [13, 5, 5],
			"rotation": {"angle": 22.5, "axis": "x", "origin": [10.5, 2.5, 5.5]},
			"faces": {
				"north": {"uv": [1, 4.625, 1.25, 6.125], "texture": "#1"},
				"east": {"uv": [1, 4.625, 1.25, 6.125], "texture": "#1"},
				"south": {"uv": [0, 2.75, 0.25, 4.25], "texture": "#1"},
				"west": {"uv": [0, 0, 0.25, 1.5], "texture": "#1"},
				"up": {"uv": [1, 4.625, 1.25, 4.875], "texture": "#1"},
				"down": {"uv": [1, 4.625, 1.25, 4.875], "texture": "#1"}
			}
		},
		{
			"from": [2, -3, 4],
			"to": [3, 5, 5],
			"rotation": {"angle": 22.5, "axis": "x", "origin": [4.5, 2.5, 5.5]},
			"faces": {
				"north": {"uv": [2.5, 4.625, 2.75, 6.125], "texture": "#1"},
				"east": {"uv": [2.5, 4.625, 2.75, 6.125], "texture": "#1"},
				"south": {"uv": [0, 2.75, 0.25, 4.25], "texture": "#1"},
				"west": {"uv": [0, 0, 0.25, 1.5], "texture": "#1"},
				"up": {"uv": [2.5, 4.625, 2.75, 4.875], "texture": "#1"},
				"down": {"uv": [2.5, 4.625, 2.75, 4.875], "texture": "#1"}
			}
		},
		{
			"from": [12, -2, 10],
			"to": [13, 6, 11],
			"rotation": {"angle": -22.5, "axis": "x", "origin": [10.5, 2.5, 11.5]},
			"faces": {
				"north": {"uv": [1.5, 4.625, 1.75, 6.125], "texture": "#1"},
				"east": {"uv": [1.5, 4.625, 1.75, 6.125], "texture": "#1"},
				"south": {"uv": [0, 2.75, 0.25, 4.25], "texture": "#1"},
				"west": {"uv": [0, 0, 0.25, 1.5], "texture": "#1"},
				"up": {"uv": [1.5, 4.625, 1.75, 4.875], "texture": "#1"},
				"down": {"uv": [1.5, 4.625, 1.75, 4.875], "texture": "#1"}
			}
		},
		{
			"from": [2, -2, 10],
			"to": [3, 6, 11],
			"rotation": {"angle": -22.5, "axis": "x", "origin": [4.5, 2.5, 11.5]},
			"faces": {
				"north": {"uv": [3.5, 4.625, 3.75, 6.125], "texture": "#1"},
				"east": {"uv": [3.5, 4.625, 3.75, 6.125], "texture": "#1"},
				"south": {"uv": [0, 2.75, 0.25, 4.25], "texture": "#1"},
				"west": {"uv": [0, 0, 0.25, 1.5], "texture": "#1"},
				"up": {"uv": [3.5, 4.625, 3.75, 4.875], "texture": "#1"},
				"down": {"uv": [3.5, 4.625, 3.75, 4.875], "texture": "#1"}
			}
		},
		{
			"from": [-1, 11, 12],
			"to": [16, 13, 13],
			"rotation": {"angle": 0, "axis": "y", "origin": [-5, 3, 0]},
			"faces": {
				"north": {"uv": [1, 2.875, 9, 3.375], "texture": "#1"},
				"east": {"uv": [1, 2.875, 1.25, 3.375], "texture": "#1"},
				"south": {"uv": [0, 2.75, 8, 3.25], "texture": "#1"},
				"west": {"uv": [0, 0, 0.25, 0.5], "texture": "#1"},
				"up": {"uv": [1, 2.875, 9, 3.125], "texture": "#1"},
				"down": {"uv": [1, 2.875, 9, 3.125], "texture": "#1"}
			}
		},
		{
			"from": [-1, 14, 12],
			"to": [16, 16, 13],
			"rotation": {"angle": 0, "axis": "y", "origin": [-5, 3, 0]},
			"faces": {
				"north": {"uv": [1, 2.875, 9, 3.375], "texture": "#1"},
				"east": {"uv": [1, 2.875, 1.25, 3.375], "texture": "#1"},
				"south": {"uv": [0, 2.75, 8, 3.25], "texture": "#1"},
				"west": {"uv": [0, 0, 0.25, 0.5], "texture": "#1"},
				"up": {"uv": [1, 2.875, 9, 3.125], "texture": "#1"},
				"down": {"uv": [1, 2.875, 9, 3.125], "texture": "#1"}
			}
		},
		{
			"from": [-1, 17, 13],
			"to": [16, 19, 14],
			"rotation": {"angle": 22.5, "axis": "x", "origin": [3, 18, 13.5]},
			"faces": {
				"north": {"uv": [1, 2.875, 9, 3.375], "texture": "#1"},
				"east": {"uv": [1, 2.875, 1.25, 3.375], "texture": "#1"},
				"south": {"uv": [0, 2.75, 8, 3.25], "texture": "#1"},
				"west": {"uv": [0, 0, 0.25, 0.5], "texture": "#1"},
				"up": {"uv": [1, 2.875, 9, 3.125], "texture": "#1"},
				"down": {"uv": [1, 2.875, 9, 3.125], "texture": "#1"}
			}
		},
		{
			"from": [12, 9, 12],
			"to": [13, 11, 13],
			"rotation": {"angle": 0, "axis": "y", "origin": [-5, 3, 0]},
			"faces": {
				"north": {"uv": [6.5, 5.125, 6.75, 5.625], "texture": "#1"},
				"east": {"uv": [6.5, 5.125, 6.75, 5.625], "texture": "#1"},
				"south": {"uv": [0, 2.75, 0.25, 3.25], "texture": "#1"},
				"west": {"uv": [0, 0, 0.25, 0.5], "texture": "#1"},
				"up": {"uv": [6.5, 5.125, 6.75, 5.375], "texture": "#1"},
				"down": {"uv": [6.5, 5.125, 6.75, 5.375], "texture": "#1"}
			}
		},
		{
			"from": [12, 13, 12],
			"to": [13, 14, 13],
			"rotation": {"angle": 0, "axis": "y", "origin": [-5, 3, 0]},
			"faces": {
				"north": {"uv": [2, 6.125, 2.25, 5.875], "texture": "#1"},
				"east": {"uv": [2, 6.125, 2.25, 5.875], "texture": "#1"},
				"south": {"uv": [0, 2.75, 0.25, 3], "texture": "#1"},
				"west": {"uv": [0, 0, 0.25, 0.25], "texture": "#1"},
				"up": {"uv": [2, 6.125, 2.25, 5.875], "texture": "#1"},
				"down": {"uv": [2, 6.125, 2.25, 5.875], "texture": "#1"}
			}
		},
		{
			"from": [12, 15.5, 12.5],
			"to": [13, 17.5, 13.5],
			"rotation": {"angle": 22.5, "axis": "x", "origin": [12.5, 16.5, 13]},
			"faces": {
				"north": {"uv": [5.75, 5.625, 6, 6.125], "texture": "#1"},
				"east": {"uv": [5.75, 5.625, 6, 6.125], "texture": "#1"},
				"south": {"uv": [0, 2.75, 0.25, 3.25], "texture": "#1"},
				"west": {"uv": [0, 0, 0.25, 0.5], "texture": "#1"},
				"up": {"uv": [5.75, 5.625, 6, 5.875], "texture": "#1"},
				"down": {"uv": [5.75, 5.625, 6, 5.875], "texture": "#1"}
			}
		},
		{
			"from": [2, 9, 12],
			"to": [3, 11, 13],
			"rotation": {"angle": 0, "axis": "y", "origin": [4, 3, 0]},
			"faces": {
				"north": {"uv": [7.5, 5.125, 7.75, 5.625], "texture": "#1"},
				"east": {"uv": [7.5, 5.125, 7.75, 5.625], "texture": "#1"},
				"south": {"uv": [0, 2.75, 0.25, 3.25], "texture": "#1"},
				"west": {"uv": [0, 0, 0.25, 0.5], "texture": "#1"},
				"up": {"uv": [7.5, 5.125, 7.75, 5.375], "texture": "#1"},
				"down": {"uv": [7.5, 5.125, 7.75, 5.375], "texture": "#1"}
			}
		},
		{
			"from": [2, 13, 12],
			"to": [3, 14, 13],
			"rotation": {"angle": 0, "axis": "y", "origin": [4, 3, 0]},
			"faces": {
				"north": {"uv": [1, 6.125, 1.25, 5.875], "texture": "#1"},
				"east": {"uv": [1, 6.125, 1.25, 5.875], "texture": "#1"},
				"south": {"uv": [0, 2.75, 0.25, 3], "texture": "#1"},
				"west": {"uv": [0, 0, 0.25, 0.25], "texture": "#1"},
				"up": {"uv": [1, 6.125, 1.25, 5.875], "texture": "#1"},
				"down": {"uv": [1, 6.125, 1.25, 5.875], "texture": "#1"}
			}
		},
		{
			"from": [2, 15.5, 12.5],
			"to": [3, 17.5, 13.5],
			"rotation": {"angle": 22.5, "axis": "x", "origin": [2.5, 16.5, 13]},
			"faces": {
				"north": {"uv": [8.25, 2.875, 8.5, 3.375], "texture": "#1"},
				"east": {"uv": [8.25, 2.875, 8.5, 3.375], "texture": "#1"},
				"south": {"uv": [0, 2.75, 0.25, 3.25], "texture": "#1"},
				"west": {"uv": [0, 0, 0.25, 0.5], "texture": "#1"},
				"up": {"uv": [8.25, 2.875, 8.5, 3.125], "texture": "#1"},
				"down": {"uv": [8.25, 2.875, 8.5, 3.125], "texture": "#1"}
			}
		},
		{
			"from": [2, 7.3024, 9.47973],
			"to": [3, 8.3024, 11.47973],
			"rotation": {"angle": -22.5, "axis": "x", "origin": [2.5, 7.8024, 10.47973]},
			"faces": {
				"north": {"uv": [8.25, 2.875, 8.5, 3.125], "texture": "#1"},
				"east": {"uv": [8.25, 2.875, 8.75, 3.125], "texture": "#1"},
				"south": {"uv": [0, 2.75, 0.25, 3], "texture": "#1"},
				"west": {"uv": [0, 0, 0.5, 0.25], "texture": "#1"},
				"up": {"uv": [8.25, 2.875, 8.5, 3.375], "texture": "#1"},
				"down": {"uv": [8.25, 2.875, 8.5, 3.375], "texture": "#1"}
			}
		},
		{
			"from": [12, 7.3024, 9.47973],
			"to": [13, 8.3024, 11.47973],
			"rotation": {"angle": -22.5, "axis": "x", "origin": [-6.5, 7.8024, 10.47973]},
			"faces": {
				"north": {"uv": [4.25, 6.125, 4.5, 5.875], "texture": "#1"},
				"east": {"uv": [4.25, 6.125, 4.75, 5.875], "texture": "#1"},
				"south": {"uv": [0, 2.75, 0.25, 3], "texture": "#1"},
				"west": {"uv": [0, 0, 0.5, 0.25], "texture": "#1"},
				"up": {"uv": [4.25, 6.375, 4.5, 5.875], "texture": "#1"},
				"down": {"uv": [4.25, 6.375, 4.5, 5.875], "texture": "#1"}
			}
		},
		{
			"from": [-1, 7, 5],
			"to": [2, 8, 7],
			"rotation": {"angle": 0, "axis": "y", "origin": [4, 3, 0]},
			"faces": {
				"north": {"uv": [9.5, 2.875, 11, 3.125], "texture": "#1"},
				"east": {"uv": [9.5, 2.875, 10, 3.125], "texture": "#1"},
				"south": {"uv": [0, 2.75, 1.5, 3], "texture": "#1"},
				"west": {"uv": [0, 0, 0.5, 0.25], "texture": "#1"},
				"up": {"uv": [9.5, 2.875, 11, 3.375], "texture": "#1"},
				"down": {"uv": [9.5, 2.875, 11, 3.375], "texture": "#1"}
			}
		},
		{
			"from": [-1, 7, 8],
			"to": [2, 8, 10],
			"rotation": {"angle": 0, "axis": "y", "origin": [4, 3, 0]},
			"faces": {
				"north": {"uv": [3, 4.125, 4.5, 4.375], "texture": "#1"},
				"east": {"uv": [3, 4.125, 3.5, 4.375], "texture": "#1"},
				"south": {"uv": [0, 2.75, 1.5, 3], "texture": "#1"},
				"west": {"uv": [0, 0, 0.5, 0.25], "texture": "#1"},
				"up": {"uv": [3, 4.125, 4.5, 4.625], "texture": "#1"},
				"down": {"uv": [3, 4.125, 4.5, 4.625], "texture": "#1"}
			}
		},
		{
			"from": [-1, 7, 2],
			"to": [2, 8, 4],
			"rotation": {"angle": 0, "axis": "y", "origin": [4, 3, 0]},
			"faces": {
				"north": {"uv": [7.25, 4.625, 8.75, 4.875], "texture": "#1"},
				"east": {"uv": [7.25, 4.625, 7.75, 4.875], "texture": "#1"},
				"south": {"uv": [0, 2.75, 1.5, 3], "texture": "#1"},
				"west": {"uv": [0, 0, 0.5, 0.25], "texture": "#1"},
				"up": {"uv": [7.25, 4.625, 8.75, 5.125], "texture": "#1"},
				"down": {"uv": [7.25, 4.625, 8.75, 5.125], "texture": "#1"}
			}
		},
		{
			"from": [13, 7, 2],
			"to": [16, 8, 4],
			"rotation": {"angle": 0, "axis": "y", "origin": [-5, 3, 0]},
			"faces": {
				"north": {"uv": [9.5, 2.875, 11, 3.125], "texture": "#1"},
				"east": {"uv": [9.5, 2.875, 10, 3.125], "texture": "#1"},
				"south": {"uv": [0, 2.75, 1.5, 3], "texture": "#1"},
				"west": {"uv": [0, 0, 0.5, 0.25], "texture": "#1"},
				"up": {"uv": [9.5, 2.875, 11, 3.375], "texture": "#1"},
				"down": {"uv": [9.5, 2.875, 11, 3.375], "texture": "#1"}
			}
		},
		{
			"from": [13, 7, 5],
			"to": [16, 8, 7],
			"rotation": {"angle": 0, "axis": "y", "origin": [-5, 3, 0]},
			"faces": {
				"north": {"uv": [5.75, 4.875, 7.25, 5.125], "texture": "#1"},
				"east": {"uv": [5.75, 4.875, 6.25, 5.125], "texture": "#1"},
				"south": {"uv": [0, 2.75, 1.5, 3], "texture": "#1"},
				"west": {"uv": [0, 0, 0.5, 0.25], "texture": "#1"},
				"up": {"uv": [5.75, 4.875, 7.25, 5.375], "texture": "#1"},
				"down": {"uv": [5.75, 4.875, 7.25, 5.375], "texture": "#1"}
			}
		},
		{
			"from": [13, 7, 8],
			"to": [16, 8, 10],
			"rotation": {"angle": 0, "axis": "y", "origin": [-5, 3, 0]},
			"faces": {
				"north": {"uv": [9.5, 2.875, 11, 3.125], "texture": "#1"},
				"east": {"uv": [9.5, 2.875, 10, 3.125], "texture": "#1"},
				"south": {"uv": [0, 2.75, 1.5, 3], "texture": "#1"},
				"west": {"uv": [0, 0, 0.5, 0.25], "texture": "#1"},
				"up": {"uv": [9.5, 2.875, 11, 3.375], "texture": "#1"},
				"down": {"uv": [9.5, 2.875, 11, 3.375], "texture": "#1"}
			}
		},
		{
			"from": [3, 7, 8],
			"to": [12, 8, 10],
			"rotation": {"angle": 0, "axis": "y", "origin": [-5, 3, 0]},
			"faces": {
				"north": {"uv": [1, 3.375, 5.5, 3.625], "texture": "#1"},
				"east": {"uv": [1, 3.375, 1.5, 3.625], "texture": "#1"},
				"south": {"uv": [0, 2.75, 4.5, 3], "texture": "#1"},
				"west": {"uv": [0, 0, 0.5, 0.25], "texture": "#1"},
				"up": {"uv": [1, 3.375, 5.5, 3.875], "texture": "#1"},
				"down": {"uv": [1, 3.375, 5.5, 3.875], "texture": "#1"}
			}
		},
		{
			"from": [3, 7, 5],
			"to": [12, 8, 7],
			"rotation": {"angle": 0, "axis": "y", "origin": [-5, 3, 0]},
			"faces": {
				"north": {"uv": [1, 3.875, 5.5, 4.125], "texture": "#1"},
				"east": {"uv": [1, 3.875, 1.5, 4.125], "texture": "#1"},
				"south": {"uv": [0, 2.75, 4.5, 3], "texture": "#1"},
				"west": {"uv": [0, 0, 0.5, 0.25], "texture": "#1"},
				"up": {"uv": [1, 3.875, 5.5, 4.375], "texture": "#1"},
				"down": {"uv": [1, 3.875, 5.5, 4.375], "texture": "#1"}
			}
		},
		{
			"from": [3, 5, 5],
			"to": [12, 6, 6],
			"rotation": {"angle": 0, "axis": "y", "origin": [-5, 2, 0]},
			"faces": {
				"north": {"uv": [6.5, 2.875, 11, 3.125], "texture": "#1"},
				"east": {"uv": [6.5, 2.875, 6.75, 3.125], "texture": "#1"},
				"south": {"uv": [0, 2.75, 4.5, 3], "texture": "#1"},
				"west": {"uv": [0, 0, 0.25, 0.25], "texture": "#1"},
				"up": {"uv": [6.5, 2.875, 11, 3.125], "texture": "#1"},
				"down": {"uv": [6.5, 2.875, 11, 3.125], "texture": "#1"}
			}
		},
		{
			"from": [3, 5, 9],
			"to": [12, 6, 10],
			"rotation": {"angle": 0, "axis": "y", "origin": [-5, 2, 0]},
			"faces": {
				"north": {"uv": [1, 2.875, 5.5, 3.125], "texture": "#1"},
				"east": {"uv": [1, 2.875, 1.25, 3.125], "texture": "#1"},
				"south": {"uv": [0, 2.75, 4.5, 3], "texture": "#1"},
				"west": {"uv": [0, 0, 0.25, 0.25], "texture": "#1"},
				"up": {"uv": [1, 2.875, 5.5, 3.125], "texture": "#1"},
				"down": {"uv": [1, 2.875, 5.5, 3.125], "texture": "#1"}
			}
		},
		{
			"from": [3, 7, 1.9],
			"to": [12, 8, 3.9],
			"rotation": {"angle": 0, "axis": "y", "origin": [-5, 3, 0]},
			"faces": {
				"north": {"uv": [1, 3.625, 5.5, 3.875], "texture": "#1"},
				"east": {"uv": [1, 3.625, 1.5, 3.875], "texture": "#1"},
				"south": {"uv": [0, 2.75, 4.5, 3], "texture": "#1"},
				"west": {"uv": [0, 0, 0.5, 0.25], "texture": "#1"},
				"up": {"uv": [1, 3.625, 5.5, 4.125], "texture": "#1"},
				"down": {"uv": [1, 3.625, 5.5, 4.125], "texture": "#1"}
			}
		},
		{
			"from": [2, 7, 1],
			"to": [3, 8, 10],
			"rotation": {"angle": 0, "axis": "y", "origin": [4, 3, 0]},
			"faces": {
				"north": {"uv": [8.25, 5.125, 8.5, 5.375], "texture": "#1"},
				"east": {"uv": [8.25, 5.125, 10.5, 5.375], "texture": "#1"},
				"south": {"uv": [0, 2.75, 0.25, 3], "texture": "#1"},
				"west": {"uv": [0, 0, 2.25, 0.25], "texture": "#1"},
				"up": {"uv": [8.25, 5.125, 8.5, 7.375], "texture": "#1"},
				"down": {"uv": [8.25, 5.125, 8.5, 7.375], "texture": "#1"}
			}
		},
		{
			"from": [2, 5, 5],
			"to": [3, 6, 10],
			"rotation": {"angle": 0, "axis": "y", "origin": [4, 2, 0]},
			"faces": {
				"north": {"uv": [4.75, 6.125, 5, 5.875], "texture": "#1"},
				"east": {"uv": [4.75, 6.125, 6, 5.875], "texture": "#1"},
				"south": {"uv": [0, 2.75, 0.25, 3], "texture": "#1"},
				"west": {"uv": [0, 0, 1.25, 0.25], "texture": "#1"},
				"up": {"uv": [4.75, 7.125, 5, 5.875], "texture": "#1"},
				"down": {"uv": [4.75, 7.125, 5, 5.875], "texture": "#1"}
			}
		},
		{
			"from": [2, 6, 9],
			"to": [3, 7, 10],
			"rotation": {"angle": 0, "axis": "y", "origin": [4, 2, 0]},
			"faces": {
				"north": {"uv": [8.25, 2.875, 8.5, 3.125], "texture": "#1"},
				"east": {"uv": [8.25, 2.875, 8.5, 3.125], "texture": "#1"},
				"south": {"uv": [0, 2.75, 0.25, 3], "texture": "#1"},
				"west": {"uv": [0, 0, 0.25, 0.25], "texture": "#1"},
				"up": {"uv": [8.25, 2.875, 8.5, 3.125], "texture": "#1"},
				"down": {"uv": [8.25, 2.875, 8.5, 3.125], "texture": "#1"}
			}
		},
		{
			"from": [2, 6, 5],
			"to": [3, 7, 6],
			"rotation": {"angle": 0, "axis": "y", "origin": [4, 2, 0]},
			"faces": {
				"north": {"uv": [8.25, 3.625, 8.5, 3.875], "texture": "#1"},
				"east": {"uv": [8.25, 3.625, 8.5, 3.875], "texture": "#1"},
				"south": {"uv": [0, 2.75, 0.25, 3], "texture": "#1"},
				"west": {"uv": [0, 0, 0.25, 0.25], "texture": "#1"},
				"up": {"uv": [8.25, 3.625, 8.5, 3.875], "texture": "#1"},
				"down": {"uv": [8.25, 3.625, 8.5, 3.875], "texture": "#1"}
			}
		},
		{
			"from": [12, 6, 9],
			"to": [13, 7, 10],
			"rotation": {"angle": 0, "axis": "y", "origin": [-5, 2, 0]},
			"faces": {
				"north": {"uv": [8.25, 2.875, 8.5, 3.125], "texture": "#1"},
				"east": {"uv": [8.25, 2.875, 8.5, 3.125], "texture": "#1"},
				"south": {"uv": [0, 2.75, 0.25, 3], "texture": "#1"},
				"west": {"uv": [0, 0, 0.25, 0.25], "texture": "#1"},
				"up": {"uv": [8.25, 2.875, 8.5, 3.125], "texture": "#1"},
				"down": {"uv": [8.25, 2.875, 8.5, 3.125], "texture": "#1"}
			}
		},
		{
			"from": [12, 6, 5],
			"to": [13, 7, 6],
			"rotation": {"angle": 0, "axis": "y", "origin": [-5, 2, 0]},
			"faces": {
				"north": {"uv": [8.25, 2.875, 8.5, 3.125], "texture": "#1"},
				"east": {"uv": [8.25, 2.875, 8.5, 3.125], "texture": "#1"},
				"south": {"uv": [0, 2.75, 0.25, 3], "texture": "#1"},
				"west": {"uv": [0, 0, 0.25, 0.25], "texture": "#1"},
				"up": {"uv": [8.25, 2.875, 8.5, 3.125], "texture": "#1"},
				"down": {"uv": [8.25, 2.875, 8.5, 3.125], "texture": "#1"}
			}
		},
		{
			"from": [12, 7, 1],
			"to": [13, 8, 10],
			"rotation": {"angle": 0, "axis": "y", "origin": [-5, 3, 0]},
			"faces": {
				"north": {"uv": [8.25, 5.875, 8.5, 6.125], "texture": "#1"},
				"east": {"uv": [8.25, 5.875, 10.5, 6.125], "texture": "#1"},
				"south": {"uv": [0, 2.75, 0.25, 3], "texture": "#1"},
				"west": {"uv": [0, 0, 2.25, 0.25], "texture": "#1"},
				"up": {"uv": [8.25, 5.875, 8.5, 8.125], "texture": "#1"},
				"down": {"uv": [8.25, 5.875, 8.5, 8.125], "texture": "#1"}
			}
		},
		{
			"from": [12, 5, 5],
			"to": [13, 6, 10],
			"rotation": {"angle": 0, "axis": "y", "origin": [-5, 2, 0]},
			"faces": {
				"north": {"uv": [8.25, 2.875, 8.5, 3.125], "texture": "#1"},
				"east": {"uv": [8.25, 2.875, 9.5, 3.125], "texture": "#1"},
				"south": {"uv": [0, 2.75, 0.25, 3], "texture": "#1"},
				"west": {"uv": [0, 0, 1.25, 0.25], "texture": "#1"},
				"up": {"uv": [8.25, 2.875, 8.5, 4.125], "texture": "#1"},
				"down": {"uv": [8.25, 2.875, 8.5, 4.125], "texture": "#1"}
			}
		},
		{
			"from": [-1, 8, 11],
			"to": [16, 10, 12],
			"rotation": {"angle": 45, "axis": "x", "origin": [3, 9, 11.5]},
			"faces": {
				"north": {"uv": [1, 2.875, 9, 3.375], "texture": "#1"},
				"east": {"uv": [1, 2.875, 1.25, 3.375], "texture": "#1"},
				"south": {"uv": [0, 2.75, 8, 3.25], "texture": "#1"},
				"west": {"uv": [0, 0, 0.25, 0.5], "texture": "#1"},
				"up": {"uv": [1, 2.875, 9, 3.125], "texture": "#1"},
				"down": {"uv": [1, 2.875, 9, 3.125], "texture": "#1"}
			}
		}
	],
	"display": {
		"thirdperson_righthand": {
			"rotation": [24, -33, -31],
			"translation": [0.5, 0, 0]
		},
		"thirdperson_lefthand": {
			"rotation": [24, -33, -31],
			"translation": [0.5, 0, 0]
		},
		"firstperson_righthand": {
			"rotation": [0, 45, 0],
			"scale": [0.6, 0.6, 0.6]
		},
		"firstperson_lefthand": {
			"rotation": [0, 45, 0],
			"scale": [0.6, 0.6, 0.6]
		},
		"ground": {
			"translation": [0, 2, 0],
			"scale": [0.5, 0.5, 0.5]
		},
		"gui": {
			"rotation": [30, 225, 0],
			"scale": [0.625, 0.625, 0.625]
		},
		"head": {
			"translation": [0, 13, 1.5]
		},
		"fixed": {
			"rotation": [90, -180, -180],
			"translation": [0, 0, -18],
			"scale": [1.885, 1.885, 1.885]
		}
	},
	"groups": [
		{
			"name": "legs",
			"origin": [0, 0, 0],
			"children": [0, 1, 2, 3]
		},
		{
			"name": "pan",
			"origin": [0, 0, 0],
			"children": [4, 5, 6, 7, 8, 9, 10, 11, 12, 13, 14]
		},
		{
			"name": "seat",
			"origin": [0, 0, 0],
			"children": [15, 16, 17, 18, 19, 20, 21, 22, 23, 24, 25, 26, 27, 28, 29, 30, 31, 32, 33, 34]
		}
	]
}