{
	"credit": "Made with Blockbench",
	"textures": {
		"2": "oxi_copper/oxidized_copper_bar",
		"3": "oxi_copper/dark_oxidized_copper_bar",
		"5": "oxi_copper/oxidized_copper_angle",
		"6": "oxi_copper/oxidized_copper_core"
	},
	"elements": [
		{
			"name": "core",
			"from": [1, 9, 1],
			"to": [15, 23, 15],
			"rotation": {"angle": 45, "axis": "z", "origin": [8, 16, 8]},
			"faces": {
				"north": {"uv": [0, 0, 14, 14], "texture": "#6"},
				"east": {"uv": [0, 0, 14, 14], "texture": "#6"},
				"south": {"uv": [0, 0, 14, 14], "texture": "#6"},
				"west": {"uv": [0, 0, 14, 14], "texture": "#6"},
				"up": {"uv": [0, 0, 14, 14], "texture": "#6"},
				"down": {"uv": [0, 0, 14, 14], "texture": "#6"}
			}
		},
		{
			"from": [12, 20, 12],
			"to": [16, 24, 16],
			"rotation": {"angle": 45, "axis": "z", "origin": [8, 16, 8]},
			"faces": {
				"north": {"uv": [0, 0, 4, 4], "texture": "#5"},
				"east": {"uv": [0, 0, 4, 4], "texture": "#5"},
				"south": {"uv": [0, 2, 4, 6], "texture": "#5"},
				"west": {"uv": [0, 0, 4, 4], "texture": "#5"},
				"up": {"uv": [2, 0, 6, 4], "texture": "#5"},
				"down": {"uv": [0, 0, 4, 4], "texture": "#5"}
			}
		},
		{
			"from": [12, 20, 0],
			"to": [16, 24, 4],
			"rotation": {"angle": 45, "axis": "z", "origin": [8, 16, 8]},
			"faces": {
				"north": {"uv": [0, 0, 4, 4], "texture": "#5"},
				"east": {"uv": [0, 0, 4, 4], "texture": "#5"},
				"south": {"uv": [0, 2, 4, 6], "texture": "#5"},
				"west": {"uv": [0, 0, 4, 4], "texture": "#5"},
				"up": {"uv": [2, 0, 6, 4], "texture": "#5"},
				"down": {"uv": [0, 0, 4, 4], "texture": "#5"}
			}
		},
		{
			"from": [0, 20, 0],
			"to": [4, 24, 4],
			"rotation": {"angle": 45, "axis": "z", "origin": [8, 16, 8]},
			"faces": {
				"north": {"uv": [0, 0, 4, 4], "texture": "#5"},
				"east": {"uv": [0, 0, 4, 4], "texture": "#5"},
				"south": {"uv": [0, 2, 4, 6], "texture": "#5"},
				"west": {"uv": [0, 0, 4, 4], "texture": "#5"},
				"up": {"uv": [2, 0, 6, 4], "texture": "#5"},
				"down": {"uv": [0, 0, 4, 4], "texture": "#5"}
			}
		},
		{
			"from": [0, 20, 12],
			"to": [4, 24, 16],
			"rotation": {"angle": 45, "axis": "z", "origin": [8, 16, 8]},
			"faces": {
				"north": {"uv": [0, 0, 4, 4], "texture": "#5"},
				"east": {"uv": [0, 0, 4, 4], "texture": "#5"},
				"south": {"uv": [0, 2, 4, 6], "texture": "#5"},
				"west": {"uv": [0, 0, 4, 4], "texture": "#5"},
				"up": {"uv": [2, 0, 6, 4], "texture": "#5"},
				"down": {"uv": [0, 0, 4, 4], "texture": "#5"}
			}
		},
		{
			"from": [12, 8, 12],
			"to": [16, 12, 16],
			"rotation": {"angle": 45, "axis": "z", "origin": [8, 16, 8]},
			"faces": {
				"north": {"uv": [0, 0, 4, 4], "texture": "#5"},
				"east": {"uv": [0, 0, 4, 4], "texture": "#5"},
				"south": {"uv": [0, 2, 4, 6], "texture": "#5"},
				"west": {"uv": [0, 0, 4, 4], "texture": "#5"},
				"up": {"uv": [2, 0, 6, 4], "texture": "#5"},
				"down": {"uv": [0, 0, 4, 4], "texture": "#5"}
			}
		},
		{
			"from": [12, 8, 0],
			"to": [16, 12, 4],
			"rotation": {"angle": 45, "axis": "z", "origin": [8, 16, 8]},
			"faces": {
				"north": {"uv": [0, 0, 4, 4], "texture": "#5"},
				"east": {"uv": [0, 0, 4, 4], "texture": "#5"},
				"south": {"uv": [0, 2, 4, 6], "texture": "#5"},
				"west": {"uv": [0, 0, 4, 4], "texture": "#5"},
				"up": {"uv": [2, 0, 6, 4], "texture": "#5"},
				"down": {"uv": [0, 0, 4, 4], "texture": "#5"}
			}
		},
		{
			"from": [0, 8, 12],
			"to": [4, 12, 16],
			"rotation": {"angle": 45, "axis": "z", "origin": [8, 16, 8]},
			"faces": {
				"north": {"uv": [0, 0, 4, 4], "texture": "#5"},
				"east": {"uv": [0, 0, 4, 4], "texture": "#5"},
				"south": {"uv": [0, 2, 4, 6], "texture": "#5"},
				"west": {"uv": [0, 0, 4, 4], "texture": "#5"},
				"up": {"uv": [2, 0, 6, 4], "texture": "#5"},
				"down": {"uv": [0, 0, 4, 4], "texture": "#5"}
			}
		},
		{
			"from": [0, 8, 0],
			"to": [4, 12, 4],
			"rotation": {"angle": 45, "axis": "z", "origin": [8, 16, 8]},
			"faces": {
				"north": {"uv": [0, 0, 4, 4], "texture": "#5"},
				"east": {"uv": [0, 0, 4, 4], "texture": "#5"},
				"south": {"uv": [0, 2, 4, 6], "texture": "#5"},
				"west": {"uv": [0, 0, 4, 4], "texture": "#5"},
				"up": {"uv": [2, 0, 6, 4], "texture": "#5"},
				"down": {"uv": [0, 0, 4, 4], "texture": "#5"}
			}
		},
		{
			"name": "octagon",
			"from": [19, 11.02944, 7.5],
			"to": [20, 20.97056, 8.5],
			"rotation": {"angle": 22.5, "axis": "z", "origin": [8, 16, 8]},
			"faces": {
				"north": {"uv": [0, 0, 1, 1], "rotation": 90, "texture": "#2"},
				"east": {"uv": [0, 0, 9.94113, 1], "rotation": 270, "texture": "#2"},
				"south": {"uv": [0, 0, 9.94113, 1], "rotation": 270, "texture": "#2"},
				"west": {"uv": [0, 0, 9.94113, 1], "rotation": 270, "texture": "#2"},
				"up": {"uv": [0, 0, 1, 1], "rotation": 270, "texture": "#2"},
				"down": {"uv": [0, 0, 1, 1], "rotation": 270, "texture": "#2"}
			}
		},
		{
			"name": "octagon",
			"from": [19, 11.02944, 7.5],
			"to": [20, 20.97056, 8.5],
			"rotation": {"angle": -22.5, "axis": "z", "origin": [8, 16, 8]},
			"faces": {
				"north": {"uv": [0, 0, 1, 1], "rotation": 90, "texture": "#2"},
				"east": {"uv": [0, 0, 9.94113, 1], "rotation": 270, "texture": "#2"},
				"south": {"uv": [0, 0, 9.94113, 1], "rotation": 270, "texture": "#2"},
				"west": {"uv": [0, 0, 9.94113, 1], "rotation": 270, "texture": "#2"},
				"up": {"uv": [0, 0, 1, 1], "rotation": 270, "texture": "#2"},
				"down": {"uv": [0, 0, 1, 1], "rotation": 270, "texture": "#2"}
			}
		},
		{
			"name": "octagon",
			"from": [-4, 11.02944, 7.5],
			"to": [-3, 20.97056, 8.5],
			"rotation": {"angle": 22.5, "axis": "z", "origin": [8, 16, 8]},
			"faces": {
				"north": {"uv": [0, 0, 1, 1], "rotation": 90, "texture": "#2"},
				"east": {"uv": [0, 0, 9.94113, 1], "rotation": 270, "texture": "#2"},
				"south": {"uv": [0, 0, 9.94113, 1], "rotation": 270, "texture": "#2"},
				"west": {"uv": [0, 0, 9.94113, 1], "rotation": 270, "texture": "#2"},
				"up": {"uv": [0, 0, 1, 1], "rotation": 270, "texture": "#2"},
				"down": {"uv": [0, 0, 1, 1], "rotation": 270, "texture": "#2"}
			}
		},
		{
			"name": "octagon",
			"from": [-4, 11.02944, 7.5],
			"to": [-3, 20.97056, 8.5],
			"rotation": {"angle": -22.5, "axis": "z", "origin": [8, 16, 8]},
			"faces": {
				"north": {"uv": [0, 0, 1, 1], "rotation": 90, "texture": "#2"},
				"east": {"uv": [0, 0, 9.94113, 1], "rotation": 270, "texture": "#2"},
				"south": {"uv": [0, 0, 9.94113, 1], "rotation": 270, "texture": "#2"},
				"west": {"uv": [0, 0, 9.94113, 1], "rotation": 270, "texture": "#2"},
				"up": {"uv": [0, 0, 1, 1], "rotation": 270, "texture": "#2"},
				"down": {"uv": [0, 0, 1, 1], "rotation": 270, "texture": "#2"}
			}
		},
		{
			"name": "octagon",
			"from": [3.02944, 4, 7.5],
			"to": [12.97056, 5, 8.5],
			"rotation": {"angle": 22.5, "axis": "z", "origin": [8, 16, 8]},
			"faces": {
				"north": {"uv": [0, 0, 1, 1], "rotation": 90, "texture": "#2"},
				"east": {"uv": [0, 0, 1, 1], "rotation": 270, "texture": "#2"},
				"south": {"uv": [0, 0, 1, 9.94113], "rotation": 270, "texture": "#2"},
				"west": {"uv": [0, 0, 1, 1], "rotation": 270, "texture": "#2"},
				"up": {"uv": [0, 0, 1, 9.94113], "rotation": 270, "texture": "#2"},
				"down": {"uv": [0, 0, 1, 9.94113], "rotation": 270, "texture": "#2"}
			}
		},
		{
			"name": "octagon",
			"from": [3.02944, 4, 7.5],
			"to": [12.97056, 5, 8.5],
			"rotation": {"angle": -22.5, "axis": "z", "origin": [8, 16, 8]},
			"faces": {
				"north": {"uv": [0, 0, 1, 1], "rotation": 90, "texture": "#2"},
				"east": {"uv": [0, 0, 1, 1], "rotation": 270, "texture": "#2"},
				"south": {"uv": [0, 0, 1, 9.94113], "rotation": 270, "texture": "#2"},
				"west": {"uv": [0, 0, 1, 1], "rotation": 270, "texture": "#2"},
				"up": {"uv": [0, 0, 1, 9.94113], "rotation": 270, "texture": "#2"},
				"down": {"uv": [0, 0, 1, 9.94113], "rotation": 270, "texture": "#2"}
			}
		},
		{
			"name": "octagon",
			"from": [3.02944, 27, 7.5],
			"to": [12.97056, 28, 8.5],
			"rotation": {"angle": 22.5, "axis": "z", "origin": [8, 16, 8]},
			"faces": {
				"north": {"uv": [0, 0, 1, 1], "rotation": 90, "texture": "#2"},
				"east": {"uv": [0, 0, 1, 1], "rotation": 270, "texture": "#2"},
				"south": {"uv": [0, 0, 1, 9.94113], "rotation": 270, "texture": "#2"},
				"west": {"uv": [0, 0, 1, 1], "rotation": 270, "texture": "#2"},
				"up": {"uv": [0, 0, 1, 9.94113], "rotation": 270, "texture": "#2"},
				"down": {"uv": [0, 0, 1, 9.94113], "rotation": 270, "texture": "#2"}
			}
		},
		{
			"name": "octagon",
			"from": [3.02944, 27, 7.5],
			"to": [12.97056, 28, 8.5],
			"rotation": {"angle": -22.5, "axis": "z", "origin": [8, 16, 8]},
			"faces": {
				"north": {"uv": [0, 0, 1, 1], "rotation": 90, "texture": "#2"},
				"east": {"uv": [0, 0, 1, 1], "rotation": 270, "texture": "#2"},
				"south": {"uv": [0, 0, 1, 9.94113], "rotation": 270, "texture": "#2"},
				"west": {"uv": [0, 0, 1, 1], "rotation": 270, "texture": "#2"},
				"up": {"uv": [0, 0, 1, 9.94113], "rotation": 270, "texture": "#2"},
				"down": {"uv": [0, 0, 1, 9.94113], "rotation": 270, "texture": "#2"}
			}
		},
		{
			"name": "octagon",
			"from": [18.56, 11.22826, 8.5],
			"to": [19.52, 20.77174, 8.75],
			"rotation": {"angle": 22.5, "axis": "z", "origin": [8, 16, 9]},
			"faces": {
				"north": {"uv": [0, 0, 1, 1], "rotation": 90, "texture": "#3"},
				"east": {"uv": [0, 0, 9.94113, 1], "rotation": 270, "texture": "#3"},
				"south": {"uv": [0, 0, 9.94113, 1], "rotation": 270, "texture": "#3"},
				"west": {"uv": [0, 0, 9.94113, 1], "rotation": 270, "texture": "#3"},
				"up": {"uv": [0, 0, 1, 1], "rotation": 270, "texture": "#3"},
				"down": {"uv": [0, 0, 1, 1], "rotation": 270, "texture": "#3"}
			}
		},
		{
			"name": "octagon",
			"from": [18.56, 11.22826, 8.5],
			"to": [19.52, 20.77174, 8.75],
			"rotation": {"angle": -22.5, "axis": "z", "origin": [8, 16, 9]},
			"faces": {
				"north": {"uv": [0, 0, 1, 1], "rotation": 90, "texture": "#3"},
				"east": {"uv": [0, 0, 9.94113, 1], "rotation": 270, "texture": "#3"},
				"south": {"uv": [0, 0, 9.94113, 1], "rotation": 270, "texture": "#3"},
				"west": {"uv": [0, 0, 9.94113, 1], "rotation": 270, "texture": "#3"},
				"up": {"uv": [0, 0, 1, 1], "rotation": 270, "texture": "#3"},
				"down": {"uv": [0, 0, 1, 1], "rotation": 270, "texture": "#3"}
			}
		},
		{
			"name": "octagon",
			"from": [-3.52, 11.22826, 8.5],
			"to": [-2.56, 20.77174, 8.75],
			"rotation": {"angle": 22.5, "axis": "z", "origin": [8, 16, 9]},
			"faces": {
				"north": {"uv": [0, 0, 1, 1], "rotation": 90, "texture": "#3"},
				"east": {"uv": [0, 0, 9.94113, 1], "rotation": 270, "texture": "#3"},
				"south": {"uv": [0, 0, 9.94113, 1], "rotation": 270, "texture": "#3"},
				"west": {"uv": [0, 0, 9.94113, 1], "rotation": 270, "texture": "#3"},
				"up": {"uv": [0, 0, 1, 1], "rotation": 270, "texture": "#3"},
				"down": {"uv": [0, 0, 1, 1], "rotation": 270, "texture": "#3"}
			}
		},
		{
			"name": "octagon",
			"from": [-3.52, 11.22826, 8.5],
			"to": [-2.56, 20.77174, 8.75],
			"rotation": {"angle": -22.5, "axis": "z", "origin": [8, 16, 9]},
			"faces": {
				"north": {"uv": [0, 0, 1, 1], "rotation": 90, "texture": "#3"},
				"east": {"uv": [0, 0, 9.94113, 1], "rotation": 270, "texture": "#3"},
				"south": {"uv": [0, 0, 9.94113, 1], "rotation": 270, "texture": "#3"},
				"west": {"uv": [0, 0, 9.94113, 1], "rotation": 270, "texture": "#3"},
				"up": {"uv": [0, 0, 1, 1], "rotation": 270, "texture": "#3"},
				"down": {"uv": [0, 0, 1, 1], "rotation": 270, "texture": "#3"}
			}
		},
		{
			"name": "octagon",
			"from": [3.22826, 4.48, 8.5],
			"to": [12.77174, 5.44, 8.75],
			"rotation": {"angle": 22.5, "axis": "z", "origin": [8, 16, 9]},
			"faces": {
				"north": {"uv": [0, 0, 1, 1], "rotation": 90, "texture": "#3"},
				"east": {"uv": [0, 0, 1, 1], "rotation": 270, "texture": "#3"},
				"south": {"uv": [0, 0, 1, 9.94113], "rotation": 270, "texture": "#3"},
				"west": {"uv": [0, 0, 1, 1], "rotation": 270, "texture": "#3"},
				"up": {"uv": [0, 0, 1, 9.94113], "rotation": 270, "texture": "#3"},
				"down": {"uv": [0, 0, 1, 9.94113], "rotation": 270, "texture": "#3"}
			}
		},
		{
			"name": "octagon",
			"from": [3.22826, 4.48, 8.5],
			"to": [12.77174, 5.44, 8.75],
			"rotation": {"angle": -22.5, "axis": "z", "origin": [8, 16, 9]},
			"faces": {
				"north": {"uv": [0, 0, 1, 1], "rotation": 90, "texture": "#3"},
				"east": {"uv": [0, 0, 1, 1], "rotation": 270, "texture": "#3"},
				"south": {"uv": [0, 0, 1, 9.94113], "rotation": 270, "texture": "#3"},
				"west": {"uv": [0, 0, 1, 1], "rotation": 270, "texture": "#3"},
				"up": {"uv": [0, 0, 1, 9.94113], "rotation": 270, "texture": "#3"},
				"down": {"uv": [0, 0, 1, 9.94113], "rotation": 270, "texture": "#3"}
			}
		},
		{
			"name": "octagon",
			"from": [3.22826, 26.56, 8.5],
			"to": [12.77174, 27.52, 8.75],
			"rotation": {"angle": 22.5, "axis": "z", "origin": [8, 16, 9]},
			"faces": {
				"north": {"uv": [0, 0, 1, 1], "rotation": 90, "texture": "#3"},
				"east": {"uv": [0, 0, 1, 1], "rotation": 270, "texture": "#3"},
				"south": {"uv": [0, 0, 1, 9.94113], "rotation": 270, "texture": "#3"},
				"west": {"uv": [0, 0, 1, 1], "rotation": 270, "texture": "#3"},
				"up": {"uv": [0, 0, 1, 9.94113], "rotation": 270, "texture": "#3"},
				"down": {"uv": [0, 0, 1, 9.94113], "rotation": 270, "texture": "#3"}
			}
		},
		{
			"name": "octagon",
			"from": [3.22826, 26.56, 8.5],
			"to": [12.77174, 27.52, 8.75],
			"rotation": {"angle": -22.5, "axis": "z", "origin": [8, 16, 9]},
			"faces": {
				"north": {"uv": [0, 0, 1, 1], "rotation": 90, "texture": "#3"},
				"east": {"uv": [0, 0, 1, 1], "rotation": 270, "texture": "#3"},
				"south": {"uv": [0, 0, 1, 9.94113], "rotation": 270, "texture": "#3"},
				"west": {"uv": [0, 0, 1, 1], "rotation": 270, "texture": "#3"},
				"up": {"uv": [0, 0, 1, 9.94113], "rotation": 270, "texture": "#3"},
				"down": {"uv": [0, 0, 1, 9.94113], "rotation": 270, "texture": "#3"}
			}
		},
		{
			"name": "octagon",
			"from": [18.56, 11.22826, 7.25],
			"to": [19.52, 20.77174, 7.5],
			"rotation": {"angle": 22.5, "axis": "z", "origin": [8, 16, 7.75]},
			"faces": {
				"north": {"uv": [0, 0, 1, 1], "rotation": 90, "texture": "#3"},
				"east": {"uv": [0, 0, 9.94113, 1], "rotation": 270, "texture": "#3"},
				"south": {"uv": [0, 0, 9.94113, 1], "rotation": 270, "texture": "#3"},
				"west": {"uv": [0, 0, 9.94113, 1], "rotation": 270, "texture": "#3"},
				"up": {"uv": [0, 0, 1, 1], "rotation": 270, "texture": "#3"},
				"down": {"uv": [0, 0, 1, 1], "rotation": 270, "texture": "#3"}
			}
		},
		{
			"name": "octagon",
			"from": [18.56, 11.22826, 7.25],
			"to": [19.52, 20.77174, 7.5],
			"rotation": {"angle": -22.5, "axis": "z", "origin": [8, 16, 7.75]},
			"faces": {
				"north": {"uv": [0, 0, 1, 1], "rotation": 90, "texture": "#3"},
				"east": {"uv": [0, 0, 9.94113, 1], "rotation": 270, "texture": "#3"},
				"south": {"uv": [0, 0, 9.94113, 1], "rotation": 270, "texture": "#3"},
				"west": {"uv": [0, 0, 9.94113, 1], "rotation": 270, "texture": "#3"},
				"up": {"uv": [0, 0, 1, 1], "rotation": 270, "texture": "#3"},
				"down": {"uv": [0, 0, 1, 1], "rotation": 270, "texture": "#3"}
			}
		},
		{
			"name": "octagon",
			"from": [-3.52, 11.22826, 7.25],
			"to": [-2.56, 20.77174, 7.5],
			"rotation": {"angle": 22.5, "axis": "z", "origin": [8, 16, 7.75]},
			"faces": {
				"north": {"uv": [0, 0, 1, 1], "rotation": 90, "texture": "#3"},
				"east": {"uv": [0, 0, 9.94113, 1], "rotation": 270, "texture": "#3"},
				"south": {"uv": [0, 0, 9.94113, 1], "rotation": 270, "texture": "#3"},
				"west": {"uv": [0, 0, 9.94113, 1], "rotation": 270, "texture": "#3"},
				"up": {"uv": [0, 0, 1, 1], "rotation": 270, "texture": "#3"},
				"down": {"uv": [0, 0, 1, 1], "rotation": 270, "texture": "#3"}
			}
		},
		{
			"name": "octagon",
			"from": [-3.52, 11.22826, 7.25],
			"to": [-2.56, 20.77174, 7.5],
			"rotation": {"angle": -22.5, "axis": "z", "origin": [8, 16, 7.75]},
			"faces": {
				"north": {"uv": [0, 0, 1, 1], "rotation": 90, "texture": "#3"},
				"east": {"uv": [0, 0, 9.94113, 1], "rotation": 270, "texture": "#3"},
				"south": {"uv": [0, 0, 9.94113, 1], "rotation": 270, "texture": "#3"},
				"west": {"uv": [0, 0, 9.94113, 1], "rotation": 270, "texture": "#3"},
				"up": {"uv": [0, 0, 1, 1], "rotation": 270, "texture": "#3"},
				"down": {"uv": [0, 0, 1, 1], "rotation": 270, "texture": "#3"}
			}
		},
		{
			"name": "octagon",
			"from": [3.22826, 4.48, 7.25],
			"to": [12.77174, 5.44, 7.5],
			"rotation": {"angle": 22.5, "axis": "z", "origin": [8, 16, 7.75]},
			"faces": {
				"north": {"uv": [0, 0, 1, 1], "rotation": 90, "texture": "#3"},
				"east": {"uv": [0, 0, 1, 1], "rotation": 270, "texture": "#3"},
				"south": {"uv": [0, 0, 1, 9.94113], "rotation": 270, "texture": "#3"},
				"west": {"uv": [0, 0, 1, 1], "rotation": 270, "texture": "#3"},
				"up": {"uv": [0, 0, 1, 9.94113], "rotation": 270, "texture": "#3"},
				"down": {"uv": [0, 0, 1, 9.94113], "rotation": 270, "texture": "#3"}
			}
		},
		{
			"name": "octagon",
			"from": [3.22826, 4.48, 7.25],
			"to": [12.77174, 5.44, 7.5],
			"rotation": {"angle": -22.5, "axis": "z", "origin": [8, 16, 7.75]},
			"faces": {
				"north": {"uv": [0, 0, 1, 1], "rotation": 90, "texture": "#3"},
				"east": {"uv": [0, 0, 1, 1], "rotation": 270, "texture": "#3"},
				"south": {"uv": [0, 0, 1, 9.94113], "rotation": 270, "texture": "#3"},
				"west": {"uv": [0, 0, 1, 1], "rotation": 270, "texture": "#3"},
				"up": {"uv": [0, 0, 1, 9.94113], "rotation": 270, "texture": "#3"},
				"down": {"uv": [0, 0, 1, 9.94113], "rotation": 270, "texture": "#3"}
			}
		},
		{
			"name": "octagon",
			"from": [3.22826, 26.56, 7.25],
			"to": [12.77174, 27.52, 7.5],
			"rotation": {"angle": 22.5, "axis": "z", "origin": [8, 16, 7.75]},
			"faces": {
				"north": {"uv": [0, 0, 1, 1], "rotation": 90, "texture": "#3"},
				"east": {"uv": [0, 0, 1, 1], "rotation": 270, "texture": "#3"},
				"south": {"uv": [0, 0, 1, 9.94113], "rotation": 270, "texture": "#3"},
				"west": {"uv": [0, 0, 1, 1], "rotation": 270, "texture": "#3"},
				"up": {"uv": [0, 0, 1, 9.94113], "rotation": 270, "texture": "#3"},
				"down": {"uv": [0, 0, 1, 9.94113], "rotation": 270, "texture": "#3"}
			}
		},
		{
			"name": "octagon",
			"from": [3.22826, 26.56, 7.25],
			"to": [12.77174, 27.52, 7.5],
			"rotation": {"angle": -22.5, "axis": "z", "origin": [8, 16, 7.75]},
			"faces": {
				"north": {"uv": [0, 0, 1, 1], "rotation": 90, "texture": "#3"},
				"east": {"uv": [0, 0, 1, 1], "rotation": 270, "texture": "#3"},
				"south": {"uv": [0, 0, 1, 9.94113], "rotation": 270, "texture": "#3"},
				"west": {"uv": [0, 0, 1, 1], "rotation": 270, "texture": "#3"},
				"up": {"uv": [0, 0, 1, 9.94113], "rotation": 270, "texture": "#3"},
				"down": {"uv": [0, 0, 1, 9.94113], "rotation": 270, "texture": "#3"}
			}
		},
		{
			"name": "octagon",
			"from": [7.5, 28.5, 2.40812],
			"to": [8.5, 29.5, 13.59188],
			"rotation": {"angle": -22.5, "axis": "x", "origin": [8, 16, 8]},
			"faces": {
				"north": {"uv": [0, 0, 1, 1], "rotation": 180, "texture": "#2"},
				"east": {"uv": [0, 0, 1, 11.18377], "rotation": 270, "texture": "#2"},
				"south": {"uv": [0, 0, 1, 1], "texture": "#2"},
				"west": {"uv": [0, 0, 1, 11.18377], "rotation": 90, "texture": "#2"},
				"up": {"uv": [0, 0, 1, 11.18377], "rotation": 180, "texture": "#2"},
				"down": {"uv": [0, 0, 1, 11.18377], "texture": "#2"}
			}
		},
		{
			"name": "octagon",
			"from": [7.5, 10.40812, -5.5],
			"to": [8.5, 21.59188, -4.5],
			"rotation": {"angle": 22.5, "axis": "x", "origin": [8, 16, 8]},
			"faces": {
				"north": {"uv": [0, 0, 1, 11.18377], "texture": "#2"},
				"east": {"uv": [0, 0, 1, 11.18377], "texture": "#2"},
				"south": {"uv": [0, 0, 1, 11.18377], "texture": "#2"},
				"west": {"uv": [0, 0, 1, 11.18377], "texture": "#2"},
				"up": {"uv": [0, 0, 1, 1], "texture": "#2"},
				"down": {"uv": [0, 0, 1, 1], "texture": "#2"}
			}
		},
		{
			"name": "octagon",
			"from": [7.5, 2.5, 2.40812],
			"to": [8.5, 3.5, 13.59188],
			"rotation": {"angle": -22.5, "axis": "x", "origin": [8, 16, 8]},
			"faces": {
				"north": {"uv": [0, 0, 1, 1], "rotation": 180, "texture": "#2"},
				"east": {"uv": [0, 0, 1, 11.18377], "rotation": 270, "texture": "#2"},
				"south": {"uv": [0, 0, 1, 1], "texture": "#2"},
				"west": {"uv": [0, 0, 1, 11.18377], "rotation": 90, "texture": "#2"},
				"up": {"uv": [0, 0, 1, 11.18377], "rotation": 180, "texture": "#2"},
				"down": {"uv": [0, 0, 1, 11.18377], "texture": "#2"}
			}
		},
		{
			"name": "octagon",
			"from": [7.5, 10.40812, 20.5],
			"to": [8.5, 21.59188, 21.5],
			"rotation": {"angle": 22.5, "axis": "x", "origin": [8, 16, 8]},
			"faces": {
				"north": {"uv": [0, 0, 1, 11.18377], "texture": "#2"},
				"east": {"uv": [0, 0, 1, 11.18377], "texture": "#2"},
				"south": {"uv": [0, 0, 1, 11.18377], "texture": "#2"},
				"west": {"uv": [0, 0, 1, 11.18377], "texture": "#2"},
				"up": {"uv": [0, 0, 1, 1], "texture": "#2"},
				"down": {"uv": [0, 0, 1, 1], "texture": "#2"}
			}
		},
		{
			"name": "octagon",
			"from": [7.5, 10.40812, -5.5],
			"to": [8.5, 21.59188, -4.5],
			"rotation": {"angle": -22.5, "axis": "x", "origin": [8, 16, 8]},
			"faces": {
				"north": {"uv": [0, 0, 1, 11.18377], "rotation": 180, "texture": "#2"},
				"east": {"uv": [0, 0, 11.18377, 1], "rotation": 270, "texture": "#2"},
				"south": {"uv": [0, 0, 1, 11.18377], "texture": "#2"},
				"west": {"uv": [0, 0, 11.18377, 1], "rotation": 90, "texture": "#2"},
				"up": {"uv": [0, 0, 1, 1], "rotation": 180, "texture": "#2"},
				"down": {"uv": [0, 0, 1, 1], "texture": "#2"}
			}
		},
		{
			"name": "octagon",
			"from": [7.5, 2.5, 2.40812],
			"to": [8.5, 3.5, 13.59188],
			"rotation": {"angle": 22.5, "axis": "x", "origin": [8, 16, 8]},
			"faces": {
				"north": {"uv": [0, 0, 1, 1], "texture": "#2"},
				"east": {"uv": [0, 0, 11.18377, 1], "texture": "#2"},
				"south": {"uv": [0, 0, 1, 1], "texture": "#2"},
				"west": {"uv": [0, 0, 11.18377, 1], "texture": "#2"},
				"up": {"uv": [0, 0, 1, 11.18377], "texture": "#2"},
				"down": {"uv": [0, 0, 1, 11.18377], "texture": "#2"}
			}
		},
		{
			"name": "octagon",
			"from": [7.5, 10.40812, 20.5],
			"to": [8.5, 21.59188, 21.5],
			"rotation": {"angle": -22.5, "axis": "x", "origin": [8, 16, 8]},
			"faces": {
				"north": {"uv": [0, 0, 1, 11.18377], "rotation": 180, "texture": "#2"},
				"east": {"uv": [0, 0, 11.18377, 1], "rotation": 270, "texture": "#2"},
				"south": {"uv": [0, 0, 1, 11.18377], "texture": "#2"},
				"west": {"uv": [0, 0, 11.18377, 1], "rotation": 90, "texture": "#2"},
				"up": {"uv": [0, 0, 1, 1], "rotation": 180, "texture": "#2"},
				"down": {"uv": [0, 0, 1, 1], "texture": "#2"}
			}
		},
		{
			"name": "octagon",
			"from": [7.5, 28.5, 2.40812],
			"to": [8.5, 29.5, 13.59188],
			"rotation": {"angle": 22.5, "axis": "x", "origin": [8, 16, 8]},
			"faces": {
				"north": {"uv": [0, 0, 1, 1], "texture": "#2"},
				"east": {"uv": [0, 0, 11.18377, 1], "texture": "#2"},
				"south": {"uv": [0, 0, 1, 1], "texture": "#2"},
				"west": {"uv": [0, 0, 11.18377, 1], "texture": "#2"},
				"up": {"uv": [0, 0, 1, 11.18377], "texture": "#2"},
				"down": {"uv": [0, 0, 1, 11.18377], "texture": "#2"}
			}
		},
		{
			"name": "octagon",
			"from": [7.25, 28, 2.63179],
			"to": [7.5, 28.96, 13.36821],
			"rotation": {"angle": -22.5, "axis": "x", "origin": [7, 16, 8]},
			"faces": {
				"north": {"uv": [0, 0, 1, 1], "rotation": 180, "texture": "#3"},
				"east": {"uv": [0, 0, 1, 11.18377], "rotation": 270, "texture": "#3"},
				"south": {"uv": [0, 0, 1, 1], "texture": "#3"},
				"west": {"uv": [0, 0, 1, 11.18377], "rotation": 90, "texture": "#3"},
				"up": {"uv": [0, 0, 1, 11.18377], "rotation": 180, "texture": "#3"},
				"down": {"uv": [0, 0, 1, 11.18377], "texture": "#3"}
			}
		},
		{
			"name": "octagon",
			"from": [7.25, 10.63179, -4.96],
			"to": [7.5, 21.36821, -4],
			"rotation": {"angle": 22.5, "axis": "x", "origin": [7, 16, 8]},
			"faces": {
				"north": {"uv": [0, 0, 1, 11.18377], "texture": "#3"},
				"east": {"uv": [0, 0, 1, 11.18377], "texture": "#3"},
				"south": {"uv": [0, 0, 1, 11.18377], "texture": "#3"},
				"west": {"uv": [0, 0, 1, 11.18377], "texture": "#3"},
				"up": {"uv": [0, 0, 1, 1], "texture": "#3"},
				"down": {"uv": [0, 0, 1, 1], "texture": "#3"}
			}
		},
		{
			"name": "octagon",
			"from": [7.25, 3.04, 2.63179],
			"to": [7.5, 4, 13.36821],
			"rotation": {"angle": -22.5, "axis": "x", "origin": [7, 16, 8]},
			"faces": {
				"north": {"uv": [0, 0, 1, 1], "rotation": 180, "texture": "#3"},
				"east": {"uv": [0, 0, 1, 11.18377], "rotation": 270, "texture": "#3"},
				"south": {"uv": [0, 0, 1, 1], "texture": "#3"},
				"west": {"uv": [0, 0, 1, 11.18377], "rotation": 90, "texture": "#3"},
				"up": {"uv": [0, 0, 1, 11.18377], "rotation": 180, "texture": "#3"},
				"down": {"uv": [0, 0, 1, 11.18377], "texture": "#3"}
			}
		},
		{
			"name": "octagon",
			"from": [7.25, 10.63179, 20],
			"to": [7.5, 21.36821, 20.96],
			"rotation": {"angle": 22.5, "axis": "x", "origin": [7, 16, 8]},
			"faces": {
				"north": {"uv": [0, 0, 1, 11.18377], "texture": "#3"},
				"east": {"uv": [0, 0, 1, 11.18377], "texture": "#3"},
				"south": {"uv": [0, 0, 1, 11.18377], "texture": "#3"},
				"west": {"uv": [0, 0, 1, 11.18377], "texture": "#3"},
				"up": {"uv": [0, 0, 1, 1], "texture": "#3"},
				"down": {"uv": [0, 0, 1, 1], "texture": "#3"}
			}
		},
		{
			"name": "octagon",
			"from": [7.25, 10.63179, -4.96],
			"to": [7.5, 21.36821, -4],
			"rotation": {"angle": -22.5, "axis": "x", "origin": [7, 16, 8]},
			"faces": {
				"north": {"uv": [0, 0, 1, 11.18377], "rotation": 180, "texture": "#3"},
				"east": {"uv": [0, 0, 11.18377, 1], "rotation": 270, "texture": "#3"},
				"south": {"uv": [0, 0, 1, 11.18377], "texture": "#3"},
				"west": {"uv": [0, 0, 11.18377, 1], "rotation": 90, "texture": "#3"},
				"up": {"uv": [0, 0, 1, 1], "rotation": 180, "texture": "#3"},
				"down": {"uv": [0, 0, 1, 1], "texture": "#3"}
			}
		},
		{
			"name": "octagon",
			"from": [7.25, 3.04, 2.63179],
			"to": [7.5, 4, 13.36821],
			"rotation": {"angle": 22.5, "axis": "x", "origin": [7, 16, 8]},
			"faces": {
				"north": {"uv": [0, 0, 1, 1], "texture": "#3"},
				"east": {"uv": [0, 0, 11.18377, 1], "texture": "#3"},
				"south": {"uv": [0, 0, 1, 1], "texture": "#3"},
				"west": {"uv": [0, 0, 11.18377, 1], "texture": "#3"},
				"up": {"uv": [0, 0, 1, 11.18377], "texture": "#3"},
				"down": {"uv": [0, 0, 1, 11.18377], "texture": "#3"}
			}
		},
		{
			"name": "octagon",
			"from": [7.25, 10.63179, 20],
			"to": [7.5, 21.36821, 20.96],
			"rotation": {"angle": -22.5, "axis": "x", "origin": [7, 16, 8]},
			"faces": {
				"north": {"uv": [0, 0, 1, 11.18377], "rotation": 180, "texture": "#3"},
				"east": {"uv": [0, 0, 11.18377, 1], "rotation": 270, "texture": "#3"},
				"south": {"uv": [0, 0, 1, 11.18377], "texture": "#3"},
				"west": {"uv": [0, 0, 11.18377, 1], "rotation": 90, "texture": "#3"},
				"up": {"uv": [0, 0, 1, 1], "rotation": 180, "texture": "#3"},
				"down": {"uv": [0, 0, 1, 1], "texture": "#3"}
			}
		},
		{
			"name": "octagon",
			"from": [7.25, 28, 2.63179],
			"to": [7.5, 28.96, 13.36821],
			"rotation": {"angle": 22.5, "axis": "x", "origin": [7, 16, 8]},
			"faces": {
				"north": {"uv": [0, 0, 1, 1], "texture": "#3"},
				"east": {"uv": [0, 0, 11.18377, 1], "texture": "#3"},
				"south": {"uv": [0, 0, 1, 1], "texture": "#3"},
				"west": {"uv": [0, 0, 11.18377, 1], "texture": "#3"},
				"up": {"uv": [0, 0, 1, 11.18377], "texture": "#3"},
				"down": {"uv": [0, 0, 1, 11.18377], "texture": "#3"}
			}
		},
		{
			"name": "octagon",
			"from": [8.5, 28, 2.63179],
			"to": [8.75, 28.96, 13.36821],
			"rotation": {"angle": -22.5, "axis": "x", "origin": [8.25, 16, 8]},
			"faces": {
				"north": {"uv": [0, 0, 1, 1], "rotation": 180, "texture": "#3"},
				"east": {"uv": [0, 0, 1, 11.18377], "rotation": 270, "texture": "#3"},
				"south": {"uv": [0, 0, 1, 1], "texture": "#3"},
				"west": {"uv": [0, 0, 1, 11.18377], "rotation": 90, "texture": "#3"},
				"up": {"uv": [0, 0, 1, 11.18377], "rotation": 180, "texture": "#3"},
				"down": {"uv": [0, 0, 1, 11.18377], "texture": "#3"}
			}
		},
		{
			"name": "octagon",
			"from": [8.5, 10.63179, -4.96],
			"to": [8.75, 21.36821, -4],
			"rotation": {"angle": 22.5, "axis": "x", "origin": [8.25, 16, 8]},
			"faces": {
				"north": {"uv": [0, 0, 1, 11.18377], "texture": "#3"},
				"east": {"uv": [0, 0, 1, 11.18377], "texture": "#3"},
				"south": {"uv": [0, 0, 1, 11.18377], "texture": "#3"},
				"west": {"uv": [0, 0, 1, 11.18377], "texture": "#3"},
				"up": {"uv": [0, 0, 1, 1], "texture": "#3"},
				"down": {"uv": [0, 0, 1, 1], "texture": "#3"}
			}
		},
		{
			"name": "octagon",
			"from": [8.5, 3.04, 2.63179],
			"to": [8.75, 4, 13.36821],
			"rotation": {"angle": -22.5, "axis": "x", "origin": [8.25, 16, 8]},
			"faces": {
				"north": {"uv": [0, 0, 1, 1], "rotation": 180, "texture": "#3"},
				"east": {"uv": [0, 0, 1, 11.18377], "rotation": 270, "texture": "#3"},
				"south": {"uv": [0, 0, 1, 1], "texture": "#3"},
				"west": {"uv": [0, 0, 1, 11.18377], "rotation": 90, "texture": "#3"},
				"up": {"uv": [0, 0, 1, 11.18377], "rotation": 180, "texture": "#3"},
				"down": {"uv": [0, 0, 1, 11.18377], "texture": "#3"}
			}
		},
		{
			"name": "octagon",
			"from": [8.5, 10.63179, 20],
			"to": [8.75, 21.36821, 20.96],
			"rotation": {"angle": 22.5, "axis": "x", "origin": [8.25, 16, 8]},
			"faces": {
				"north": {"uv": [0, 0, 1, 11.18377], "texture": "#3"},
				"east": {"uv": [0, 0, 1, 11.18377], "texture": "#3"},
				"south": {"uv": [0, 0, 1, 11.18377], "texture": "#3"},
				"west": {"uv": [0, 0, 1, 11.18377], "texture": "#3"},
				"up": {"uv": [0, 0, 1, 1], "texture": "#3"},
				"down": {"uv": [0, 0, 1, 1], "texture": "#3"}
			}
		},
		{
			"name": "octagon",
			"from": [8.5, 10.63179, -4.96],
			"to": [8.75, 21.36821, -4],
			"rotation": {"angle": -22.5, "axis": "x", "origin": [8.25, 16, 8]},
			"faces": {
				"north": {"uv": [0, 0, 1, 11.18377], "rotation": 180, "texture": "#3"},
				"east": {"uv": [0, 0, 11.18377, 1], "rotation": 270, "texture": "#3"},
				"south": {"uv": [0, 0, 1, 11.18377], "texture": "#3"},
				"west": {"uv": [0, 0, 11.18377, 1], "rotation": 90, "texture": "#3"},
				"up": {"uv": [0, 0, 1, 1], "rotation": 180, "texture": "#3"},
				"down": {"uv": [0, 0, 1, 1], "texture": "#3"}
			}
		},
		{
			"name": "octagon",
			"from": [8.5, 3.04, 2.63179],
			"to": [8.75, 4, 13.36821],
			"rotation": {"angle": 22.5, "axis": "x", "origin": [8.25, 16, 8]},
			"faces": {
				"north": {"uv": [0, 0, 1, 1], "texture": "#3"},
				"east": {"uv": [0, 0, 11.18377, 1], "texture": "#3"},
				"south": {"uv": [0, 0, 1, 1], "texture": "#3"},
				"west": {"uv": [0, 0, 11.18377, 1], "texture": "#3"},
				"up": {"uv": [0, 0, 1, 11.18377], "texture": "#3"},
				"down": {"uv": [0, 0, 1, 11.18377], "texture": "#3"}
			}
		},
		{
			"name": "octagon",
			"from": [8.5, 10.63179, 20],
			"to": [8.75, 21.36821, 20.96],
			"rotation": {"angle": -22.5, "axis": "x", "origin": [8.25, 16, 8]},
			"faces": {
				"north": {"uv": [0, 0, 1, 11.18377], "rotation": 180, "texture": "#3"},
				"east": {"uv": [0, 0, 11.18377, 1], "rotation": 270, "texture": "#3"},
				"south": {"uv": [0, 0, 1, 11.18377], "texture": "#3"},
				"west": {"uv": [0, 0, 11.18377, 1], "rotation": 90, "texture": "#3"},
				"up": {"uv": [0, 0, 1, 1], "rotation": 180, "texture": "#3"},
				"down": {"uv": [0, 0, 1, 1], "texture": "#3"}
			}
		},
		{
			"name": "octagon",
			"from": [8.5, 28, 2.63179],
			"to": [8.75, 28.96, 13.36821],
			"rotation": {"angle": 22.5, "axis": "x", "origin": [8.25, 16, 8]},
			"faces": {
				"north": {"uv": [0, 0, 1, 1], "texture": "#3"},
				"east": {"uv": [0, 0, 11.18377, 1], "texture": "#3"},
				"south": {"uv": [0, 0, 1, 1], "texture": "#3"},
				"west": {"uv": [0, 0, 11.18377, 1], "texture": "#3"},
				"up": {"uv": [0, 0, 1, 11.18377], "texture": "#3"},
				"down": {"uv": [0, 0, 1, 11.18377], "texture": "#3"}
			}
		},
		{
			"name": "octagon",
			"from": [1.9939, 14.5, -6.5],
			"to": [14.0061, 15.5, -5.5],
			"rotation": {"angle": 22.5, "axis": "y", "origin": [8, 15, 8]},
			"faces": {
				"north": {"uv": [0, 0, 12.01219, 1], "texture": "#2"},
				"east": {"uv": [0, 0, 1, 1], "texture": "#2"},
				"south": {"uv": [0, 0, 12.01219, 1], "texture": "#2"},
				"west": {"uv": [0, 0, 1, 1], "texture": "#2"},
				"up": {"uv": [0, 0, 12.01219, 1], "texture": "#2"},
				"down": {"uv": [0, 0, 12.01219, 1], "texture": "#2"}
			}
		},
		{
			"name": "octagon",
			"from": [1.9939, 14.5, -6.5],
			"to": [14.0061, 15.5, -5.5],
			"rotation": {"angle": -22.5, "axis": "y", "origin": [8, 15, 8]},
			"faces": {
				"north": {"uv": [0, 0, 12.01219, 1], "texture": "#2"},
				"east": {"uv": [0, 0, 1, 1], "texture": "#2"},
				"south": {"uv": [0, 0, 12.01219, 1], "texture": "#2"},
				"west": {"uv": [0, 0, 1, 1], "texture": "#2"},
				"up": {"uv": [0, 0, 12.01219, 1], "texture": "#2"},
				"down": {"uv": [0, 0, 12.01219, 1], "texture": "#2"}
			}
		},
		{
			"name": "octagon",
			"from": [1.9939, 14.5, 21.5],
			"to": [14.0061, 15.5, 22.5],
			"rotation": {"angle": 22.5, "axis": "y", "origin": [8, 15, 8]},
			"faces": {
				"north": {"uv": [0, 0, 12.01219, 1], "texture": "#2"},
				"east": {"uv": [0, 0, 1, 1], "texture": "#2"},
				"south": {"uv": [0, 0, 12.01219, 1], "texture": "#2"},
				"west": {"uv": [0, 0, 1, 1], "texture": "#2"},
				"up": {"uv": [0, 0, 12.01219, 1], "texture": "#2"},
				"down": {"uv": [0, 0, 12.01219, 1], "texture": "#2"}
			}
		},
		{
			"name": "octagon",
			"from": [1.9939, 14.5, 21.5],
			"to": [14.0061, 15.5, 22.5],
			"rotation": {"angle": -22.5, "axis": "y", "origin": [8, 15, 8]},
			"faces": {
				"north": {"uv": [0, 0, 12.01219, 1], "texture": "#2"},
				"east": {"uv": [0, 0, 1, 1], "texture": "#2"},
				"south": {"uv": [0, 0, 12.01219, 1], "texture": "#2"},
				"west": {"uv": [0, 0, 1, 1], "texture": "#2"},
				"up": {"uv": [0, 0, 12.01219, 1], "texture": "#2"},
				"down": {"uv": [0, 0, 12.01219, 1], "texture": "#2"}
			}
		},
		{
			"name": "octagon",
			"from": [-6.5, 14.5, 1.9939],
			"to": [-5.5, 15.5, 14.0061],
			"rotation": {"angle": 22.5, "axis": "y", "origin": [8, 15, 8]},
			"faces": {
				"north": {"uv": [0, 0, 1, 1], "texture": "#2"},
				"east": {"uv": [0, 0, 12.01219, 1], "texture": "#2"},
				"south": {"uv": [0, 0, 1, 1], "texture": "#2"},
				"west": {"uv": [0, 0, 12.01219, 1], "texture": "#2"},
				"up": {"uv": [0, 0, 1, 12.01219], "texture": "#2"},
				"down": {"uv": [0, 0, 1, 12.01219], "texture": "#2"}
			}
		},
		{
			"name": "octagon",
			"from": [-6.5, 14.5, 1.9939],
			"to": [-5.5, 15.5, 14.0061],
			"rotation": {"angle": -22.5, "axis": "y", "origin": [8, 15, 8]},
			"faces": {
				"north": {"uv": [0, 0, 1, 1], "texture": "#2"},
				"east": {"uv": [0, 0, 12.01219, 1], "texture": "#2"},
				"south": {"uv": [0, 0, 1, 1], "texture": "#2"},
				"west": {"uv": [0, 0, 12.01219, 1], "texture": "#2"},
				"up": {"uv": [0, 0, 1, 12.01219], "texture": "#2"},
				"down": {"uv": [0, 0, 1, 12.01219], "texture": "#2"}
			}
		},
		{
			"name": "octagon",
			"from": [21.5, 14.5, 1.9939],
			"to": [22.5, 15.5, 14.0061],
			"rotation": {"angle": 22.5, "axis": "y", "origin": [8, 15, 8]},
			"faces": {
				"north": {"uv": [0, 0, 1, 1], "texture": "#2"},
				"east": {"uv": [0, 0, 12.01219, 1], "texture": "#2"},
				"south": {"uv": [0, 0, 1, 1], "texture": "#2"},
				"west": {"uv": [0, 0, 12.01219, 1], "texture": "#2"},
				"up": {"uv": [0, 0, 1, 12.01219], "texture": "#2"},
				"down": {"uv": [0, 0, 1, 12.01219], "texture": "#2"}
			}
		},
		{
			"name": "octagon",
			"from": [21.5, 14.5, 1.9939],
			"to": [22.5, 15.5, 14.0061],
			"rotation": {"angle": -22.5, "axis": "y", "origin": [8, 15, 8]},
			"faces": {
				"north": {"uv": [0, 0, 1, 1], "texture": "#2"},
				"east": {"uv": [0, 0, 12.01219, 1], "texture": "#2"},
				"south": {"uv": [0, 0, 1, 1], "texture": "#2"},
				"west": {"uv": [0, 0, 12.01219, 1], "texture": "#2"},
				"up": {"uv": [0, 0, 1, 12.01219], "texture": "#2"},
				"down": {"uv": [0, 0, 1, 12.01219], "texture": "#2"}
			}
		},
		{
			"name": "octagon",
			"from": [2.23415, 15.5, -5.92],
			"to": [13.76585, 15.75, -4.96],
			"rotation": {"angle": 22.5, "axis": "y", "origin": [8, 16, 8]},
			"faces": {
				"north": {"uv": [0, 0, 12.01219, 1], "texture": "#3"},
				"east": {"uv": [0, 0, 1, 1], "texture": "#3"},
				"south": {"uv": [0, 0, 12.01219, 1], "texture": "#3"},
				"west": {"uv": [0, 0, 1, 1], "texture": "#3"},
				"up": {"uv": [0, 0, 12.01219, 1], "texture": "#3"},
				"down": {"uv": [0, 0, 12.01219, 1], "texture": "#3"}
			}
		},
		{
			"name": "octagon",
			"from": [2.23415, 15.5, -5.92],
			"to": [13.76585, 15.75, -4.96],
			"rotation": {"angle": -22.5, "axis": "y", "origin": [8, 16, 8]},
			"display_frame": "TWFkZSBieSBMYXZhZm94ZXJleA==",
			"faces": {
				"north": {"uv": [0, 0, 12.01219, 1], "texture": "#3"},
				"east": {"uv": [0, 0, 1, 1], "texture": "#3"},
				"south": {"uv": [0, 0, 12.01219, 1], "texture": "#3"},
				"west": {"uv": [0, 0, 1, 1], "texture": "#3"},
				"up": {"uv": [0, 0, 12.01219, 1], "texture": "#3"},
				"down": {"uv": [0, 0, 12.01219, 1], "texture": "#3"}
			}
		},
		{
			"name": "octagon",
			"from": [2.23415, 15.5, 20.96],
			"to": [13.76585, 15.75, 21.92],
			"rotation": {"angle": 22.5, "axis": "y", "origin": [8, 16, 8]},
			"faces": {
				"north": {"uv": [0, 0, 12.01219, 1], "texture": "#3"},
				"east": {"uv": [0, 0, 1, 1], "texture": "#3"},
				"south": {"uv": [0, 0, 12.01219, 1], "texture": "#3"},
				"west": {"uv": [0, 0, 1, 1], "texture": "#3"},
				"up": {"uv": [0, 0, 12.01219, 1], "texture": "#3"},
				"down": {"uv": [0, 0, 12.01219, 1], "texture": "#3"}
			}
		},
		{
			"name": "octagon",
			"from": [2.23415, 15.5, 20.96],
			"to": [13.76585, 15.75, 21.92],
			"rotation": {"angle": -22.5, "axis": "y", "origin": [8, 16, 8]},
			"faces": {
				"north": {"uv": [0, 0, 12.01219, 1], "texture": "#3"},
				"east": {"uv": [0, 0, 1, 1], "texture": "#3"},
				"south": {"uv": [0, 0, 12.01219, 1], "texture": "#3"},
				"west": {"uv": [0, 0, 1, 1], "texture": "#3"},
				"up": {"uv": [0, 0, 12.01219, 1], "texture": "#3"},
				"down": {"uv": [0, 0, 12.01219, 1], "texture": "#3"}
			}
		},
		{
			"name": "octagon",
			"from": [-5.92, 15.5, 2.23415],
			"to": [-4.96, 15.75, 13.76585],
			"rotation": {"angle": 22.5, "axis": "y", "origin": [8, 16, 8]},
			"faces": {
				"north": {"uv": [0, 0, 1, 1], "texture": "#3"},
				"east": {"uv": [0, 0, 12.01219, 1], "texture": "#3"},
				"south": {"uv": [0, 0, 1, 1], "texture": "#3"},
				"west": {"uv": [0, 0, 12.01219, 1], "texture": "#3"},
				"up": {"uv": [0, 0, 1, 12.01219], "texture": "#3"},
				"down": {"uv": [0, 0, 1, 12.01219], "texture": "#3"}
			}
		},
		{
			"name": "octagon",
			"from": [-5.92, 15.5, 2.23415],
			"to": [-4.96, 15.75, 13.76585],
			"rotation": {"angle": -22.5, "axis": "y", "origin": [8, 16, 8]},
			"faces": {
				"north": {"uv": [0, 0, 1, 1], "texture": "#3"},
				"east": {"uv": [0, 0, 12.01219, 1], "texture": "#3"},
				"south": {"uv": [0, 0, 1, 1], "texture": "#3"},
				"west": {"uv": [0, 0, 12.01219, 1], "texture": "#3"},
				"up": {"uv": [0, 0, 1, 12.01219], "texture": "#3"},
				"down": {"uv": [0, 0, 1, 12.01219], "texture": "#3"}
			}
		},
		{
			"name": "octagon",
			"from": [20.96, 15.5, 2.23415],
			"to": [21.92, 15.75, 13.76585],
			"rotation": {"angle": 22.5, "axis": "y", "origin": [8, 16, 8]},
			"faces": {
				"north": {"uv": [0, 0, 1, 1], "texture": "#3"},
				"east": {"uv": [0, 0, 12.01219, 1], "texture": "#3"},
				"south": {"uv": [0, 0, 1, 1], "texture": "#3"},
				"west": {"uv": [0, 0, 12.01219, 1], "texture": "#3"},
				"up": {"uv": [0, 0, 1, 12.01219], "texture": "#3"},
				"down": {"uv": [0, 0, 1, 12.01219], "texture": "#3"}
			}
		},
		{
			"name": "octagon",
			"from": [20.96, 15.5, 2.23415],
			"to": [21.92, 15.75, 13.76585],
			"rotation": {"angle": -22.5, "axis": "y", "origin": [8, 16, 8]},
			"faces": {
				"north": {"uv": [0, 0, 1, 1], "texture": "#3"},
				"east": {"uv": [0, 0, 12.01219, 1], "texture": "#3"},
				"south": {"uv": [0, 0, 1, 1], "texture": "#3"},
				"west": {"uv": [0, 0, 12.01219, 1], "texture": "#3"},
				"up": {"uv": [0, 0, 1, 12.01219], "texture": "#3"},
				"down": {"uv": [0, 0, 1, 12.01219], "texture": "#3"}
			}
		},
		{
			"name": "octagon",
			"from": [2.23415, 14.25, -5.92],
			"to": [13.76585, 14.5, -4.96],
			"rotation": {"angle": 22.5, "axis": "y", "origin": [8, 14.75, 8]},
			"faces": {
				"north": {"uv": [0, 0, 12.01219, 1], "texture": "#3"},
				"east": {"uv": [0, 0, 1, 1], "texture": "#3"},
				"south": {"uv": [0, 0, 12.01219, 1], "texture": "#3"},
				"west": {"uv": [0, 0, 1, 1], "texture": "#3"},
				"up": {"uv": [0, 0, 12.01219, 1], "texture": "#3"},
				"down": {"uv": [0, 0, 12.01219, 1], "texture": "#3"}
			}
		},
		{
			"name": "octagon",
			"from": [2.23415, 14.25, -5.92],
			"to": [13.76585, 14.5, -4.96],
			"rotation": {"angle": -22.5, "axis": "y", "origin": [8, 14.75, 8]},
			"faces": {
				"north": {"uv": [0, 0, 12.01219, 1], "texture": "#3"},
				"east": {"uv": [0, 0, 1, 1], "texture": "#3"},
				"south": {"uv": [0, 0, 12.01219, 1], "texture": "#3"},
				"west": {"uv": [0, 0, 1, 1], "texture": "#3"},
				"up": {"uv": [0, 0, 12.01219, 1], "texture": "#3"},
				"down": {"uv": [0, 0, 12.01219, 1], "texture": "#3"}
			}
		},
		{
			"name": "octagon",
			"from": [2.23415, 14.25, 20.96],
			"to": [13.76585, 14.5, 21.92],
			"rotation": {"angle": 22.5, "axis": "y", "origin": [8, 14.75, 8]},
			"faces": {
				"north": {"uv": [0, 0, 12.01219, 1], "texture": "#3"},
				"east": {"uv": [0, 0, 1, 1], "texture": "#3"},
				"south": {"uv": [0, 0, 12.01219, 1], "texture": "#3"},
				"west": {"uv": [0, 0, 1, 1], "texture": "#3"},
				"up": {"uv": [0, 0, 12.01219, 1], "texture": "#3"},
				"down": {"uv": [0, 0, 12.01219, 1], "texture": "#3"}
			}
		},
		{
			"name": "octagon",
			"from": [2.23415, 14.25, 20.96],
			"to": [13.76585, 14.5, 21.92],
			"rotation": {"angle": -22.5, "axis": "y", "origin": [8, 14.75, 8]},
			"faces": {
				"north": {"uv": [0, 0, 12.01219, 1], "texture": "#3"},
				"east": {"uv": [0, 0, 1, 1], "texture": "#3"},
				"south": {"uv": [0, 0, 12.01219, 1], "texture": "#3"},
				"west": {"uv": [0, 0, 1, 1], "texture": "#3"},
				"up": {"uv": [0, 0, 12.01219, 1], "texture": "#3"},
				"down": {"uv": [0, 0, 12.01219, 1], "texture": "#3"}
			}
		},
		{
			"name": "octagon",
			"from": [-5.92, 14.25, 2.23415],
			"to": [-4.96, 14.5, 13.76585],
			"rotation": {"angle": 22.5, "axis": "y", "origin": [8, 14.75, 8]},
			"faces": {
				"north": {"uv": [0, 0, 1, 1], "texture": "#3"},
				"east": {"uv": [0, 0, 12.01219, 1], "texture": "#3"},
				"south": {"uv": [0, 0, 1, 1], "texture": "#3"},
				"west": {"uv": [0, 0, 12.01219, 1], "texture": "#3"},
				"up": {"uv": [0, 0, 1, 12.01219], "texture": "#3"},
				"down": {"uv": [0, 0, 1, 12.01219], "texture": "#3"}
			}
		},
		{
			"name": "octagon",
			"from": [-5.92, 14.25, 2.23415],
			"to": [-4.96, 14.5, 13.76585],
			"rotation": {"angle": -22.5, "axis": "y", "origin": [8, 14.75, 8]},
			"faces": {
				"north": {"uv": [0, 0, 1, 1], "texture": "#3"},
				"east": {"uv": [0, 0, 12.01219, 1], "texture": "#3"},
				"south": {"uv": [0, 0, 1, 1], "texture": "#3"},
				"west": {"uv": [0, 0, 12.01219, 1], "texture": "#3"},
				"up": {"uv": [0, 0, 1, 12.01219], "texture": "#3"},
				"down": {"uv": [0, 0, 1, 12.01219], "texture": "#3"}
			}
		},
		{
			"name": "octagon",
			"from": [20.96, 14.25, 2.23415],
			"to": [21.92, 14.5, 13.76585],
			"rotation": {"angle": 22.5, "axis": "y", "origin": [8, 14.75, 8]},
			"faces": {
				"north": {"uv": [0, 0, 1, 1], "texture": "#3"},
				"east": {"uv": [0, 0, 12.01219, 1], "texture": "#3"},
				"south": {"uv": [0, 0, 1, 1], "texture": "#3"},
				"west": {"uv": [0, 0, 12.01219, 1], "texture": "#3"},
				"up": {"uv": [0, 0, 1, 12.01219], "texture": "#3"},
				"down": {"uv": [0, 0, 1, 12.01219], "texture": "#3"}
			}
		},
		{
			"name": "octagon",
			"from": [20.96, 14.25, 2.23415],
			"to": [21.92, 14.5, 13.76585],
			"rotation": {"angle": -22.5, "axis": "y", "origin": [8, 14.75, 8]},
			"faces": {
				"north": {"uv": [0, 0, 1, 1], "texture": "#3"},
				"east": {"uv": [0, 0, 12.01219, 1], "texture": "#3"},
				"south": {"uv": [0, 0, 1, 1], "texture": "#3"},
				"west": {"uv": [0, 0, 12.01219, 1], "texture": "#3"},
				"up": {"uv": [0, 0, 1, 12.01219], "texture": "#3"},
				"down": {"uv": [0, 0, 1, 12.01219], "texture": "#3"}
			}
		}
	],
	"display": {
		"thirdperson_righthand": {
			"rotation": [38.75, 0, 0],
			"translation": [0, 3.25, -0.75],
			"scale": [0.5, 0.5, 0.5]
		},
		"thirdperson_lefthand": {
			"rotation": [38.75, 0, 0],
			"translation": [0, 3.25, -0.75],
			"scale": [0.5, 0.5, 0.5]
		},
		"firstperson_righthand": {
			"rotation": [38.75, 0, 0],
			"translation": [1, 3.25, -7.5],
			"scale": [0.5, 0.5, 0.5]
		},
		"firstperson_lefthand": {
			"rotation": [38.75, 0, 0],
			"translation": [1, 3.25, -7.5],
			"scale": [0.5, 0.5, 0.5]
		},
		"ground": {
			"rotation": [-2, 0, 0],
			"translation": [0, 0.25, 0],
			"scale": [0.5, 0.5, 0.5]
		},
		"gui": {
			"rotation": [21.25, -19.25, 0],
			"translation": [0, -3.5, 0],
			"scale": [0.5, 0.5, 0.5]
		},
		"head": {
			"scale": [4, 4, 4]
		},
		"fixed": {
			"translation": [0, -3.5, 0],
			"scale": [0.5, 0.5, 0.5]
		}
	},
	"groups": [0,
		{
			"name": "angle",
			"origin": [8, 16, 8],
			"color": 0,
			"children": [1, 2, 3, 4, 5, 6, 7, 8]
		},
		{
			"name": "small",
			"origin": [8, 8, 8],
			"color": 0,
			"children": [9, 10, 11, 12, 13, 14, 15, 16]
		},
		{
			"name": "sidesmall",
			"origin": [8, 8, 8],
			"color": 0,
			"children": [17, 18, 19, 20, 21, 22, 23, 24]
		},
		{
			"name": "sidesmall",
			"origin": [8, 8, 8],
			"color": 0,
			"children": [25, 26, 27, 28, 29, 30, 31, 32]
		},
		{
			"name": "medium",
			"origin": [8, 8, 8],
			"color": 0,
			"children": [33, 34, 35, 36, 37, 38, 39, 40]
		},
		{
			"name": "sidemedium",
			"origin": [8, 8, 8],
			"color": 0,
			"children": [41, 42, 43, 44, 45, 46, 47, 48]
		},
		{
			"name": "sidemedium",
			"origin": [8, 8, 8],
			"color": 0,
			"children": [49, 50, 51, 52, 53, 54, 55, 56]
		},
		{
			"name": "thicc",
			"origin": [8, 8, 8],
			"color": 0,
			"children": [57, 58, 59, 60, 61, 62, 63, 64]
		},
		{
			"name": "sidethicc",
			"origin": [8, 8, 8],
			"color": 0,
			"children": [65, 66, 67, 68, 69, 70, 71, 72]
		},
		{
			"name": "sidethicc",
			"origin": [8, 8, 8],
			"color": 0,
			"children": [73, 74, 75, 76, 77, 78, 79, 80]
		}
	]
}