{
	"credit": "Made with Blockbench",
	"textures": {
		"1": "furniture/kyc/color/1",
		"2": "furniture/kyc/color/2",
		"3": "furniture/kyc/color/window"
	},
	"elements": [
		{
			"from": [6, 0, 3],
			"to": [10, 0.5, 13],
			"faces": {
				"north": {"uv": [0, 0, 4, 0.5], "texture": "#2"},
				"east": {"uv": [0, 0, 10, 0.5], "texture": "#2"},
				"south": {"uv": [0, 0, 4, 0.5], "texture": "#2"},
				"west": {"uv": [0, 0, 10, 0.5], "texture": "#2"},
				"up": {"uv": [0, 0, 4, 10], "texture": "#2"},
				"down": {"uv": [0, 0, 4, 10], "texture": "#2"}
			}
		},
		{
			"from": [8.75, 0.5, 12.15],
			"to": [9.75, 0.6, 12.7],
			"faces": {
				"north": {"uv": [0, 0, 1, 0.1], "texture": "#3"},
				"east": {"uv": [0, 0, 0.55, 0.1], "texture": "#3"},
				"south": {"uv": [0, 0, 1, 0.1], "texture": "#3"},
				"west": {"uv": [0, 0, 0.55, 0.1], "texture": "#3"},
				"up": {"uv": [0, 0, 1, 0.55], "texture": "#3"},
				"down": {"uv": [0, 0, 1, 0.55], "texture": "#3"}
			}
		},
		{
			"from": [6.25, 0.5, 12.15],
			"to": [7.25, 0.6, 12.7],
			"faces": {
				"north": {"uv": [0, 0, 1, 0.1], "texture": "#1"},
				"east": {"uv": [0, 0, 0.55, 0.1], "texture": "#1"},
				"south": {"uv": [0, 0, 1, 0.1], "texture": "#1"},
				"west": {"uv": [0, 0, 0.55, 0.1], "texture": "#1"},
				"up": {"uv": [0, 0, 1, 0.55], "texture": "#1"},
				"down": {"uv": [0, 0, 1, 0.55], "texture": "#1"}
			}
		},
		{
			"name": "octagon",
			"from": [7.58579, 0.5, 6.6],
			"to": [8.41421, 0.6, 8.6],
			"rotation": {"angle": 45, "axis": "y", "origin": [8, 0.25, 7.6]},
			"faces": {
				"north": {"uv": [0, 0, 1, 1], "texture": "#1"},
				"east": {"uv": [0, 0, 1, 1], "texture": "#1"},
				"south": {"uv": [0, 0, 1, 1], "texture": "#1"},
				"west": {"uv": [0, 0, 1, 1], "texture": "#1"},
				"up": {"uv": [0, 0, 1, 1], "texture": "#1"},
				"down": {"uv": [0, 0, 1, 1], "texture": "#1"}
			}
		},
		{
			"name": "octagon",
			"from": [7.58579, 0.5, 6.6],
			"to": [8.41421, 0.6, 8.6],
			"rotation": {"angle": 0, "axis": "y", "origin": [8, 0.25, 7.6]},
			"faces": {
				"north": {"uv": [0, 0, 1, 1], "texture": "#1"},
				"east": {"uv": [0, 0, 1, 1], "texture": "#1"},
				"south": {"uv": [0, 0, 1, 1], "texture": "#1"},
				"west": {"uv": [0, 0, 1, 1], "texture": "#1"},
				"up": {"uv": [0, 0, 1, 1], "texture": "#1"},
				"down": {"uv": [0, 0, 1, 1], "texture": "#1"}
			}
		},
		{
			"name": "octagon",
			"from": [7, 0.5, 7.18579],
			"to": [9, 0.6, 8.01421],
			"rotation": {"angle": 45, "axis": "y", "origin": [8, 0.25, 7.6]},
			"faces": {
				"north": {"uv": [0, 0, 1, 1], "texture": "#1"},
				"east": {"uv": [0, 0, 1, 1], "texture": "#1"},
				"south": {"uv": [0, 0, 1, 1], "texture": "#1"},
				"west": {"uv": [0, 0, 1, 1], "texture": "#1"},
				"up": {"uv": [0, 0, 1, 1], "texture": "#1"},
				"down": {"uv": [0, 0, 1, 1], "texture": "#1"}
			}
		},
		{
			"name": "octagon",
			"from": [7, 0.5, 7.18579],
			"to": [9, 0.6, 8.01421],
			"rotation": {"angle": 0, "axis": "y", "origin": [8, 0.25, 7.6]},
			"faces": {
				"north": {"uv": [0, 0, 1, 1], "texture": "#1"},
				"east": {"uv": [0, 0, 1, 1], "texture": "#1"},
				"south": {"uv": [0, 0, 1, 1], "texture": "#1"},
				"west": {"uv": [0, 0, 1, 1], "texture": "#1"},
				"up": {"uv": [0, 0, 1, 1], "texture": "#1"},
				"down": {"uv": [0, 0, 1, 1], "texture": "#1"}
			}
		},
		{
			"from": [9.225, 0.5, 7.225],
			"to": [9.675, 0.6, 8.025],
			"rotation": {"angle": 0, "axis": "y", "origin": [9.1, 0.55, 7.625]},
			"faces": {
				"north": {"uv": [0, 0, 0.45, 0.1], "texture": "#1"},
				"east": {"uv": [0, 0, 0.8, 0.1], "texture": "#1"},
				"south": {"uv": [0, 0, 0.45, 0.1], "texture": "#1"},
				"west": {"uv": [0, 0, 0.8, 0.1], "texture": "#1"},
				"up": {"uv": [0, 0, 0.8, 0.45], "rotation": 90, "texture": "#1"},
				"down": {"uv": [0, 0, 0.8, 0.45], "rotation": 270, "texture": "#1"}
			}
		},
		{
			"from": [8.925, 0.5, 6],
			"to": [9.625, 0.65, 6.5],
			"rotation": {"angle": -22.5, "axis": "y", "origin": [9.275, 0.55, 6.25]},
			"faces": {
				"north": {"uv": [0, 0, 0.7, 0.1], "texture": "#3"},
				"east": {"uv": [0, 0, 0.5, 0.1], "texture": "#3"},
				"south": {"uv": [0, 0, 0.7, 0.1], "texture": "#3"},
				"west": {"uv": [0, 0, 0.5, 0.1], "texture": "#3"},
				"up": {"uv": [0, 0, 0.7, 0.5], "texture": "#3"},
				"down": {"uv": [0, 0, 0.7, 0.5], "texture": "#3"}
			}
		},
		{
			"from": [8.075, 0.5, 5.8],
			"to": [8.775, 0.65, 6.3],
			"rotation": {"angle": 0, "axis": "y", "origin": [9.425, 0.55, 5.525]},
			"faces": {
				"north": {"uv": [15, 0, 15.7, 0.1], "texture": "#3"},
				"east": {"uv": [16, 0, 16.5, 0.1], "texture": "#3"},
				"south": {"uv": [15, 0, 15.7, 0.1], "texture": "#3"},
				"west": {"uv": [16, 0, 16.5, 0.1], "texture": "#3"},
				"up": {"uv": [15, 0, 15.7, 0.5], "texture": "#3"},
				"down": {"uv": [15, 0, 15.7, 0.5], "texture": "#3"}
			}
		},
		{
			"from": [7.225, 0.5, 5.8],
			"to": [7.925, 0.65, 6.3],
			"rotation": {"angle": 0, "axis": "y", "origin": [9.425, 0.55, 5.525]},
			"faces": {
				"north": {"uv": [15, 16, 15.7, 16.1], "texture": "#3"},
				"east": {"uv": [16, 16, 16.5, 16.1], "texture": "#3"},
				"south": {"uv": [15, 16, 15.7, 16.1], "texture": "#3"},
				"west": {"uv": [16, 16, 16.5, 16.1], "texture": "#3"},
				"up": {"uv": [15, 16, 15.7, 16.5], "texture": "#3"},
				"down": {"uv": [15, 16, 15.7, 16.5], "texture": "#3"}
			}
		},
		{
			"from": [6.375, 0.5, 6],
			"to": [7.075, 0.65, 6.5],
			"rotation": {"angle": 22.5, "axis": "y", "origin": [6.725, 0.55, 6.25]},
			"faces": {
				"north": {"uv": [0, 16, 0.7, 16.1], "texture": "#3"},
				"east": {"uv": [0, 16, 0.5, 16.1], "texture": "#3"},
				"south": {"uv": [0, 16, 0.7, 16.1], "texture": "#3"},
				"west": {"uv": [0, 16, 0.5, 16.1], "texture": "#3"},
				"up": {"uv": [0, 16, 0.7, 16.5], "texture": "#3"},
				"down": {"uv": [0, 16, 0.7, 16.5], "texture": "#3"}
			}
		},
		{
			"from": [6.375, 0.5, 5],
			"to": [7.075, 0.6, 5.5],
			"rotation": {"angle": 0, "axis": "y", "origin": [6.725, 0.55, 5.45]},
			"faces": {
				"north": {"uv": [0, 0, 0.7, 0.1], "texture": "#1"},
				"east": {"uv": [0, 0, 0.5, 0.1], "texture": "#1"},
				"south": {"uv": [0, 0, 0.7, 0.1], "texture": "#1"},
				"west": {"uv": [0, 0, 0.5, 0.1], "texture": "#1"},
				"up": {"uv": [0, 0, 0.7, 0.5], "texture": "#1"},
				"down": {"uv": [0, 0, 0.7, 0.5], "texture": "#1"}
			}
		},
		{
			"from": [7.225, 0.5, 5],
			"to": [7.925, 0.6, 5.5],
			"rotation": {"angle": 0, "axis": "y", "origin": [9.425, 0.55, 4.725]},
			"faces": {
				"north": {"uv": [0, 0, 0.7, 0.1], "texture": "#1"},
				"east": {"uv": [0, 0, 0.5, 0.1], "texture": "#1"},
				"south": {"uv": [0, 0, 0.7, 0.1], "texture": "#1"},
				"west": {"uv": [0, 0, 0.5, 0.1], "texture": "#1"},
				"up": {"uv": [0, 0, 0.7, 0.5], "texture": "#1"},
				"down": {"uv": [0, 0, 0.7, 0.5], "texture": "#1"}
			}
		},
		{
			"from": [8.075, 0.5, 5],
			"to": [8.775, 0.6, 5.5],
			"rotation": {"angle": 0, "axis": "y", "origin": [9.425, 0.55, 4.725]},
			"faces": {
				"north": {"uv": [0, 0, 0.7, 0.1], "texture": "#1"},
				"east": {"uv": [0, 0, 0.5, 0.1], "texture": "#1"},
				"south": {"uv": [0, 0, 0.7, 0.1], "texture": "#1"},
				"west": {"uv": [0, 0, 0.5, 0.1], "texture": "#1"},
				"up": {"uv": [0, 0, 0.7, 0.5], "texture": "#1"},
				"down": {"uv": [0, 0, 0.7, 0.5], "texture": "#1"}
			}
		},
		{
			"from": [8.925, 0.5, 5],
			"to": [9.625, 0.6, 5.5],
			"rotation": {"angle": 0, "axis": "y", "origin": [9.275, 0.55, 5.45]},
			"faces": {
				"north": {"uv": [0, 0, 0.7, 0.1], "texture": "#1"},
				"east": {"uv": [0, 0, 0.5, 0.1], "texture": "#1"},
				"south": {"uv": [0, 0, 0.7, 0.1], "texture": "#1"},
				"west": {"uv": [0, 0, 0.5, 0.1], "texture": "#1"},
				"up": {"uv": [0, 0, 0.7, 0.5], "texture": "#1"},
				"down": {"uv": [0, 0, 0.7, 0.5], "texture": "#1"}
			}
		},
		{
			"from": [6.375, 0.5, 3.4],
			"to": [7.075, 0.6, 3.9],
			"rotation": {"angle": 0, "axis": "y", "origin": [6.725, 0.55, 3.85]},
			"faces": {
				"north": {"uv": [0, 0, 0.7, 0.1], "texture": "#1"},
				"east": {"uv": [0, 0, 0.5, 0.1], "texture": "#1"},
				"south": {"uv": [0, 0, 0.7, 0.1], "texture": "#1"},
				"west": {"uv": [0, 0, 0.5, 0.1], "texture": "#1"},
				"up": {"uv": [0, 0, 0.7, 0.5], "texture": "#1"},
				"down": {"uv": [0, 0, 0.7, 0.5], "texture": "#1"}
			}
		},
		{
			"from": [7.225, 0.5, 3.4],
			"to": [7.925, 0.6, 3.9],
			"rotation": {"angle": 0, "axis": "y", "origin": [9.425, 0.55, 3.125]},
			"faces": {
				"north": {"uv": [0, 0, 0.7, 0.1], "texture": "#1"},
				"east": {"uv": [0, 0, 0.5, 0.1], "texture": "#1"},
				"south": {"uv": [0, 0, 0.7, 0.1], "texture": "#1"},
				"west": {"uv": [0, 0, 0.5, 0.1], "texture": "#1"},
				"up": {"uv": [0, 0, 0.7, 0.5], "texture": "#1"},
				"down": {"uv": [0, 0, 0.7, 0.5], "texture": "#1"}
			}
		},
		{
			"from": [8.075, 0.5, 3.4],
			"to": [8.775, 0.6, 3.9],
			"rotation": {"angle": 0, "axis": "y", "origin": [9.425, 0.55, 3.125]},
			"faces": {
				"north": {"uv": [0, 0, 0.7, 0.1], "texture": "#1"},
				"east": {"uv": [0, 0, 0.5, 0.1], "texture": "#1"},
				"south": {"uv": [0, 0, 0.7, 0.1], "texture": "#1"},
				"west": {"uv": [0, 0, 0.5, 0.1], "texture": "#1"},
				"up": {"uv": [0, 0, 0.7, 0.5], "texture": "#1"},
				"down": {"uv": [0, 0, 0.7, 0.5], "texture": "#1"}
			}
		},
		{
			"from": [8.925, 0.5, 3.4],
			"to": [9.625, 0.6, 3.9],
			"rotation": {"angle": 0, "axis": "y", "origin": [9.275, 0.55, 3.85]},
			"faces": {
				"north": {"uv": [0, 0, 0.7, 0.1], "texture": "#1"},
				"east": {"uv": [0, 0, 0.5, 0.1], "texture": "#1"},
				"south": {"uv": [0, 0, 0.7, 0.1], "texture": "#1"},
				"west": {"uv": [0, 0, 0.5, 0.1], "texture": "#1"},
				"up": {"uv": [0, 0, 0.7, 0.5], "texture": "#1"},
				"down": {"uv": [0, 0, 0.7, 0.5], "texture": "#1"}
			}
		},
		{
			"from": [8.925, 0.5, 4.2],
			"to": [9.625, 0.6, 4.7],
			"rotation": {"angle": 0, "axis": "y", "origin": [9.275, 0.55, 4.65]},
			"faces": {
				"north": {"uv": [0, 0, 0.7, 0.1], "texture": "#1"},
				"east": {"uv": [0, 0, 0.5, 0.1], "texture": "#1"},
				"south": {"uv": [0, 0, 0.7, 0.1], "texture": "#1"},
				"west": {"uv": [0, 0, 0.5, 0.1], "texture": "#1"},
				"up": {"uv": [0, 0, 0.7, 0.5], "texture": "#1"},
				"down": {"uv": [0, 0, 0.7, 0.5], "texture": "#1"}
			}
		},
		{
			"from": [8.075, 0.5, 4.2],
			"to": [8.775, 0.6, 4.7],
			"rotation": {"angle": 0, "axis": "y", "origin": [9.425, 0.55, 3.925]},
			"faces": {
				"north": {"uv": [0, 0, 0.7, 0.1], "texture": "#1"},
				"east": {"uv": [0, 0, 0.5, 0.1], "texture": "#1"},
				"south": {"uv": [0, 0, 0.7, 0.1], "texture": "#1"},
				"west": {"uv": [0, 0, 0.5, 0.1], "texture": "#1"},
				"up": {"uv": [0, 0, 0.7, 0.5], "texture": "#1"},
				"down": {"uv": [0, 0, 0.7, 0.5], "texture": "#1"}
			}
		},
		{
			"from": [7.225, 0.5, 4.2],
			"to": [7.925, 0.6, 4.7],
			"rotation": {"angle": 0, "axis": "y", "origin": [9.425, 0.55, 3.925]},
			"faces": {
				"north": {"uv": [0, 0, 0.7, 0.1], "texture": "#1"},
				"east": {"uv": [0, 0, 0.5, 0.1], "texture": "#1"},
				"south": {"uv": [0, 0, 0.7, 0.1], "texture": "#1"},
				"west": {"uv": [0, 0, 0.5, 0.1], "texture": "#1"},
				"up": {"uv": [0, 0, 0.7, 0.5], "texture": "#1"},
				"down": {"uv": [0, 0, 0.7, 0.5], "texture": "#1"}
			}
		},
		{
			"from": [6.375, 0.5, 4.2],
			"to": [7.075, 0.6, 4.7],
			"rotation": {"angle": 0, "axis": "y", "origin": [6.725, 0.55, 4.65]},
			"faces": {
				"north": {"uv": [0, 0, 0.7, 0.1], "texture": "#1"},
				"east": {"uv": [0, 0, 0.5, 0.1], "texture": "#1"},
				"south": {"uv": [0, 0, 0.7, 0.1], "texture": "#1"},
				"west": {"uv": [0, 0, 0.5, 0.1], "texture": "#1"},
				"up": {"uv": [0, 0, 0.7, 0.5], "texture": "#1"},
				"down": {"uv": [0, 0, 0.7, 0.5], "texture": "#1"}
			}
		},
		{
			"from": [6.325, 0.5, 7.225],
			"to": [6.775, 0.6, 8.025],
			"rotation": {"angle": 0, "axis": "y", "origin": [6.9, 0.55, 7.625]},
			"faces": {
				"north": {"uv": [0, 0, 0.45, 0.1], "texture": "#1"},
				"east": {"uv": [0, 0, 0.8, 0.1], "texture": "#1"},
				"south": {"uv": [0, 0, 0.45, 0.1], "texture": "#1"},
				"west": {"uv": [0, 0, 0.8, 0.1], "texture": "#1"},
				"up": {"uv": [0, 0, 0.8, 0.45], "rotation": 90, "texture": "#1"},
				"down": {"uv": [0, 0, 0.8, 0.45], "rotation": 270, "texture": "#1"}
			}
		},
		{
			"from": [6.5, 0.5, 11.25],
			"to": [7.3, 0.6, 11.7],
			"rotation": {"angle": 0, "axis": "y", "origin": [-0.05, 0, 0]},
			"faces": {
				"north": {"uv": [0, 0, 0.8, 0.1], "texture": "#1"},
				"east": {"uv": [0, 0, 0.45, 0.1], "texture": "#1"},
				"south": {"uv": [0, 0, 0.8, 0.1], "texture": "#1"},
				"west": {"uv": [0, 0, 0.45, 0.1], "texture": "#1"},
				"up": {"uv": [0, 0, 0.8, 0.45], "texture": "#1"},
				"down": {"uv": [0, 0, 0.8, 0.45], "texture": "#1"}
			}
		},
		{
			"from": [8.7, 0.5, 11.25],
			"to": [9.5, 0.6, 11.7],
			"rotation": {"angle": 0, "axis": "y", "origin": [-0.05, 0, 0]},
			"faces": {
				"north": {"uv": [0, 0, 0.8, 0.1], "texture": "#1"},
				"east": {"uv": [0, 0, 0.45, 0.1], "texture": "#1"},
				"south": {"uv": [0, 0, 0.8, 0.1], "texture": "#1"},
				"west": {"uv": [0, 0, 0.45, 0.1], "texture": "#1"},
				"up": {"uv": [0, 0, 0.8, 0.45], "texture": "#1"},
				"down": {"uv": [0, 0, 0.8, 0.45], "texture": "#1"}
			}
		},
		{
			"from": [7.6, 0.5, 11.25],
			"to": [8.4, 0.6, 11.7],
			"rotation": {"angle": 0, "axis": "y", "origin": [-0.05, 0, 0]},
			"faces": {
				"north": {"uv": [0, 0, 0.8, 0.1], "texture": "#1"},
				"east": {"uv": [0, 0, 0.45, 0.1], "texture": "#1"},
				"south": {"uv": [0, 0, 0.8, 0.1], "texture": "#1"},
				"west": {"uv": [0, 0, 0.45, 0.1], "texture": "#1"},
				"up": {"uv": [0, 0, 0.8, 0.45], "texture": "#1"},
				"down": {"uv": [0, 0, 0.8, 0.45], "texture": "#1"}
			}
		},
		{
			"from": [6.5, 0.5, 10.45],
			"to": [7.3, 0.6, 10.9],
			"rotation": {"angle": 0, "axis": "y", "origin": [-0.05, 0, 0]},
			"faces": {
				"north": {"uv": [0, 0, 0.8, 0.1], "texture": "#1"},
				"east": {"uv": [0, 0, 0.45, 0.1], "texture": "#1"},
				"south": {"uv": [0, 0, 0.8, 0.1], "texture": "#1"},
				"west": {"uv": [0, 0, 0.45, 0.1], "texture": "#1"},
				"up": {"uv": [0, 0, 0.8, 0.45], "texture": "#1"},
				"down": {"uv": [0, 0, 0.8, 0.45], "texture": "#1"}
			}
		},
		{
			"from": [8.7, 0.5, 10.45],
			"to": [9.5, 0.6, 10.9],
			"rotation": {"angle": 0, "axis": "y", "origin": [-0.05, 0, 0]},
			"faces": {
				"north": {"uv": [0, 0, 0.8, 0.1], "texture": "#1"},
				"east": {"uv": [0, 0, 0.45, 0.1], "texture": "#1"},
				"south": {"uv": [0, 0, 0.8, 0.1], "texture": "#1"},
				"west": {"uv": [0, 0, 0.45, 0.1], "texture": "#1"},
				"up": {"uv": [0, 0, 0.8, 0.45], "texture": "#1"},
				"down": {"uv": [0, 0, 0.8, 0.45], "texture": "#1"}
			}
		},
		{
			"from": [7.6, 0.5, 10.45],
			"to": [8.4, 0.6, 10.9],
			"rotation": {"angle": 0, "axis": "y", "origin": [-0.05, 0, 0]},
			"faces": {
				"north": {"uv": [0, 0, 0.8, 0.1], "texture": "#1"},
				"east": {"uv": [0, 0, 0.45, 0.1], "texture": "#1"},
				"south": {"uv": [0, 0, 0.8, 0.1], "texture": "#1"},
				"west": {"uv": [0, 0, 0.45, 0.1], "texture": "#1"},
				"up": {"uv": [0, 0, 0.8, 0.45], "texture": "#1"},
				"down": {"uv": [0, 0, 0.8, 0.45], "texture": "#1"}
			}
		},
		{
			"from": [6.5, 0.5, 9.65],
			"to": [7.3, 0.6, 10.1],
			"rotation": {"angle": 0, "axis": "y", "origin": [-0.05, 0, 0]},
			"faces": {
				"north": {"uv": [0, 0, 0.8, 0.1], "texture": "#1"},
				"east": {"uv": [0, 0, 0.45, 0.1], "texture": "#1"},
				"south": {"uv": [0, 0, 0.8, 0.1], "texture": "#1"},
				"west": {"uv": [0, 0, 0.45, 0.1], "texture": "#1"},
				"up": {"uv": [0, 0, 0.8, 0.45], "texture": "#1"},
				"down": {"uv": [0, 0, 0.8, 0.45], "texture": "#1"}
			}
		},
		{
			"from": [8.7, 0.5, 9.65],
			"to": [9.5, 0.6, 10.1],
			"rotation": {"angle": 0, "axis": "y", "origin": [-0.05, 0, 0]},
			"faces": {
				"north": {"uv": [0, 0, 0.8, 0.1], "texture": "#1"},
				"east": {"uv": [0, 0, 0.45, 0.1], "texture": "#1"},
				"south": {"uv": [0, 0, 0.8, 0.1], "texture": "#1"},
				"west": {"uv": [0, 0, 0.45, 0.1], "texture": "#1"},
				"up": {"uv": [0, 0, 0.8, 0.45], "texture": "#1"},
				"down": {"uv": [0, 0, 0.8, 0.45], "texture": "#1"}
			}
		},
		{
			"from": [7.6, 0.5, 9.65],
			"to": [8.4, 0.6, 10.1],
			"rotation": {"angle": 0, "axis": "y", "origin": [-0.05, 0, 0]},
			"faces": {
				"north": {"uv": [0, 0, 0.8, 0.1], "texture": "#1"},
				"east": {"uv": [0, 0, 0.45, 0.1], "texture": "#1"},
				"south": {"uv": [0, 0, 0.8, 0.1], "texture": "#1"},
				"west": {"uv": [0, 0, 0.45, 0.1], "texture": "#1"},
				"up": {"uv": [0, 0, 0.8, 0.45], "texture": "#1"},
				"down": {"uv": [0, 0, 0.8, 0.45], "texture": "#1"}
			}
		},
		{
			"from": [7.6, 0.5, 8.95],
			"to": [8.4, 0.6, 9.4],
			"rotation": {"angle": 0, "axis": "y", "origin": [-0.05, 0, 0]},
			"faces": {
				"north": {"uv": [0, 0, 0.8, 0.1], "texture": "#1"},
				"east": {"uv": [0, 0, 0.45, 0.1], "texture": "#1"},
				"south": {"uv": [0, 0, 0.8, 0.1], "texture": "#1"},
				"west": {"uv": [0, 0, 0.45, 0.1], "texture": "#1"},
				"up": {"uv": [0, 0, 0.8, 0.45], "texture": "#1"},
				"down": {"uv": [0, 0, 0.8, 0.45], "texture": "#1"}
			}
		}
	],
	"display": {
		"thirdperson_righthand": {
			"rotation": [77.25, -180, 0],
			"translation": [0, 5, 6],
			"scale": [0.8, 0.8, 0.8]
		},
		"thirdperson_lefthand": {
			"rotation": [77.25, -180, 0],
			"translation": [0, 5, 6],
			"scale": [0.8, 0.8, 0.8]
		},
		"firstperson_righthand": {
			"rotation": [32.25, -180, 0],
			"translation": [0, 8.75, 0]
		},
		"firstperson_lefthand": {
			"rotation": [32.25, -180, 0],
			"translation": [0, 8.75, 0]
		},
		"ground": {
			"translation": [0, 3.75, 0]
		},
		"gui": {
			"rotation": [-90, -28, 0],
			"translation": [0, 0, -12],
			"scale": [1.4, -1.4, 1.4]
		},
		"head": {
			"rotation": [-90, 0, 0],
			"translation": [0, 0, -37.75],
			"scale": [4, 4, 4]
		},
		"fixed": {
			"rotation": [-90, -28, 0],
			"translation": [0, 0, -12],
			"scale": [1.5, 1.5, 1.5]
		}
	},
	"groups": [
		{
			"name": "group",
			"origin": [0, 0, 0],
			"color": 0,
			"children": [0, 1, 2,
				{
					"name": "octagon",
					"origin": [8, 8, 8],
					"color": 0,
					"children": [3, 4, 5, 6, 7, 8, 9, 10, 11, 12, 13, 14, 15, 16, 17, 18, 19, 20, 21, 22, 23, 24]
				},
				{
					"name": "group",
					"origin": [-0.05, 0, 0],
					"color": 0,
					"children": [25, 26, 27, 28, 29, 30, 31, 32, 33, 34]
				}
			]
		}
	]
}