{
	"credit": "Made by Gameboy612",
	"textures": {
		"0": "furniture/kyc/color/3",
		"1": "furniture/kyc/color/4",
		"2": "furniture/kyc/color/5",
		"3": "furniture/kyc/color/6",
		"5": "furniture/kyc/color/1",
		"particle": "furniture/kyc/color/3"
	},
	"elements": [
		{
			"from": [6.5, 14.1, 17.85],
			"to": [7.75, 15.35, 18],
			"rotation": {"angle": 0, "axis": "y", "origin": [16, -3, 3]},
			"faces": {
				"north": {"uv": [1.25, 0, 2.5, 1.25], "texture": "#0"},
				"east": {"uv": [1, 0, 1.15, 1.25], "texture": "#0"},
				"south": {"uv": [1.25, 0, 2.5, 1.25], "texture": "#0"},
				"west": {"uv": [1, 0, 1.15, 1.25], "texture": "#0"},
				"up": {"uv": [1.25, 0, 2.5, 0.15], "texture": "#0"},
				"down": {"uv": [1.25, 0, 2.5, 0.15], "texture": "#0"}
			}
		},
		{
			"from": [8.25, 14.1, 17.85],
			"to": [9.5, 15.35, 18],
			"rotation": {"angle": 0, "axis": "y", "origin": [0, -3, 3]},
			"faces": {
				"north": {"uv": [0, 0, 1.25, 1.25], "texture": "#0"},
				"east": {"uv": [0, 0, 0.15, 1.25], "texture": "#0"},
				"south": {"uv": [0, 0, 1.25, 1.25], "texture": "#0"},
				"west": {"uv": [0, 0, 0.15, 1.25], "texture": "#0"},
				"up": {"uv": [0, 0, 1.25, 0.15], "texture": "#0"},
				"down": {"uv": [0, 0, 1.25, 0.15], "texture": "#0"}
			}
		},
		{
			"from": [8.25, 12.3, 17.85],
			"to": [9.5, 13.55, 18],
			"rotation": {"angle": 0, "axis": "y", "origin": [0, -3, 3]},
			"faces": {
				"north": {"uv": [0, 0, 1.25, 1.25], "texture": "#0"},
				"east": {"uv": [0, 0, 0.15, 1.25], "texture": "#0"},
				"south": {"uv": [0, 0, 1.25, 1.25], "texture": "#0"},
				"west": {"uv": [0, 0, 0.15, 1.25], "texture": "#0"},
				"up": {"uv": [0, 0, 1.25, 0.15], "texture": "#0"},
				"down": {"uv": [0, 0, 1.25, 0.15], "texture": "#0"}
			}
		},
		{
			"from": [6.5, 12.3, 17.85],
			"to": [7.75, 13.55, 18],
			"rotation": {"angle": 0, "axis": "y", "origin": [16, -3, 3]},
			"faces": {
				"north": {"uv": [1.25, 0, 2.5, 1.25], "texture": "#0"},
				"east": {"uv": [1, 0, 1.15, 1.25], "texture": "#0"},
				"south": {"uv": [1.25, 0, 2.5, 1.25], "texture": "#0"},
				"west": {"uv": [1, 0, 1.15, 1.25], "texture": "#0"},
				"up": {"uv": [1.25, 0, 2.5, 0.15], "texture": "#0"},
				"down": {"uv": [1.25, 0, 2.5, 0.15], "texture": "#0"}
			}
		},
		{
			"from": [8.275, 12.7, 17.95],
			"to": [9.475, 13.75, 18],
			"rotation": {"angle": 0, "axis": "y", "origin": [0, -3, 3]},
			"faces": {
				"north": {"uv": [0, 0, 1.2, 1.05], "texture": "#0"},
				"east": {"uv": [0, 0, 0.05, 1.05], "texture": "#0"},
				"south": {"uv": [0, 0, 1.2, 1.05], "texture": "#0"},
				"west": {"uv": [0, 0, 0.05, 1.05], "texture": "#0"},
				"up": {"uv": [0, 0, 1.2, 0.05], "texture": "#0"},
				"down": {"uv": [0, 0, 1.2, 0.05], "texture": "#0"}
			}
		},
		{
			"from": [6.525, 12.7, 17.95],
			"to": [7.725, 13.75, 18],
			"rotation": {"angle": 0, "axis": "y", "origin": [16, -3, 3]},
			"faces": {
				"north": {"uv": [1.25, 0, 2.45, 1.05], "texture": "#0"},
				"east": {"uv": [1, 0, 1.05, 1.05], "texture": "#0"},
				"south": {"uv": [1.25, 0, 2.45, 1.05], "texture": "#0"},
				"west": {"uv": [1, 0, 1.05, 1.05], "texture": "#0"},
				"up": {"uv": [1.25, 0, 2.45, 0.05], "texture": "#0"},
				"down": {"uv": [1.25, 0, 2.45, 0.05], "texture": "#0"}
			}
		},
		{
			"from": [6.525, 14.5, 17.95],
			"to": [7.725, 15.55, 18],
			"rotation": {"angle": 0, "axis": "y", "origin": [16, -3, 3]},
			"faces": {
				"north": {"uv": [1.25, 0, 2.45, 1.05], "texture": "#0"},
				"east": {"uv": [1, 0, 1.05, 1.05], "texture": "#0"},
				"south": {"uv": [1.25, 0, 2.45, 1.05], "texture": "#0"},
				"west": {"uv": [1, 0, 1.05, 1.05], "texture": "#0"},
				"up": {"uv": [1.25, 0, 2.45, 0.05], "texture": "#0"},
				"down": {"uv": [1.25, 0, 2.45, 0.05], "texture": "#0"}
			}
		},
		{
			"from": [8.275, 14.5, 17.95],
			"to": [9.475, 15.55, 18],
			"rotation": {"angle": 0, "axis": "y", "origin": [0, -3, 3]},
			"faces": {
				"north": {"uv": [0, 0, 1.2, 1.05], "texture": "#0"},
				"east": {"uv": [0, 0, 0.05, 1.05], "texture": "#0"},
				"south": {"uv": [0, 0, 1.2, 1.05], "texture": "#0"},
				"west": {"uv": [0, 0, 0.05, 1.05], "texture": "#0"},
				"up": {"uv": [0, 0, 1.2, 0.05], "texture": "#0"},
				"down": {"uv": [0, 0, 1.2, 0.05], "texture": "#0"}
			}
		},
		{
			"from": [6.5, 9, 17.85],
			"to": [7.75, 10.25, 18],
			"rotation": {"angle": 0, "axis": "y", "origin": [16, -3, 3]},
			"faces": {
				"north": {"uv": [1.25, 0, 2.5, 1.25], "texture": "#0"},
				"east": {"uv": [1, 0, 1.15, 1.25], "texture": "#0"},
				"south": {"uv": [1.25, 0, 2.5, 1.25], "texture": "#0"},
				"west": {"uv": [1, 0, 1.15, 1.25], "texture": "#0"},
				"up": {"uv": [1.25, 0, 2.5, 0.15], "texture": "#0"},
				"down": {"uv": [1.25, 0, 2.5, 0.15], "texture": "#0"}
			}
		},
		{
			"from": [8.25, 9, 17.85],
			"to": [9.5, 10.25, 18],
			"rotation": {"angle": 0, "axis": "y", "origin": [0, -3, 3]},
			"faces": {
				"north": {"uv": [0, 0, 1.25, 1.25], "texture": "#0"},
				"east": {"uv": [0, 0, 0.15, 1.25], "texture": "#0"},
				"south": {"uv": [0, 0, 1.25, 1.25], "texture": "#0"},
				"west": {"uv": [0, 0, 0.15, 1.25], "texture": "#0"},
				"up": {"uv": [0, 0, 1.25, 0.15], "texture": "#0"},
				"down": {"uv": [0, 0, 1.25, 0.15], "texture": "#0"}
			}
		},
		{
			"from": [8.25, 7.5, 17.85],
			"to": [9.5, 8.75, 18],
			"rotation": {"angle": 0, "axis": "y", "origin": [0, -3, 3]},
			"faces": {
				"north": {"uv": [0, 0, 1.25, 1.25], "texture": "#0"},
				"east": {"uv": [0, 0, 0.15, 1.25], "texture": "#0"},
				"south": {"uv": [0, 0, 1.25, 1.25], "texture": "#0"},
				"west": {"uv": [0, 0, 0.15, 1.25], "texture": "#0"},
				"up": {"uv": [0, 0, 1.25, 0.15], "texture": "#0"},
				"down": {"uv": [0, 0, 1.25, 0.15], "texture": "#0"}
			}
		},
		{
			"from": [6.5, 7.5, 17.85],
			"to": [7.75, 8.75, 18],
			"rotation": {"angle": 0, "axis": "y", "origin": [16, -3, 3]},
			"faces": {
				"north": {"uv": [1.25, 0, 2.5, 1.25], "texture": "#0"},
				"east": {"uv": [1, 0, 1.15, 1.25], "texture": "#0"},
				"south": {"uv": [1.25, 0, 2.5, 1.25], "texture": "#0"},
				"west": {"uv": [1, 0, 1.15, 1.25], "texture": "#0"},
				"up": {"uv": [1.25, 0, 2.5, 0.15], "texture": "#0"},
				"down": {"uv": [1.25, 0, 2.5, 0.15], "texture": "#0"}
			}
		},
		{
			"from": [8.275, 7.9, 17.95],
			"to": [9.475, 8.85, 18],
			"rotation": {"angle": 0, "axis": "y", "origin": [0, -3, 3]},
			"faces": {
				"north": {"uv": [0, 0, 1.2, 0.95], "texture": "#0"},
				"east": {"uv": [0, 0, 0.05, 0.95], "texture": "#0"},
				"south": {"uv": [0, 0, 1.2, 0.95], "texture": "#0"},
				"west": {"uv": [0, 0, 0.05, 0.95], "texture": "#0"},
				"up": {"uv": [0, 0, 1.2, 0.05], "texture": "#0"},
				"down": {"uv": [0, 0, 1.2, 0.05], "texture": "#0"}
			}
		},
		{
			"from": [6.525, 7.9, 17.95],
			"to": [7.725, 8.85, 18],
			"rotation": {"angle": 0, "axis": "y", "origin": [16, -3, 3]},
			"faces": {
				"north": {"uv": [1.25, 0, 2.45, 0.95], "texture": "#0"},
				"east": {"uv": [1, 0, 1.05, 0.95], "texture": "#0"},
				"south": {"uv": [1.25, 0, 2.45, 0.95], "texture": "#0"},
				"west": {"uv": [1, 0, 1.05, 0.95], "texture": "#0"},
				"up": {"uv": [1.25, 0, 2.45, 0.05], "texture": "#0"},
				"down": {"uv": [1.25, 0, 2.45, 0.05], "texture": "#0"}
			}
		},
		{
			"from": [6.525, 9.4, 17.95],
			"to": [7.725, 10.35, 18],
			"rotation": {"angle": 0, "axis": "y", "origin": [16, -3, 3]},
			"faces": {
				"north": {"uv": [1.25, 0, 2.45, 0.95], "texture": "#0"},
				"east": {"uv": [1, 0, 1.05, 0.95], "texture": "#0"},
				"south": {"uv": [1.25, 0, 2.45, 0.95], "texture": "#0"},
				"west": {"uv": [1, 0, 1.05, 0.95], "texture": "#0"},
				"up": {"uv": [1.25, 0, 2.45, 0.05], "texture": "#0"},
				"down": {"uv": [1.25, 0, 2.45, 0.05], "texture": "#0"}
			}
		},
		{
			"from": [8.275, 9.4, 17.95],
			"to": [9.475, 10.35, 18],
			"rotation": {"angle": 0, "axis": "y", "origin": [0, -3, 3]},
			"faces": {
				"north": {"uv": [0, 0, 1.2, 0.95], "texture": "#0"},
				"east": {"uv": [0, 0, 0.05, 0.95], "texture": "#0"},
				"south": {"uv": [0, 0, 1.2, 0.95], "texture": "#0"},
				"west": {"uv": [0, 0, 0.05, 0.95], "texture": "#0"},
				"up": {"uv": [0, 0, 1.2, 0.05], "texture": "#0"},
				"down": {"uv": [0, 0, 1.2, 0.05], "texture": "#0"}
			}
		},
		{
			"from": [6.5, 10.5, 17.85],
			"to": [7.75, 11.75, 18],
			"rotation": {"angle": 0, "axis": "y", "origin": [16, -3, 3]},
			"faces": {
				"north": {"uv": [1.25, 0, 2.5, 1.25], "texture": "#0"},
				"east": {"uv": [1, 0, 1.15, 1.25], "texture": "#0"},
				"south": {"uv": [1.25, 0, 2.5, 1.25], "texture": "#0"},
				"west": {"uv": [1, 0, 1.15, 1.25], "texture": "#0"},
				"up": {"uv": [1.25, 0, 2.5, 0.15], "texture": "#0"},
				"down": {"uv": [1.25, 0, 2.5, 0.15], "texture": "#0"}
			}
		},
		{
			"from": [8.25, 10.5, 17.85],
			"to": [9.5, 11.75, 18],
			"rotation": {"angle": 0, "axis": "y", "origin": [0, -3, 3]},
			"faces": {
				"north": {"uv": [0, 0, 1.25, 1.25], "texture": "#0"},
				"east": {"uv": [0, 0, 0.15, 1.25], "texture": "#0"},
				"south": {"uv": [0, 0, 1.25, 1.25], "texture": "#0"},
				"west": {"uv": [0, 0, 0.15, 1.25], "texture": "#0"},
				"up": {"uv": [0, 0, 1.25, 0.15], "texture": "#0"},
				"down": {"uv": [0, 0, 1.25, 0.15], "texture": "#0"}
			}
		},
		{
			"from": [8.275, 10.9, 17.95],
			"to": [9.475, 11.85, 18],
			"rotation": {"angle": 0, "axis": "y", "origin": [0, -3, 3]},
			"faces": {
				"north": {"uv": [0, 0, 1.2, 0.95], "texture": "#0"},
				"east": {"uv": [0, 0, 0.05, 0.95], "texture": "#0"},
				"south": {"uv": [0, 0, 1.2, 0.95], "texture": "#0"},
				"west": {"uv": [0, 0, 0.05, 0.95], "texture": "#0"},
				"up": {"uv": [0, 0, 1.2, 0.05], "texture": "#0"},
				"down": {"uv": [0, 0, 1.2, 0.05], "texture": "#0"}
			}
		},
		{
			"from": [6.525, 10.9, 17.95],
			"to": [7.725, 11.85, 18],
			"rotation": {"angle": 0, "axis": "y", "origin": [16, -3, 3]},
			"faces": {
				"north": {"uv": [1.25, 0, 2.45, 0.95], "texture": "#0"},
				"east": {"uv": [1, 0, 1.05, 0.95], "texture": "#0"},
				"south": {"uv": [1.25, 0, 2.45, 0.95], "texture": "#0"},
				"west": {"uv": [1, 0, 1.05, 0.95], "texture": "#0"},
				"up": {"uv": [1.25, 0, 2.45, 0.05], "texture": "#0"},
				"down": {"uv": [1.25, 0, 2.45, 0.05], "texture": "#0"}
			}
		},
		{
			"name": "octagon",
			"from": [8.81287, 14.575, 17.675],
			"to": [8.93713, 14.875, 17.85],
			"rotation": {"angle": 45, "axis": "z", "origin": [8.875, 14.725, 17.775]},
			"faces": {
				"north": {"uv": [0, 0, 1, 1], "texture": "#0"},
				"east": {"uv": [0, 0, 1, 1], "texture": "#0"},
				"south": {"uv": [0, 0, 1, 1], "texture": "#0"},
				"west": {"uv": [0, 0, 1, 1], "texture": "#0"},
				"up": {"uv": [0, 0, 1, 1], "texture": "#0"},
				"down": {"uv": [0, 0, 1, 1], "texture": "#0"}
			}
		},
		{
			"name": "octagon",
			"from": [8.81287, 14.575, 17.675],
			"to": [8.93713, 14.875, 17.85],
			"rotation": {"angle": 0, "axis": "z", "origin": [8.875, 14.725, 17.775]},
			"faces": {
				"north": {"uv": [0, 0, 1, 1], "texture": "#0"},
				"east": {"uv": [0, 0, 1, 1], "texture": "#0"},
				"south": {"uv": [0, 0, 1, 1], "texture": "#0"},
				"west": {"uv": [0, 0, 1, 1], "texture": "#0"},
				"up": {"uv": [0, 0, 1, 1], "texture": "#0"},
				"down": {"uv": [0, 0, 1, 1], "texture": "#0"}
			}
		},
		{
			"name": "octagon",
			"from": [8.725, 14.66287, 17.675],
			"to": [9.025, 14.78713, 17.85],
			"rotation": {"angle": 45, "axis": "z", "origin": [8.875, 14.725, 17.775]},
			"faces": {
				"north": {"uv": [0, 0, 1, 1], "texture": "#0"},
				"east": {"uv": [0, 0, 1, 1], "texture": "#0"},
				"south": {"uv": [0, 0, 1, 1], "texture": "#0"},
				"west": {"uv": [0, 0, 1, 1], "texture": "#0"},
				"up": {"uv": [0, 0, 1, 1], "texture": "#0"},
				"down": {"uv": [0, 0, 1, 1], "texture": "#0"}
			}
		},
		{
			"name": "octagon",
			"from": [8.725, 14.66287, 17.675],
			"to": [9.025, 14.78713, 17.85],
			"rotation": {"angle": 0, "axis": "z", "origin": [8.875, 14.725, 17.775]},
			"faces": {
				"north": {"uv": [0, 0, 1, 1], "texture": "#0"},
				"east": {"uv": [0, 0, 1, 1], "texture": "#0"},
				"south": {"uv": [0, 0, 1, 1], "texture": "#0"},
				"west": {"uv": [0, 0, 1, 1], "texture": "#0"},
				"up": {"uv": [0, 0, 1, 1], "texture": "#0"},
				"down": {"uv": [0, 0, 1, 1], "texture": "#0"}
			}
		},
		{
			"name": "octagon",
			"from": [7.06287, 14.575, 17.675],
			"to": [7.18713, 14.875, 17.85],
			"rotation": {"angle": -45, "axis": "z", "origin": [7.125, 14.725, 17.775]},
			"faces": {
				"north": {"uv": [1, 0, 0, 1], "texture": "#0"},
				"east": {"uv": [1, 0, 0, 1], "texture": "#0"},
				"south": {"uv": [1, 0, 0, 1], "texture": "#0"},
				"west": {"uv": [1, 0, 0, 1], "texture": "#0"},
				"up": {"uv": [1, 0, 0, 1], "texture": "#0"},
				"down": {"uv": [1, 0, 0, 1], "texture": "#0"}
			}
		},
		{
			"name": "octagon",
			"from": [7.06287, 14.575, 17.675],
			"to": [7.18713, 14.875, 17.85],
			"rotation": {"angle": 0, "axis": "z", "origin": [7.125, 14.725, 17.775]},
			"faces": {
				"north": {"uv": [1, 0, 0, 1], "texture": "#0"},
				"east": {"uv": [1, 0, 0, 1], "texture": "#0"},
				"south": {"uv": [1, 0, 0, 1], "texture": "#0"},
				"west": {"uv": [1, 0, 0, 1], "texture": "#0"},
				"up": {"uv": [1, 0, 0, 1], "texture": "#0"},
				"down": {"uv": [1, 0, 0, 1], "texture": "#0"}
			}
		},
		{
			"name": "octagon",
			"from": [6.975, 14.66287, 17.675],
			"to": [7.275, 14.78713, 17.85],
			"rotation": {"angle": -45, "axis": "z", "origin": [7.125, 14.725, 17.775]},
			"faces": {
				"north": {"uv": [1, 0, 0, 1], "texture": "#0"},
				"east": {"uv": [1, 0, 0, 1], "texture": "#0"},
				"south": {"uv": [1, 0, 0, 1], "texture": "#0"},
				"west": {"uv": [1, 0, 0, 1], "texture": "#0"},
				"up": {"uv": [1, 0, 0, 1], "texture": "#0"},
				"down": {"uv": [1, 0, 0, 1], "texture": "#0"}
			}
		},
		{
			"name": "octagon",
			"from": [6.975, 14.66287, 17.675],
			"to": [7.275, 14.78713, 17.85],
			"rotation": {"angle": 0, "axis": "z", "origin": [7.125, 14.725, 17.775]},
			"faces": {
				"north": {"uv": [1, 0, 0, 1], "texture": "#0"},
				"east": {"uv": [1, 0, 0, 1], "texture": "#0"},
				"south": {"uv": [1, 0, 0, 1], "texture": "#0"},
				"west": {"uv": [1, 0, 0, 1], "texture": "#0"},
				"up": {"uv": [1, 0, 0, 1], "texture": "#0"},
				"down": {"uv": [1, 0, 0, 1], "texture": "#0"}
			}
		},
		{
			"name": "octagon",
			"from": [8.81287, 12.775, 17.675],
			"to": [8.93713, 13.075, 17.85],
			"rotation": {"angle": 45, "axis": "z", "origin": [8.875, 12.925, 17.775]},
			"faces": {
				"north": {"uv": [0, 0, 1, 1], "texture": "#0"},
				"east": {"uv": [0, 0, 1, 1], "texture": "#0"},
				"south": {"uv": [0, 0, 1, 1], "texture": "#0"},
				"west": {"uv": [0, 0, 1, 1], "texture": "#0"},
				"up": {"uv": [0, 0, 1, 1], "texture": "#0"},
				"down": {"uv": [0, 0, 1, 1], "texture": "#0"}
			}
		},
		{
			"name": "octagon",
			"from": [8.81287, 12.775, 17.675],
			"to": [8.93713, 13.075, 17.85],
			"rotation": {"angle": 0, "axis": "z", "origin": [8.875, 12.925, 17.775]},
			"faces": {
				"north": {"uv": [0, 0, 1, 1], "texture": "#0"},
				"east": {"uv": [0, 0, 1, 1], "texture": "#0"},
				"south": {"uv": [0, 0, 1, 1], "texture": "#0"},
				"west": {"uv": [0, 0, 1, 1], "texture": "#0"},
				"up": {"uv": [0, 0, 1, 1], "texture": "#0"},
				"down": {"uv": [0, 0, 1, 1], "texture": "#0"}
			}
		},
		{
			"name": "octagon",
			"from": [8.725, 12.86287, 17.675],
			"to": [9.025, 12.98713, 17.85],
			"rotation": {"angle": 45, "axis": "z", "origin": [8.875, 12.925, 17.775]},
			"faces": {
				"north": {"uv": [0, 0, 1, 1], "texture": "#0"},
				"east": {"uv": [0, 0, 1, 1], "texture": "#0"},
				"south": {"uv": [0, 0, 1, 1], "texture": "#0"},
				"west": {"uv": [0, 0, 1, 1], "texture": "#0"},
				"up": {"uv": [0, 0, 1, 1], "texture": "#0"},
				"down": {"uv": [0, 0, 1, 1], "texture": "#0"}
			}
		},
		{
			"name": "octagon",
			"from": [8.725, 12.86287, 17.675],
			"to": [9.025, 12.98713, 17.85],
			"rotation": {"angle": 0, "axis": "z", "origin": [8.875, 12.925, 17.775]},
			"faces": {
				"north": {"uv": [0, 0, 1, 1], "texture": "#0"},
				"east": {"uv": [0, 0, 1, 1], "texture": "#0"},
				"south": {"uv": [0, 0, 1, 1], "texture": "#0"},
				"west": {"uv": [0, 0, 1, 1], "texture": "#0"},
				"up": {"uv": [0, 0, 1, 1], "texture": "#0"},
				"down": {"uv": [0, 0, 1, 1], "texture": "#0"}
			}
		},
		{
			"name": "octagon",
			"from": [7.06287, 12.775, 17.675],
			"to": [7.18713, 13.075, 17.85],
			"rotation": {"angle": -45, "axis": "z", "origin": [7.125, 12.925, 17.775]},
			"faces": {
				"north": {"uv": [1, 0, 0, 1], "texture": "#0"},
				"east": {"uv": [1, 0, 0, 1], "texture": "#0"},
				"south": {"uv": [1, 0, 0, 1], "texture": "#0"},
				"west": {"uv": [1, 0, 0, 1], "texture": "#0"},
				"up": {"uv": [1, 0, 0, 1], "texture": "#0"},
				"down": {"uv": [1, 0, 0, 1], "texture": "#0"}
			}
		},
		{
			"name": "octagon",
			"from": [7.06287, 12.775, 17.675],
			"to": [7.18713, 13.075, 17.85],
			"rotation": {"angle": 0, "axis": "z", "origin": [7.125, 12.925, 17.775]},
			"faces": {
				"north": {"uv": [1, 0, 0, 1], "texture": "#0"},
				"east": {"uv": [1, 0, 0, 1], "texture": "#0"},
				"south": {"uv": [1, 0, 0, 1], "texture": "#0"},
				"west": {"uv": [1, 0, 0, 1], "texture": "#0"},
				"up": {"uv": [1, 0, 0, 1], "texture": "#0"},
				"down": {"uv": [1, 0, 0, 1], "texture": "#0"}
			}
		},
		{
			"name": "octagon",
			"from": [6.975, 12.86287, 17.675],
			"to": [7.275, 12.98713, 17.85],
			"rotation": {"angle": -45, "axis": "z", "origin": [7.125, 12.925, 17.775]},
			"faces": {
				"north": {"uv": [1, 0, 0, 1], "texture": "#0"},
				"east": {"uv": [1, 0, 0, 1], "texture": "#0"},
				"south": {"uv": [1, 0, 0, 1], "texture": "#0"},
				"west": {"uv": [1, 0, 0, 1], "texture": "#0"},
				"up": {"uv": [1, 0, 0, 1], "texture": "#0"},
				"down": {"uv": [1, 0, 0, 1], "texture": "#0"}
			}
		},
		{
			"name": "octagon",
			"from": [6.975, 12.86287, 17.675],
			"to": [7.275, 12.98713, 17.85],
			"rotation": {"angle": 0, "axis": "z", "origin": [7.125, 12.925, 17.775]},
			"faces": {
				"north": {"uv": [1, 0, 0, 1], "texture": "#0"},
				"east": {"uv": [1, 0, 0, 1], "texture": "#0"},
				"south": {"uv": [1, 0, 0, 1], "texture": "#0"},
				"west": {"uv": [1, 0, 0, 1], "texture": "#0"},
				"up": {"uv": [1, 0, 0, 1], "texture": "#0"},
				"down": {"uv": [1, 0, 0, 1], "texture": "#0"}
			}
		},
		{
			"from": [8.95, 10.9, 17.75],
			"to": [9.15, 11.35, 17.85],
			"rotation": {"angle": 0, "axis": "x", "origin": [9.05, 11.125, 17.8]},
			"faces": {
				"north": {"uv": [0, 0, 0.2, 0.45], "texture": "#0"},
				"east": {"uv": [0, 0, 0.1, 0.45], "texture": "#0"},
				"south": {"uv": [0, 0, 0.2, 0.45], "texture": "#0"},
				"west": {"uv": [0, 0, 0.1, 0.45], "texture": "#0"},
				"up": {"uv": [0, 0, 0.2, 0.1], "texture": "#0"},
				"down": {"uv": [0, 0, 0.2, 0.1], "texture": "#0"}
			}
		},
		{
			"from": [8.6, 10.9, 17.75],
			"to": [8.8, 11.35, 17.85],
			"rotation": {"angle": 0, "axis": "x", "origin": [8.7, 11.125, 17.8]},
			"faces": {
				"north": {"uv": [0, 0, 0.2, 0.45], "texture": "#2"},
				"east": {"uv": [0, 0, 0.1, 0.45], "texture": "#2"},
				"south": {"uv": [0, 0, 0.2, 0.45], "texture": "#2"},
				"west": {"uv": [0, 0, 0.1, 0.45], "texture": "#2"},
				"up": {"uv": [0, 0, 0.2, 0.1], "texture": "#2"},
				"down": {"uv": [0, 0, 0.2, 0.1], "texture": "#2"}
			}
		},
		{
			"from": [8.95, 9.4, 17.75],
			"to": [9.15, 9.85, 17.85],
			"rotation": {"angle": 0, "axis": "x", "origin": [9.05, 11.125, 17.8]},
			"faces": {
				"north": {"uv": [0, 0, 0.2, 0.45], "texture": "#0"},
				"east": {"uv": [0, 0, 0.1, 0.45], "texture": "#0"},
				"south": {"uv": [0, 0, 0.2, 0.45], "texture": "#0"},
				"west": {"uv": [0, 0, 0.1, 0.45], "texture": "#0"},
				"up": {"uv": [0, 0, 0.2, 0.1], "texture": "#0"},
				"down": {"uv": [0, 0, 0.2, 0.1], "texture": "#0"}
			}
		},
		{
			"from": [8.6, 9.4, 17.75],
			"to": [8.8, 9.85, 17.85],
			"rotation": {"angle": 0, "axis": "x", "origin": [8.7, 11.125, 17.8]},
			"faces": {
				"north": {"uv": [0, 0, 0.2, 0.45], "texture": "#2"},
				"east": {"uv": [0, 0, 0.1, 0.45], "texture": "#2"},
				"south": {"uv": [0, 0, 0.2, 0.45], "texture": "#2"},
				"west": {"uv": [0, 0, 0.1, 0.45], "texture": "#2"},
				"up": {"uv": [0, 0, 0.2, 0.1], "texture": "#2"},
				"down": {"uv": [0, 0, 0.2, 0.1], "texture": "#2"}
			}
		},
		{
			"from": [8.6, 7.9, 17.75],
			"to": [8.85, 8.35, 17.85],
			"rotation": {"angle": 0, "axis": "x", "origin": [8.7, 11.125, 17.8]},
			"faces": {
				"north": {"uv": [0, 0, 0.25, 0.45], "texture": "#0"},
				"east": {"uv": [0, 0, 0.1, 0.45], "texture": "#0"},
				"south": {"uv": [0, 0, 0.25, 0.45], "texture": "#0"},
				"west": {"uv": [0, 0, 0.1, 0.45], "texture": "#0"},
				"up": {"uv": [0, 0, 0.25, 0.1], "texture": "#0"},
				"down": {"uv": [0, 0, 0.25, 0.1], "texture": "#0"}
			}
		},
		{
			"from": [8.9, 7.9, 17.75],
			"to": [9.15, 8.35, 17.85],
			"rotation": {"angle": 0, "axis": "x", "origin": [9.05, 11.125, 17.8]},
			"faces": {
				"north": {"uv": [0, 0, 0.25, 0.45], "texture": "#0"},
				"east": {"uv": [0, 0, 0.1, 0.45], "texture": "#0"},
				"south": {"uv": [0, 0, 0.25, 0.45], "texture": "#0"},
				"west": {"uv": [0, 0, 0.1, 0.45], "texture": "#0"},
				"up": {"uv": [0, 0, 0.25, 0.1], "texture": "#0"},
				"down": {"uv": [0, 0, 0.25, 0.1], "texture": "#0"}
			}
		},
		{
			"from": [6.85, 7.9, 17.75],
			"to": [7.1, 8.35, 17.85],
			"rotation": {"angle": 0, "axis": "x", "origin": [6.95, 11.125, 17.8]},
			"faces": {
				"north": {"uv": [0.25, 0, 0.5, 0.45], "texture": "#0"},
				"east": {"uv": [0.1, 0, 0.2, 0.45], "texture": "#0"},
				"south": {"uv": [0.25, 0, 0.5, 0.45], "texture": "#0"},
				"west": {"uv": [0.1, 0, 0.2, 0.45], "texture": "#0"},
				"up": {"uv": [0.25, 0, 0.5, 0.1], "texture": "#0"},
				"down": {"uv": [0.25, 0, 0.5, 0.1], "texture": "#0"}
			}
		},
		{
			"from": [7.15, 7.9, 17.75],
			"to": [7.4, 8.35, 17.85],
			"rotation": {"angle": 0, "axis": "x", "origin": [7.3, 11.125, 17.8]},
			"faces": {
				"north": {"uv": [0.25, 0, 0.5, 0.45], "texture": "#0"},
				"east": {"uv": [0.1, 0, 0.2, 0.45], "texture": "#0"},
				"south": {"uv": [0.25, 0, 0.5, 0.45], "texture": "#0"},
				"west": {"uv": [0.1, 0, 0.2, 0.45], "texture": "#0"},
				"up": {"uv": [0.25, 0, 0.5, 0.1], "texture": "#0"},
				"down": {"uv": [0.25, 0, 0.5, 0.1], "texture": "#0"}
			}
		},
		{
			"from": [6.85, 10.9, 17.75],
			"to": [7.05, 11.35, 17.85],
			"rotation": {"angle": 0, "axis": "x", "origin": [6.95, 11.125, 17.8]},
			"faces": {
				"north": {"uv": [0.2, 0, 0.4, 0.45], "texture": "#2"},
				"east": {"uv": [0.1, 0, 0.2, 0.45], "texture": "#2"},
				"south": {"uv": [0.2, 0, 0.4, 0.45], "texture": "#2"},
				"west": {"uv": [0.1, 0, 0.2, 0.45], "texture": "#2"},
				"up": {"uv": [0.2, 0, 0.4, 0.1], "texture": "#2"},
				"down": {"uv": [0.2, 0, 0.4, 0.1], "texture": "#2"}
			}
		},
		{
			"from": [7.2, 10.9, 17.75],
			"to": [7.4, 11.35, 17.85],
			"rotation": {"angle": 0, "axis": "x", "origin": [7.3, 11.125, 17.8]},
			"faces": {
				"north": {"uv": [0.2, 0, 0.4, 0.45], "texture": "#0"},
				"east": {"uv": [0.1, 0, 0.2, 0.45], "texture": "#0"},
				"south": {"uv": [0.2, 0, 0.4, 0.45], "texture": "#0"},
				"west": {"uv": [0.1, 0, 0.2, 0.45], "texture": "#0"},
				"up": {"uv": [0.2, 0, 0.4, 0.1], "texture": "#0"},
				"down": {"uv": [0.2, 0, 0.4, 0.1], "texture": "#0"}
			}
		},
		{
			"from": [6.65, 9.25, 17.8],
			"to": [7.6, 10, 17.85],
			"rotation": {"angle": 0, "axis": "y", "origin": [7.125, 9.25, 17.8]},
			"faces": {
				"north": {"uv": [1.25, 0, 2.2, 0.75], "texture": "#0"},
				"east": {"uv": [1, 0, 1.05, 0.75], "texture": "#0"},
				"south": {"uv": [1.25, 0, 2.2, 0.75], "texture": "#0"},
				"west": {"uv": [1, 0, 1.05, 0.75], "texture": "#0"},
				"up": {"uv": [1.25, 0, 2.2, 0.05], "texture": "#0"},
				"down": {"uv": [1.25, 0, 2.2, 0.05], "texture": "#0"}
			}
		},
		{
			"from": [6.65, 9.25, 17.75],
			"to": [7.6, 9.4, 17.8],
			"rotation": {"angle": 22.5, "axis": "x", "origin": [7.125, 9.25, 17.8]},
			"faces": {
				"north": {"uv": [1.25, 0, 2.2, 0.15], "texture": "#0"},
				"east": {"uv": [1, 0, 1.05, 0.15], "texture": "#0"},
				"south": {"uv": [1.25, 0, 2.2, 0.15], "texture": "#0"},
				"west": {"uv": [1, 0, 1.05, 0.15], "texture": "#0"},
				"up": {"uv": [1.25, 0, 2.2, 0.05], "texture": "#0"},
				"down": {"uv": [1.25, 0, 2.2, 0.05], "texture": "#0"}
			}
		},
		{
			"from": [9.75, 7, 17.75],
			"to": [10, 16, 18],
			"rotation": {"angle": 0, "axis": "y", "origin": [0, -3, 3]},
			"faces": {
				"north": {"uv": [0, 0, 0.25, 9], "texture": "#1"},
				"east": {"uv": [0, 0, 0.25, 9], "texture": "#1"},
				"south": {"uv": [0, 0, 0.25, 9], "texture": "#1"},
				"west": {"uv": [0, 0, 0.25, 9], "texture": "#1"},
				"up": {"uv": [0, 0, 0.25, 0.25], "texture": "#1"},
				"down": {"uv": [0, 0, 0.25, 0.25], "texture": "#1"}
			}
		},
		{
			"from": [6, 7, 17.75],
			"to": [6.25, 16, 18],
			"rotation": {"angle": 0, "axis": "y", "origin": [0, -3, 3]},
			"faces": {
				"north": {"uv": [0, 0, 0.25, 9], "texture": "#1"},
				"east": {"uv": [0, 0, 0.25, 9], "texture": "#1"},
				"south": {"uv": [0, 0, 0.25, 9], "texture": "#1"},
				"west": {"uv": [0, 0, 0.25, 9], "texture": "#1"},
				"up": {"uv": [0, 0, 0.25, 0.25], "texture": "#1"},
				"down": {"uv": [0, 0, 0.25, 0.25], "texture": "#1"}
			}
		},
		{
			"from": [6.25, 15.75, 17.75],
			"to": [9.75, 16, 18],
			"rotation": {"angle": 0, "axis": "y", "origin": [0, -3, 3]},
			"faces": {
				"north": {"uv": [0, 0, 3.5, 0.25], "texture": "#1"},
				"east": {"uv": [0, 0, 0.25, 0.25], "texture": "#1"},
				"south": {"uv": [0, 0, 3.5, 0.25], "texture": "#1"},
				"west": {"uv": [0, 0, 0.25, 0.25], "texture": "#1"},
				"up": {"uv": [0, 0, 3.5, 0.25], "texture": "#1"},
				"down": {"uv": [0, 0, 3.5, 0.25], "texture": "#1"}
			}
		},
		{
			"from": [6.25, 7, 17.75],
			"to": [9.75, 7.25, 18],
			"rotation": {"angle": 0, "axis": "y", "origin": [0, -3, 3]},
			"faces": {
				"north": {"uv": [0, 0, 3.5, 0.25], "texture": "#1"},
				"east": {"uv": [0, 0, 0.25, 0.25], "texture": "#1"},
				"south": {"uv": [0, 0, 3.5, 0.25], "texture": "#1"},
				"west": {"uv": [0, 0, 0.25, 0.25], "texture": "#1"},
				"up": {"uv": [0, 0, 3.5, 0.25], "texture": "#1"},
				"down": {"uv": [0, 0, 3.5, 0.25], "texture": "#1"}
			}
		},
		{
			"from": [6, 7, 18],
			"to": [10, 16, 19],
			"rotation": {"angle": 0, "axis": "y", "origin": [0, -3, 3]},
			"faces": {
				"north": {"uv": [0, 0, 4, 9], "texture": "#1"},
				"east": {"uv": [0, 0, 1, 9], "texture": "#1"},
				"south": {"uv": [0, 0, 4, 9], "texture": "#1"},
				"west": {"uv": [0, 0, 1, 9], "texture": "#1"},
				"up": {"uv": [0, 0, 4, 1], "texture": "#1"},
				"down": {"uv": [0, 0, 4, 1], "texture": "#1"}
			}
		},
		{
			"from": [10.2, 7.5, 17.75],
			"to": [13.2, 10.5, 19],
			"rotation": {"angle": 0, "axis": "y", "origin": [0, 0, 3]},
			"faces": {
				"north": {"uv": [0, 0, 12, 12], "texture": "#3"},
				"east": {"uv": [0, 0, 3.75, 9], "texture": "#3"},
				"south": {"uv": [0, 0, 12, 12], "texture": "#3"},
				"west": {"uv": [0, 0, 3.75, 9], "texture": "#3"},
				"up": {"uv": [0, 0, 9, 3.75], "texture": "#3"},
				"down": {"uv": [0, 0, 9, 3.75], "texture": "#3"}
			}
		},
		{
			"from": [12.6, 8.85, 17.65],
			"to": [12.95, 9.2, 17.75],
			"rotation": {"angle": 0, "axis": "y", "origin": [0, 0, 3]},
			"faces": {
				"north": {"uv": [0, 0, 0.25, 0.25], "texture": "#5"},
				"east": {"uv": [0, 0, 0.1, 0.25], "texture": "#5"},
				"south": {"uv": [0, 0, 0.25, 0.25], "texture": "#5"},
				"west": {"uv": [0, 0, 0.1, 0.25], "texture": "#5"},
				"up": {"uv": [0, 0, 0.25, 0.1], "texture": "#5"},
				"down": {"uv": [0, 0, 0.25, 0.1], "texture": "#5"}
			}
		}
	],
	"display": {
		"firstperson_righthand": {
			"rotation": [0, -90, 25],
			"translation": [1.13, 0, 1.13],
			"scale": [0.68, 0.68, 0.68]
		},
		"firstperson_lefthand": {
			"rotation": [0, -90, 25],
			"translation": [1.13, 0, 1.13],
			"scale": [0.68, 0.68, 0.68]
		},
		"ground": {
			"translation": [0, 2, 0],
			"scale": [0.5, 0.5, 0.5]
		},
		"gui": {
			"rotation": [30, 225, 0],
			"translation": [0, -1, 0],
			"scale": [0.625, 0.625, 0.625]
		},
		"head": {
			"rotation": [-60, 0, 0],
			"translation": [0, 7.5, -11.5],
			"scale": [1.6, 1.6, 1.6]
		},
		"fixed": {
			"rotation": [90, -180, -180],
			"translation": [16, -16, -10],
			"scale": [4, 4, 4]
		}
	},
	"groups": [
		{
			"name": "group",
			"origin": [8, 8, 8],
			"color": 0,
			"nbt": "{}",
			"armAnimationEnabled": false,
			"children": [
				{
					"name": "group",
					"origin": [0, 0, 0],
					"color": 0,
					"nbt": "{}",
					"armAnimationEnabled": false,
					"children": [0, 1, 2, 3, 4, 5, 6, 7, 8, 9, 10, 11, 12, 13, 14, 15, 16, 17, 18, 19]
				},
				{
					"name": "group",
					"origin": [8, 8, 8],
					"color": 0,
					"nbt": "{}",
					"armAnimationEnabled": false,
					"children": [
						{
							"name": "octagon",
							"origin": [8, 8, 8],
							"color": 0,
							"nbt": "{}",
							"armAnimationEnabled": false,
							"children": [20, 21, 22, 23]
						},
						{
							"name": "octagon",
							"origin": [8, 8, 8],
							"color": 0,
							"nbt": "{}",
							"armAnimationEnabled": false,
							"children": [24, 25, 26, 27]
						},
						{
							"name": "group",
							"origin": [8, 8, 8],
							"color": 0,
							"nbt": "{}",
							"armAnimationEnabled": false,
							"children": [
								{
									"name": "octagon",
									"origin": [8, 8, 8],
									"color": 0,
									"nbt": "{}",
									"armAnimationEnabled": false,
									"children": [28, 29, 30, 31]
								},
								{
									"name": "octagon",
									"origin": [8, 8, 8],
									"color": 0,
									"nbt": "{}",
									"armAnimationEnabled": false,
									"children": [32, 33, 34, 35]
								}
							]
						}
					]
				},
				{
					"name": "group",
					"origin": [8, 8, 8],
					"color": 0,
					"nbt": "{}",
					"armAnimationEnabled": false,
					"children": [36, 37, 38, 39, 40, 41, 42, 43, 44, 45, 46, 47]
				},
				{
					"name": "group",
					"origin": [0, 0, 0],
					"color": 0,
					"nbt": "{}",
					"armAnimationEnabled": false,
					"children": [48, 49, 50, 51, 52]
				}
			]
		},
		53,
		54
	]
}