{
	"credit": "Made by Gameboy612",
	"parent": "item_frame_block",
	"textures": {
		"0": "block/black_concrete",
		"1": "block/smooth_stone",
		"particle": "block/black_concrete"
	},
	"elements": [
		{
			"from": [7.1, 0, 4],
			"to": [7.9, 15, 5],
			"rotation": {"angle": 0, "axis": "y", "origin": [0, 0, 16]},
			"faces": {
				"north": {"uv": [5.8, 0, 5, 15], "texture": "#1"},
				"east": {"uv": [6, 0, 5, 15], "texture": "#1"},
				"south": {"uv": [5.8, 0, 5, 15], "texture": "#1"},
				"west": {"uv": [6, 0, 5, 15], "texture": "#1"},
				"up": {"uv": [0, 1, 0.8, 0], "texture": "#1"},
				"down": {"uv": [0, 1, 0.8, 0], "texture": "#1"}
			}
		},
		{
			"from": [7.1, 0, 0],
			"to": [7.9, 15, 1],
			"rotation": {"angle": 0, "axis": "y", "origin": [0, 0, 16]},
			"faces": {
				"north": {"uv": [5.8, 0, 5, 15], "texture": "#1"},
				"east": {"uv": [6, 0, 5, 15], "texture": "#1"},
				"south": {"uv": [5.8, 0, 5, 15], "texture": "#1"},
				"west": {"uv": [6, 0, 5, 15], "texture": "#1"},
				"up": {"uv": [0, 1, 0.8, 0], "texture": "#1"},
				"down": {"uv": [0, 1, 0.8, 0], "texture": "#1"}
			}
		},
		{
			"from": [7.1, 0, 8],
			"to": [7.9, 15, 9],
			"rotation": {"angle": 0, "axis": "y", "origin": [0, 0, 16]},
			"faces": {
				"north": {"uv": [5.8, 0, 5, 15], "texture": "#1"},
				"east": {"uv": [6, 0, 5, 15], "texture": "#1"},
				"south": {"uv": [5.8, 0, 5, 15], "texture": "#1"},
				"west": {"uv": [6, 0, 5, 15], "texture": "#1"},
				"up": {"uv": [0, 1, 0.8, 0], "texture": "#1"},
				"down": {"uv": [0, 1, 0.8, 0], "texture": "#1"}
			}
		},
		{
			"from": [7.1, 0, 12],
			"to": [7.9, 15, 13],
			"rotation": {"angle": 0, "axis": "y", "origin": [0, 0, 16]},
			"faces": {
				"north": {"uv": [5.8, 0, 5, 15], "texture": "#1"},
				"east": {"uv": [6, 0, 5, 15], "texture": "#1"},
				"south": {"uv": [5.8, 0, 5, 15], "texture": "#1"},
				"west": {"uv": [6, 0, 5, 15], "texture": "#1"},
				"up": {"uv": [0, 1, 0.8, 0], "texture": "#1"},
				"down": {"uv": [0, 1, 0.8, 0], "texture": "#1"}
			}
		},
		{
			"from": [7, 15, 0],
			"to": [8, 16, 16],
			"faces": {
				"north": {"uv": [0, 0, 1, 1], "texture": "#0"},
				"east": {"uv": [0, 0, 16, 1], "texture": "#0"},
				"south": {"uv": [0, 0, 1, 1], "texture": "#0"},
				"west": {"uv": [0, 0, 16, 1], "texture": "#0"},
				"up": {"uv": [0, 0, 1, 16], "texture": "#0"},
				"down": {"uv": [0, 0, 1, 16], "texture": "#0"}
			}
		}
	],
	"display": {}
}