{
	"credit": "Made by Gameboy612",
	"parent": "item_frame_block",
	"texture_size": [32, 32],
	"textures": {
		"1": "furniture/kyc/blackboard_frame",
		"2": "furniture/kyc/information_board/information_board",
		"3": "furniture/kyc/information_board/paper",
		"particle": "furniture/kyc/information_board/information_board"
	},
	"elements": [
		{
			"from": [-8, 1, 21],
			"to": [16, 32, 22],
			"faces": {
				"north": {"uv": [0, 0, 6, 7.75], "texture": "#2"},
				"east": {"uv": [0, 7.75, 0.25, 15.5], "texture": "#2"},
				"south": {"uv": [6, 0, 12, 7.75], "texture": "#2"},
				"west": {"uv": [0.25, 7.75, 0.5, 15.5], "texture": "#2"},
				"up": {"uv": [6.5, 8, 0.5, 7.75], "texture": "#2"},
				"down": {"uv": [12.5, 7.75, 6.5, 8], "texture": "#2"}
			}
		},
		{
			"from": [15, 0, 20],
			"to": [16, 32, 21],
			"faces": {
				"north": {"uv": [0, 1, 0.25, 9], "texture": "#1"},
				"east": {"uv": [0.25, 1, 0.5, 9], "texture": "#1"},
				"south": {"uv": [0.5, 1, 0.75, 9], "texture": "#1"},
				"west": {"uv": [0.75, 1, 1, 9], "texture": "#1"},
				"up": {"uv": [1.5, 1.25, 1.25, 1], "texture": "#1"},
				"down": {"uv": [1.5, 1.25, 1.25, 1.5], "texture": "#1"}
			}
		},
		{
			"from": [-8, 0, 20],
			"to": [-7, 32, 21],
			"faces": {
				"north": {"uv": [0, 1, 0.25, 9], "texture": "#1"},
				"east": {"uv": [0.25, 1, 0.5, 9], "texture": "#1"},
				"south": {"uv": [0.5, 1, 0.75, 9], "texture": "#1"},
				"west": {"uv": [0.75, 1, 1, 9], "texture": "#1"},
				"up": {"uv": [1.5, 1.25, 1.25, 1], "texture": "#1"},
				"down": {"uv": [1.5, 1.25, 1.25, 1.5], "texture": "#1"}
			}
		},
		{
			"from": [-7, 31, 20],
			"to": [15, 32, 21],
			"faces": {
				"north": {"uv": [0, 0, 11.75, 0.25], "texture": "#1"},
				"east": {"uv": [1, 1, 1.25, 1.25], "texture": "#1"},
				"south": {"uv": [0, 0.25, 11.75, 0.5], "texture": "#1"},
				"west": {"uv": [1, 1.25, 1.25, 1.5], "texture": "#1"},
				"up": {"uv": [11.75, 0.75, 0, 0.5], "texture": "#1"},
				"down": {"uv": [11.75, 0.75, 0, 1], "texture": "#1"}
			}
		},
		{
			"from": [-7, 0, 20],
			"to": [15, 1, 21],
			"faces": {
				"north": {"uv": [0, 0, 11.75, 0.25], "texture": "#1"},
				"east": {"uv": [1, 1, 1.25, 1.25], "texture": "#1"},
				"south": {"uv": [0, 0.25, 11.75, 0.5], "texture": "#1"},
				"west": {"uv": [1, 1.25, 1.25, 1.5], "texture": "#1"},
				"up": {"uv": [11.75, 0.75, 0, 0.5], "texture": "#1"},
				"down": {"uv": [11.75, 0.75, 0, 1], "texture": "#1"}
			}
		},
		{
			"from": [6, 4, 20.75],
			"to": [12, 12, 21],
			"faces": {
				"north": {"uv": [0, 0, 3, 4], "texture": "#3"},
				"east": {"uv": [0, 8, 0.5, 12], "texture": "#3"},
				"south": {"uv": [3, 0, 6, 4], "texture": "#3"},
				"west": {"uv": [0.5, 8, 1, 12], "texture": "#3"},
				"up": {"uv": [6, 8.5, 3, 8], "texture": "#3"},
				"down": {"uv": [9, 8, 6, 8.5], "texture": "#3"}
			}
		},
		{
			"from": [-4, 8, 20.75],
			"to": [2, 16, 21],
			"faces": {
				"north": {"uv": [6, 0, 9, 4], "texture": "#3"},
				"east": {"uv": [2, 8, 2.5, 12], "texture": "#3"},
				"south": {"uv": [6, 4, 9, 8], "texture": "#3"},
				"west": {"uv": [2.5, 8, 3, 12], "texture": "#3"},
				"up": {"uv": [12, 0.5, 9, 0], "texture": "#3"},
				"down": {"uv": [12, 0.5, 9, 1], "texture": "#3"}
			}
		},
		{
			"from": [5, 18, 20.75],
			"to": [11, 26, 21],
			"faces": {
				"north": {"uv": [0, 4, 3, 8], "texture": "#3"},
				"east": {"uv": [1, 8, 1.5, 12], "texture": "#3"},
				"south": {"uv": [3, 4, 6, 8], "texture": "#3"},
				"west": {"uv": [1.5, 8, 2, 12], "texture": "#3"},
				"up": {"uv": [6, 9, 3, 8.5], "texture": "#3"},
				"down": {"uv": [9, 8.5, 6, 9], "texture": "#3"}
			}
		}
	],
	"display": {}
}