{
	"credit": "Made with Blockbench",
	"parent": "furniture",
	"texture_size": [32, 32],
	"textures": {
		"0": "furniture/studentchair1",
		"particle": "furniture/studentchair1"
	},
	"elements": [
		{
			"from": [4, 1.5, 4],
			"to": [5, 7, 5],
			"rotation": {"angle": 22.5, "axis": "x", "origin": [0, 0, 0]},
			"faces": {
				"north": {"uv": [6, 7.5, 6.5, 9], "texture": "#0"},
				"east": {"uv": [6.5, 7.5, 7, 9], "texture": "#0"},
				"south": {"uv": [7, 7.5, 7.5, 9], "texture": "#0"},
				"west": {"uv": [7.5, 7.5, 8, 9], "texture": "#0"},
				"up": {"uv": [11, 5.5, 10.5, 5], "texture": "#0"},
				"down": {"uv": [6, 10.5, 5.5, 11], "texture": "#0"}
			}
		},
		{
			"from": [11, 1.5, 4],
			"to": [12, 7, 5],
			"rotation": {"angle": 22.5, "axis": "x", "origin": [7, 0, 0]},
			"faces": {
				"north": {"uv": [6, 7.5, 6.5, 9], "texture": "#0"},
				"east": {"uv": [6.5, 7.5, 7, 9], "texture": "#0"},
				"south": {"uv": [7, 7.5, 7.5, 9], "texture": "#0"},
				"west": {"uv": [7.5, 7.5, 8, 9], "texture": "#0"},
				"up": {"uv": [11, 5.5, 10.5, 5], "texture": "#0"},
				"down": {"uv": [6, 10.5, 5.5, 11], "texture": "#0"}
			}
		},
		{
			"from": [4, 4, 6],
			"to": [5, 5, 9],
			"faces": {
				"north": {"uv": [10.5, 9, 11, 9.5], "texture": "#0"},
				"east": {"uv": [2.5, 9.5, 3.5, 10], "texture": "#0"},
				"south": {"uv": [9.5, 10.5, 10, 11], "texture": "#0"},
				"west": {"uv": [9.5, 3.5, 10.5, 4], "texture": "#0"},
				"up": {"uv": [4, 10.5, 3.5, 9.5], "texture": "#0"},
				"down": {"uv": [10, 4, 9.5, 5], "texture": "#0"}
			}
		},
		{
			"from": [11, 4, 6],
			"to": [12, 5, 9],
			"rotation": {"angle": 0, "axis": "y", "origin": [7, 0, 0]},
			"faces": {
				"north": {"uv": [10.5, 9, 11, 9.5], "texture": "#0"},
				"east": {"uv": [2.5, 9.5, 3.5, 10], "texture": "#0"},
				"south": {"uv": [9.5, 10.5, 10, 11], "texture": "#0"},
				"west": {"uv": [9.5, 3.5, 10.5, 4], "texture": "#0"},
				"up": {"uv": [4, 10.5, 3.5, 9.5], "texture": "#0"},
				"down": {"uv": [10, 4, 9.5, 5], "texture": "#0"}
			}
		},
		{
			"from": [4, -4.25, 9],
			"to": [5, 1, 10],
			"rotation": {"angle": -22.5, "axis": "x", "origin": [0, 0, 0]},
			"faces": {
				"north": {"uv": [9.5, 5, 10, 6], "texture": "#0"},
				"east": {"uv": [9.5, 6, 10, 7], "texture": "#0"},
				"south": {"uv": [9.5, 7, 10, 8], "texture": "#0"},
				"west": {"uv": [9.5, 8, 10, 9], "texture": "#0"},
				"up": {"uv": [0.5, 11.5, 0, 11], "texture": "#0"},
				"down": {"uv": [11.5, 0, 11, 0.5], "texture": "#0"}
			}
		},
		{
			"from": [11, -4.25, 9],
			"to": [12, 1, 10],
			"rotation": {"angle": -22.5, "axis": "x", "origin": [7, 0, 0]},
			"faces": {
				"north": {"uv": [9.5, 5, 10, 6], "texture": "#0"},
				"east": {"uv": [9.5, 6, 10, 7], "texture": "#0"},
				"south": {"uv": [9.5, 7, 10, 8], "texture": "#0"},
				"west": {"uv": [9.5, 8, 10, 9], "texture": "#0"},
				"up": {"uv": [0.5, 11.5, 0, 11], "texture": "#0"},
				"down": {"uv": [11.5, 0, 11, 0.5], "texture": "#0"}
			}
		},
		{
			"from": [4, 9, 11],
			"to": [12, 13, 12],
			"faces": {
				"north": {"uv": [3, 0, 7, 1.5], "texture": "#0"},
				"east": {"uv": [5.5, 9, 6, 10.5], "texture": "#0"},
				"south": {"uv": [3, 1.5, 7, 3], "texture": "#0"},
				"west": {"uv": [6, 9, 6.5, 10.5], "texture": "#0"},
				"up": {"uv": [7, 3.5, 3, 3], "texture": "#0"},
				"down": {"uv": [7, 3.5, 3, 4], "texture": "#0"}
			}
		},
		{
			"from": [5, 13, 11],
			"to": [11, 14, 12],
			"faces": {
				"north": {"uv": [7, 2, 10, 2.5], "texture": "#0"},
				"east": {"uv": [10.5, 9.5, 11, 10], "texture": "#0"},
				"south": {"uv": [7, 2.5, 10, 3], "texture": "#0"},
				"west": {"uv": [10, 10.5, 10.5, 11], "texture": "#0"},
				"up": {"uv": [6, 7.5, 3, 7], "texture": "#0"},
				"down": {"uv": [10, 3, 7, 3.5], "texture": "#0"}
			}
		},
		{
			"from": [10, 8, 11],
			"to": [12, 9, 12],
			"faces": {
				"north": {"uv": [1, 11, 1.5, 11.5], "texture": "#0"},
				"east": {"uv": [11, 1, 11.5, 1.5], "texture": "#0"},
				"south": {"uv": [1.5, 11, 2, 11.5], "texture": "#0"},
				"west": {"uv": [11, 1.5, 11.5, 2], "texture": "#0"},
				"up": {"uv": [2.5, 11.5, 2, 11], "texture": "#0"},
				"down": {"uv": [11.5, 2, 11, 2.5], "texture": "#0"}
			}
		},
		{
			"from": [4, 8, 11],
			"to": [6, 9, 12],
			"faces": {
				"north": {"uv": [2.5, 11, 3, 11.5], "texture": "#0"},
				"east": {"uv": [11, 2.5, 11.5, 3], "texture": "#0"},
				"south": {"uv": [3, 11, 3.5, 11.5], "texture": "#0"},
				"west": {"uv": [11, 3, 11.5, 3.5], "texture": "#0"},
				"up": {"uv": [4, 11.5, 3.5, 11], "texture": "#0"},
				"down": {"uv": [11.5, 3.5, 11, 4], "texture": "#0"}
			}
		},
		{
			"from": [10, 5, 9],
			"to": [11, 6, 10],
			"faces": {
				"north": {"uv": [10, 2, 10.5, 2.5], "texture": "#0"},
				"east": {"uv": [2.5, 10, 3, 10.5], "texture": "#0"},
				"south": {"uv": [10, 2.5, 10.5, 3], "texture": "#0"},
				"west": {"uv": [3, 10, 3.5, 10.5], "texture": "#0"},
				"up": {"uv": [10.5, 3.5, 10, 3], "texture": "#0"},
				"down": {"uv": [10.5, 4, 10, 4.5], "texture": "#0"}
			}
		},
		{
			"from": [5, 5, 10],
			"to": [11, 6, 11],
			"faces": {
				"north": {"uv": [0, 6, 3, 6.5], "texture": "#0"},
				"east": {"uv": [10, 4.5, 10.5, 5], "texture": "#0"},
				"south": {"uv": [3, 6, 6, 6.5], "texture": "#0"},
				"west": {"uv": [10, 5, 10.5, 5.5], "texture": "#0"},
				"up": {"uv": [9, 6, 6, 5.5], "texture": "#0"},
				"down": {"uv": [9, 6, 6, 6.5], "texture": "#0"}
			}
		},
		{
			"from": [5, 5, 9],
			"to": [6, 6, 10],
			"faces": {
				"north": {"uv": [10, 5.5, 10.5, 6], "texture": "#0"},
				"east": {"uv": [10, 6, 10.5, 6.5], "texture": "#0"},
				"south": {"uv": [6.5, 10, 7, 10.5], "texture": "#0"},
				"west": {"uv": [10, 6.5, 10.5, 7], "texture": "#0"},
				"up": {"uv": [7.5, 10.5, 7, 10], "texture": "#0"},
				"down": {"uv": [10.5, 7, 10, 7.5], "texture": "#0"}
			}
		},
		{
			"from": [5, 10, 3],
			"to": [6, 13, 4],
			"rotation": {"angle": 45, "axis": "x", "origin": [0, 0, 0]},
			"faces": {
				"north": {"uv": [7.5, 10, 8, 10.5], "texture": "#0"},
				"east": {"uv": [10, 7.5, 10.5, 8], "texture": "#0"},
				"south": {"uv": [8, 10, 8.5, 10.5], "texture": "#0"},
				"west": {"uv": [10, 8, 10.5, 8.5], "texture": "#0"},
				"up": {"uv": [9, 10.5, 8.5, 10], "texture": "#0"},
				"down": {"uv": [10.5, 8.5, 10, 9], "texture": "#0"}
			}
		},
		{
			"from": [5, 6, 11],
			"to": [11, 7, 12],
			"faces": {
				"north": {"uv": [0, 6.5, 3, 7], "texture": "#0"},
				"east": {"uv": [10.5, 0, 11, 0.5], "texture": "#0"},
				"south": {"uv": [3, 6.5, 6, 7], "texture": "#0"},
				"west": {"uv": [10.5, 0.5, 11, 1], "texture": "#0"},
				"up": {"uv": [9, 7, 6, 6.5], "texture": "#0"},
				"down": {"uv": [3, 7, 0, 7.5], "texture": "#0"}
			}
		},
		{
			"from": [10, 10, 3],
			"to": [11, 13, 4],
			"rotation": {"angle": 45, "axis": "x", "origin": [0, 0, 0]},
			"faces": {
				"north": {"uv": [10.5, 2.5, 11, 3], "texture": "#0"},
				"east": {"uv": [3, 10.5, 3.5, 11], "texture": "#0"},
				"south": {"uv": [10.5, 3, 11, 3.5], "texture": "#0"},
				"west": {"uv": [3.5, 10.5, 4, 11], "texture": "#0"},
				"up": {"uv": [11, 4, 10.5, 3.5], "texture": "#0"},
				"down": {"uv": [4.5, 10.5, 4, 11], "texture": "#0"}
			}
		},
		{
			"from": [4, 7, 11],
			"to": [12, 8, 12],
			"faces": {
				"north": {"uv": [7, 0, 10, 0.5], "texture": "#0"},
				"east": {"uv": [10.5, 4, 11, 4.5], "texture": "#0"},
				"south": {"uv": [7, 0.5, 10, 1], "texture": "#0"},
				"west": {"uv": [4.5, 10.5, 5, 11], "texture": "#0"},
				"up": {"uv": [10, 1.5, 7, 1], "texture": "#0"},
				"down": {"uv": [10, 1.5, 7, 2], "texture": "#0"}
			}
		},
		{
			"name": "octagon",
			"from": [6.34315, 4.5, 3.5],
			"to": [9.65685, 5, 11.5],
			"rotation": {"angle": 45, "axis": "y", "origin": [8, 4.75, 7.5]},
			"faces": {
				"north": {"uv": [0, 0, 0.5, 0.5], "texture": "#0"},
				"east": {"uv": [0, 0, 0.5, 0.5], "texture": "#0"},
				"south": {"uv": [0, 0, 0.5, 0.5], "texture": "#0"},
				"west": {"uv": [0, 0, 0.5, 0.5], "texture": "#0"},
				"up": {"uv": [0, 0, 0.5, 0.5], "texture": "#0"},
				"down": {"uv": [0, 0, 0.5, 0.5], "texture": "#0"}
			}
		},
		{
			"name": "octagon",
			"from": [6.34315, 4.5, 3.5],
			"to": [9.65685, 5, 11.5],
			"rotation": {"angle": 0, "axis": "y", "origin": [8, 4.75, 7.5]},
			"faces": {
				"north": {"uv": [0, 0, 0.5, 0.5], "texture": "#0"},
				"east": {"uv": [0, 0, 0.5, 0.5], "texture": "#0"},
				"south": {"uv": [0, 0, 0.5, 0.5], "texture": "#0"},
				"west": {"uv": [0, 0, 0.5, 0.5], "texture": "#0"},
				"up": {"uv": [0, 0, 0.5, 0.5], "texture": "#0"},
				"down": {"uv": [0, 0, 0.5, 0.5], "texture": "#0"}
			}
		},
		{
			"name": "octagon",
			"from": [4, 4.5, 5.84315],
			"to": [12, 5, 9.15685],
			"rotation": {"angle": 45, "axis": "y", "origin": [8, 4.75, 7.5]},
			"faces": {
				"north": {"uv": [0, 0, 0.5, 0.5], "texture": "#0"},
				"east": {"uv": [0, 0, 0.5, 0.5], "texture": "#0"},
				"south": {"uv": [0, 0, 0.5, 0.5], "texture": "#0"},
				"west": {"uv": [0, 0, 0.5, 0.5], "texture": "#0"},
				"up": {"uv": [0, 0, 0.5, 0.5], "texture": "#0"},
				"down": {"uv": [0, 0, 0.5, 0.5], "texture": "#0"}
			}
		},
		{
			"name": "octagon",
			"from": [4, 4.5, 5.84315],
			"to": [12, 5, 9.15685],
			"rotation": {"angle": 0, "axis": "y", "origin": [8, 4.75, 7.5]},
			"faces": {
				"north": {"uv": [0, 0, 0.5, 0.5], "texture": "#0"},
				"east": {"uv": [0, 0, 0.5, 0.5], "texture": "#0"},
				"south": {"uv": [0, 0, 0.5, 0.5], "texture": "#0"},
				"west": {"uv": [0, 0, 0.5, 0.5], "texture": "#0"},
				"up": {"uv": [0, 0, 0.5, 0.5], "texture": "#0"},
				"down": {"uv": [0, 0, 0.5, 0.5], "texture": "#0"}
			}
		},
		{
			"name": "octagon",
			"from": [4.87868, 13.825, 11],
			"to": [5.02132, 14, 12],
			"rotation": {"angle": 0, "axis": "z", "origin": [5.5, 12.5, 11.5]},
			"faces": {
				"north": {"uv": [0.5, 0, 0, 0.5], "texture": "#0"},
				"east": {"uv": [0.5, 0, 0, 0.5], "texture": "#0"},
				"south": {"uv": [0.5, 0, 0, 0.5], "texture": "#0"},
				"west": {"uv": [0.5, 0, 0, 0.5], "texture": "#0"},
				"up": {"uv": [0.5, 0, 0, 0.5], "texture": "#0"},
				"down": {"uv": [0.5, 0, 0, 0.5], "texture": "#0"}
			}
		},
		{
			"name": "octagon",
			"from": [4, 11.87868, 11],
			"to": [4.85, 13.12132, 12],
			"rotation": {"angle": -45, "axis": "z", "origin": [5.5, 12.5, 11.5]},
			"faces": {
				"north": {"uv": [0.5, 0, 0, 0.5], "texture": "#0"},
				"east": {"uv": [0.5, 0, 0, 0.5], "texture": "#0"},
				"south": {"uv": [0.5, 0, 0, 0.5], "texture": "#0"},
				"west": {"uv": [0.5, 0, 0, 0.5], "texture": "#0"},
				"up": {"uv": [0.5, 0, 0, 0.5], "texture": "#0"},
				"down": {"uv": [0.5, 0, 0, 0.5], "texture": "#0"}
			}
		},
		{
			"name": "octagon",
			"from": [4, 12.99632, 11],
			"to": [4.15, 13.12132, 12],
			"rotation": {"angle": 0, "axis": "z", "origin": [5.5, 12.5, 11.5]},
			"faces": {
				"north": {"uv": [0.5, 0, 0, 0.5], "texture": "#0"},
				"east": {"uv": [0.5, 0, 0, 0.5], "texture": "#0"},
				"south": {"uv": [0.5, 0, 0, 0.5], "texture": "#0"},
				"west": {"uv": [0.5, 0, 0, 0.5], "texture": "#0"},
				"up": {"uv": [0.5, 0, 0, 0.5], "texture": "#0"},
				"down": {"uv": [0.5, 0, 0, 0.5], "texture": "#0"}
			}
		},
		{
			"name": "octagon",
			"from": [4.87868, 6, 11],
			"to": [5.02132, 6.175, 12],
			"rotation": {"angle": 0, "axis": "z", "origin": [5.5, 7.5, 11.5]},
			"faces": {
				"north": {"uv": [0.5, 0.5, 0, 0], "texture": "#0"},
				"east": {"uv": [0.5, 0.5, 0, 0], "texture": "#0"},
				"south": {"uv": [0.5, 0.5, 0, 0], "texture": "#0"},
				"west": {"uv": [0.5, 0.5, 0, 0], "texture": "#0"},
				"up": {"uv": [0.5, 0.5, 0, 0], "texture": "#0"},
				"down": {"uv": [0.5, 0.5, 0, 0], "texture": "#0"}
			}
		},
		{
			"name": "octagon",
			"from": [4, 6.87868, 11],
			"to": [4.85, 8.12132, 12],
			"rotation": {"angle": 45, "axis": "z", "origin": [5.5, 7.5, 11.5]},
			"faces": {
				"north": {"uv": [0.5, 0.5, 0, 0], "texture": "#0"},
				"east": {"uv": [0.5, 0.5, 0, 0], "texture": "#0"},
				"south": {"uv": [0.5, 0.5, 0, 0], "texture": "#0"},
				"west": {"uv": [0.5, 0.5, 0, 0], "texture": "#0"},
				"up": {"uv": [0.5, 0.5, 0, 0], "texture": "#0"},
				"down": {"uv": [0.5, 0.5, 0, 0], "texture": "#0"}
			}
		},
		{
			"name": "octagon",
			"from": [4, 6.87868, 11],
			"to": [4.15, 7.00368, 12],
			"rotation": {"angle": 0, "axis": "z", "origin": [5.5, 7.5, 11.5]},
			"faces": {
				"north": {"uv": [0.5, 0.5, 0, 0], "texture": "#0"},
				"east": {"uv": [0.5, 0.5, 0, 0], "texture": "#0"},
				"south": {"uv": [0.5, 0.5, 0, 0], "texture": "#0"},
				"west": {"uv": [0.5, 0.5, 0, 0], "texture": "#0"},
				"up": {"uv": [0.5, 0.5, 0, 0], "texture": "#0"},
				"down": {"uv": [0.5, 0.5, 0, 0], "texture": "#0"}
			}
		},
		{
			"name": "octagon",
			"from": [10.97868, 13.825, 11],
			"to": [11.12132, 14, 12],
			"rotation": {"angle": 0, "axis": "z", "origin": [10.5, 12.5, 11.5]},
			"faces": {
				"north": {"uv": [0, 0, 0.5, 0.5], "texture": "#0"},
				"east": {"uv": [0, 0, 0.5, 0.5], "texture": "#0"},
				"south": {"uv": [0, 0, 0.5, 0.5], "texture": "#0"},
				"west": {"uv": [0, 0, 0.5, 0.5], "texture": "#0"},
				"up": {"uv": [0, 0, 0.5, 0.5], "texture": "#0"},
				"down": {"uv": [0, 0, 0.5, 0.5], "texture": "#0"}
			}
		},
		{
			"name": "octagon",
			"from": [11.15, 11.87868, 11],
			"to": [12, 13.12132, 12],
			"rotation": {"angle": 45, "axis": "z", "origin": [10.5, 12.5, 11.5]},
			"faces": {
				"north": {"uv": [0, 0, 0.5, 0.5], "texture": "#0"},
				"east": {"uv": [0, 0, 0.5, 0.5], "texture": "#0"},
				"south": {"uv": [0, 0, 0.5, 0.5], "texture": "#0"},
				"west": {"uv": [0, 0, 0.5, 0.5], "texture": "#0"},
				"up": {"uv": [0, 0, 0.5, 0.5], "texture": "#0"},
				"down": {"uv": [0, 0, 0.5, 0.5], "texture": "#0"}
			}
		},
		{
			"name": "octagon",
			"from": [11.85, 12.99632, 11],
			"to": [12, 13.12132, 12],
			"rotation": {"angle": 0, "axis": "z", "origin": [10.5, 12.5, 11.5]},
			"faces": {
				"north": {"uv": [0, 0, 0.5, 0.5], "texture": "#0"},
				"east": {"uv": [0, 0, 0.5, 0.5], "texture": "#0"},
				"south": {"uv": [0, 0, 0.5, 0.5], "texture": "#0"},
				"west": {"uv": [0, 0, 0.5, 0.5], "texture": "#0"},
				"up": {"uv": [0, 0, 0.5, 0.5], "texture": "#0"},
				"down": {"uv": [0, 0, 0.5, 0.5], "texture": "#0"}
			}
		},
		{
			"name": "octagon",
			"from": [10.97868, 6, 11],
			"to": [11.12132, 6.175, 12],
			"rotation": {"angle": 0, "axis": "z", "origin": [10.5, 7.5, 11.5]},
			"faces": {
				"north": {"uv": [0, 0.5, 0.5, 0], "texture": "#0"},
				"east": {"uv": [0, 0.5, 0.5, 0], "texture": "#0"},
				"south": {"uv": [0, 0.5, 0.5, 0], "texture": "#0"},
				"west": {"uv": [0, 0.5, 0.5, 0], "texture": "#0"},
				"up": {"uv": [0, 0.5, 0.5, 0], "texture": "#0"},
				"down": {"uv": [0, 0.5, 0.5, 0], "texture": "#0"}
			}
		},
		{
			"name": "octagon",
			"from": [11.15, 6.87868, 11],
			"to": [12, 8.12132, 12],
			"rotation": {"angle": -45, "axis": "z", "origin": [10.5, 7.5, 11.5]},
			"faces": {
				"north": {"uv": [0, 0.5, 0.5, 0], "texture": "#0"},
				"east": {"uv": [0, 0.5, 0.5, 0], "texture": "#0"},
				"south": {"uv": [0, 0.5, 0.5, 0], "texture": "#0"},
				"west": {"uv": [0, 0.5, 0.5, 0], "texture": "#0"},
				"up": {"uv": [0, 0.5, 0.5, 0], "texture": "#0"},
				"down": {"uv": [0, 0.5, 0.5, 0], "texture": "#0"}
			}
		},
		{
			"name": "octagon",
			"from": [11.85, 6.87868, 11],
			"to": [12, 7.00368, 12],
			"rotation": {"angle": 0, "axis": "z", "origin": [10.5, 7.5, 11.5]},
			"faces": {
				"north": {"uv": [0, 0.5, 0.5, 0], "texture": "#0"},
				"east": {"uv": [0, 0.5, 0.5, 0], "texture": "#0"},
				"south": {"uv": [0, 0.5, 0.5, 0], "texture": "#0"},
				"west": {"uv": [0, 0.5, 0.5, 0], "texture": "#0"},
				"up": {"uv": [0, 0.5, 0.5, 0], "texture": "#0"},
				"down": {"uv": [0, 0.5, 0.5, 0], "texture": "#0"}
			}
		}
	],
	"display": {
		"thirdperson_righthand": {
			"translation": [0, 5, 0],
			"scale": [1.5, 1.5, 1.5]
		},
		"firstperson_righthand": {
			"rotation": [0, 45, 0],
			"scale": [0.6, 0.6, 0.6]
		},
		"firstperson_lefthand": {
			"rotation": [0, 225, 0],
			"scale": [0.6, 0.6, 0.6]
		},
		"ground": {
			"translation": [0, 2, 0],
			"scale": [0.5, 0.5, 0.5]
		},
		"gui": {
			"rotation": [30, 225, 0],
			"scale": [0.625, 0.625, 0.625]
		},
		"head": {
			"translation": [0, 5.25, 0],
			"scale": [1.6, 1.6, 1.6]
		},
		"fixed": {
			"rotation": [90, -180, -180],
			"translation": [0, 4, -27],
			"scale": [3.1, 3.1, 3.1]
		}
	},
	"groups": [
		{
			"name": "group",
			"origin": [8, 8, 8],
			"color": 0,
			"children": [
				{
					"name": "legs",
					"origin": [0, 0, 0],
					"color": 0,
					"children": [0, 1, 2, 3, 4, 5]
				},
				{
					"name": "pan",
					"origin": [0, 0, 0],
					"color": 0,
					"children": [6, 7, 8, 9]
				},
				{
					"name": "seat",
					"origin": [0, 0, 0],
					"color": 0,
					"children": [10, 11, 12, 13, 14, 15, 16]
				},
				{
					"name": "octagon",
					"origin": [8, 8, 8],
					"color": 0,
					"children": [17, 18, 19, 20]
				},
				{
					"name": "octagon",
					"origin": [8, 8, 8],
					"color": 0,
					"children": [21, 22, 23, 24, 25, 26]
				},
				{
					"name": "octagon",
					"origin": [8, 8, 8],
					"color": 0,
					"children": [27, 28, 29, 30, 31, 32]
				}
			]
		}
	]
}