{
	"credit": "Made with Blockbench",
	"texture_size": [64, 64],
	"textures": {
		"0": "furniture/studentdesk1",
		"particle": "furniture/studentdesk1"
	},
	"elements": [
		{
			"from": [12, 0, 12],
			"to": [13, 9, 13],
			"faces": {
				"north": {"uv": [3, 7, 3.25, 9.25], "texture": "#0"},
				"east": {"uv": [3.25, 7, 3.5, 9.25], "texture": "#0"},
				"south": {"uv": [3.5, 7, 3.75, 9.25], "texture": "#0"},
				"west": {"uv": [3.75, 7, 4, 9.25], "texture": "#0"},
				"up": {"uv": [6.5, 7.5, 6.25, 7.25], "texture": "#0"},
				"down": {"uv": [6.75, 7.25, 6.5, 7.5], "texture": "#0"}
			}
		},
		{
			"from": [12, 1, 2],
			"to": [13, 11, 3],
			"rotation": {"angle": 22.5, "axis": "x", "origin": [0, 0, 0]},
			"faces": {
				"north": {"uv": [1, 7, 1.25, 9.5], "texture": "#0"},
				"east": {"uv": [1.25, 7, 1.5, 9.5], "texture": "#0"},
				"south": {"uv": [1.5, 7, 1.75, 9.5], "texture": "#0"},
				"west": {"uv": [1.75, 7, 2, 9.5], "texture": "#0"},
				"up": {"uv": [7.25, 5.75, 7, 5.5], "texture": "#0"},
				"down": {"uv": [7.25, 6.5, 7, 6.75], "texture": "#0"}
			}
		},
		{
			"from": [3, 0, 12],
			"to": [4, 9, 13],
			"faces": {
				"north": {"uv": [4, 7, 4.25, 9.25], "texture": "#0"},
				"east": {"uv": [4.25, 7, 4.5, 9.25], "texture": "#0"},
				"south": {"uv": [4.5, 7, 4.75, 9.25], "texture": "#0"},
				"west": {"uv": [4.75, 7, 5, 9.25], "texture": "#0"},
				"up": {"uv": [7, 7.5, 6.75, 7.25], "texture": "#0"},
				"down": {"uv": [7.25, 7.25, 7, 7.5], "texture": "#0"}
			}
		},
		{
			"from": [3, 1, 2],
			"to": [4, 11, 3],
			"rotation": {"angle": 22.5, "axis": "x", "origin": [0, 0, 0]},
			"faces": {
				"north": {"uv": [2, 7, 2.25, 9.5], "texture": "#0"},
				"east": {"uv": [2.25, 7, 2.5, 9.5], "texture": "#0"},
				"south": {"uv": [2.5, 7, 2.75, 9.5], "texture": "#0"},
				"west": {"uv": [2.75, 7, 3, 9.5], "texture": "#0"},
				"up": {"uv": [6, 7.5, 5.75, 7.25], "texture": "#0"},
				"down": {"uv": [6.25, 7.25, 6, 7.5], "texture": "#0"}
			}
		},
		{
			"from": [1, 9, 3],
			"to": [15, 10, 14],
			"faces": {
				"north": {"uv": [3.5, 3.25, 7, 3.5], "texture": "#0"},
				"east": {"uv": [3, 6.75, 5.75, 7], "texture": "#0"},
				"south": {"uv": [2.75, 6.25, 6.25, 6.5], "texture": "#0"},
				"west": {"uv": [5.75, 6.75, 8.5, 7], "texture": "#0"},
				"up": {"uv": [3.5, 2.75, 0, 0], "texture": "#0"},
				"down": {"uv": [3.5, 2.75, 0, 5.5], "texture": "#0"}
			}
		},
		{
			"from": [0, 12, 2],
			"to": [16, 13, 13],
			"faces": {
				"north": {"uv": [6.25, 6.25, 9.75, 6.5], "texture": "#0"},
				"east": {"uv": [5, 7, 7.25, 7.25], "texture": "#0"},
				"south": {"uv": [0, 6.5, 3.5, 6.75], "texture": "#0"},
				"west": {"uv": [7, 0, 9.25, 0.25], "texture": "#0"},
				"up": {"uv": [7, 5.75, 3.5, 3.5], "texture": "#0"},
				"down": {"uv": [7, 0, 3.5, 2.25], "texture": "#0"}
			}
		},
		{
			"from": [2, 10, 13],
			"to": [14, 12, 14],
			"faces": {
				"north": {"uv": [3.5, 2.25, 6.5, 2.75], "texture": "#0"},
				"east": {"uv": [7, 4, 7.25, 4.5], "texture": "#0"},
				"south": {"uv": [3.5, 2.75, 6.5, 3.25], "texture": "#0"},
				"west": {"uv": [7, 4.5, 7.25, 5], "texture": "#0"},
				"up": {"uv": [9.5, 3.25, 6.5, 3], "texture": "#0"},
				"down": {"uv": [3, 6.75, 0, 7], "texture": "#0"}
			}
		},
		{
			"from": [14, 10, 3],
			"to": [15, 12, 14],
			"faces": {
				"north": {"uv": [7, 5, 7.25, 5.5], "texture": "#0"},
				"east": {"uv": [0, 5.5, 2.75, 6], "texture": "#0"},
				"south": {"uv": [5, 7.25, 5.25, 7.75], "texture": "#0"},
				"west": {"uv": [2.75, 5.75, 5.5, 6.25], "texture": "#0"},
				"up": {"uv": [0.25, 9.75, 0, 7], "texture": "#0"},
				"down": {"uv": [0.5, 7, 0.25, 9.75], "texture": "#0"}
			}
		},
		{
			"from": [1, 10, 3],
			"to": [2, 12, 14],
			"faces": {
				"north": {"uv": [5.25, 7.25, 5.5, 7.75], "texture": "#0"},
				"east": {"uv": [5.5, 5.75, 8.25, 6.25], "texture": "#0"},
				"south": {"uv": [5.5, 7.25, 5.75, 7.75], "texture": "#0"},
				"west": {"uv": [0, 6, 2.75, 6.5], "texture": "#0"},
				"up": {"uv": [0.75, 9.75, 0.5, 7], "texture": "#0"},
				"down": {"uv": [1, 7, 0.75, 9.75], "texture": "#0"}
			}
		},
		{
			"from": [0, 12, 14],
			"to": [16, 13, 15],
			"faces": {
				"north": {"uv": [3.5, 6.5, 7, 6.75], "texture": "#0"},
				"east": {"uv": [7.25, 7.25, 7.5, 7.5], "texture": "#0"},
				"south": {"uv": [6.5, 2.25, 10, 2.5], "texture": "#0"},
				"west": {"uv": [7.25, 4, 7.5, 4.25], "texture": "#0"},
				"up": {"uv": [10, 2.75, 6.5, 2.5], "texture": "#0"},
				"down": {"uv": [10, 2.75, 6.5, 3], "texture": "#0"}
			}
		},
		{
			"from": [12, 12, 13],
			"to": [16, 13, 14],
			"faces": {
				"north": {"uv": [2.75, 5.5, 3.5, 5.75], "texture": "#0"},
				"east": {"uv": [7.25, 4.25, 7.5, 4.5], "texture": "#0"},
				"south": {"uv": [7, 1.25, 7.75, 1.5], "texture": "#0"},
				"west": {"uv": [7.25, 4.5, 7.5, 4.75], "texture": "#0"},
				"up": {"uv": [7.75, 1.75, 7, 1.5], "texture": "#0"},
				"down": {"uv": [7.75, 1.75, 7, 2], "texture": "#0"}
			}
		},
		{
			"from": [0, 12, 13],
			"to": [4, 13, 14],
			"faces": {
				"north": {"uv": [7, 2, 7.75, 2.25], "texture": "#0"},
				"east": {"uv": [7.25, 4.75, 7.5, 5], "texture": "#0"},
				"south": {"uv": [7, 3.25, 7.75, 3.5], "texture": "#0"},
				"west": {"uv": [7.25, 5, 7.5, 5.25], "texture": "#0"},
				"up": {"uv": [7.75, 3.75, 7, 3.5], "texture": "#0"},
				"down": {"uv": [7.75, 3.75, 7, 4], "texture": "#0"}
			}
		}
	],
	"display": {
		"thirdperson_righthand": {
			"translation": [-5.75, -1, 0]
		},
		"firstperson_righthand": {
			"rotation": [0, 45, 0],
			"scale": [0.6, 0.6, 0.6]
		},
		"firstperson_lefthand": {
			"rotation": [0, 225, 0],
			"scale": [0.6, 0.6, 0.6]
		},
		"ground": {
			"translation": [0, 2, 0],
			"scale": [0.5, 0.5, 0.5]
		},
		"head": {
			"translation": [0, 5.25, 0],
			"scale": [1.6, 1.6, 1.6]
		},
		"gui": {
			"rotation": [30, -160, 0],
			"translation": [0, 0, 0],
			"scale": [0.625, 0.625, 0.625]
		}
	},
	"groups": [
		{
			"name": "table",
			"origin": [0, 0, 0],
			"children": [
				{
					"name": "legs",
					"origin": [0, 0, 0],
					"children": [0, 1, 2, 3]
				}, 4, 5, 6, 7, 8, 9, 10, 11]
		}
	]
}