{
	"credit": "Made by Gameboy612",
	"parent": "item_frame_block",
	"texture_size": [64, 64],
	"textures": {
		"0": "furniture/kyc/whiteboard",
		"1": "furniture/kyc/blackboard_frame",
		"particle": "furniture/kyc/whiteboard"
	},
	"elements": [
		{
			"from": [-16, 0, 16],
			"to": [32, 1, 22],
			"rotation": {"angle": 0, "axis": "y", "origin": [16, 0, 0]},
			"faces": {
				"north": {"uv": [12, 1.5, 6, 1.625], "texture": "#0"},
				"east": {"uv": [6.875, 2.125, 6.125, 2.25], "texture": "#0"},
				"south": {"uv": [12, 1.625, 6, 1.75], "texture": "#0"},
				"west": {"uv": [6.875, 2, 6.125, 2.125], "texture": "#0"},
				"up": {"uv": [6, 0.75, 12, 0], "texture": "#0"},
				"down": {"uv": [6, 0.75, 12, 1.5], "texture": "#0"}
			}
		},
		{
			"from": [-16, 1, 21],
			"to": [32, 25, 22],
			"rotation": {"angle": 0, "axis": "y", "origin": [16, 0, 0]},
			"faces": {
				"north": {"uv": [6, 0, 0, 3.875], "texture": "#0"},
				"east": {"uv": [6.125, 5.875, 6, 9.75], "texture": "#0"},
				"south": {"uv": [6, 3.875, 0, 7.75], "texture": "#0"},
				"west": {"uv": [6.125, 2, 6, 5.875], "texture": "#0"},
				"up": {"uv": [6, 1.875, 12, 1.75], "texture": "#0"},
				"down": {"uv": [6, 1.875, 12, 2], "texture": "#0"}
			}
		},
		{
			"from": [-16, 0, 20],
			"to": [-15, 24, 21],
			"rotation": {"angle": 0, "axis": "y", "origin": [16, 0, 0]},
			"faces": {
				"north": {"uv": [0.25, 1, 0, 9], "texture": "#1"},
				"east": {"uv": [1, 1, 0.75, 9], "texture": "#1"},
				"south": {"uv": [0.75, 1, 0.5, 9], "texture": "#1"},
				"west": {"uv": [0.5, 1, 0.25, 9], "texture": "#1"},
				"up": {"uv": [1.25, 1.25, 1.5, 1], "texture": "#1"},
				"down": {"uv": [1.25, 1.25, 1.5, 1.5], "texture": "#1"}
			}
		},
		{
			"from": [15.5, 0, 20],
			"to": [16.5, 24, 21],
			"rotation": {"angle": 0, "axis": "y", "origin": [16, 0, 0]},
			"faces": {
				"north": {"uv": [0.25, 1, 0, 9], "texture": "#1"},
				"east": {"uv": [1, 1, 0.75, 9], "texture": "#1"},
				"south": {"uv": [0.75, 1, 0.5, 9], "texture": "#1"},
				"west": {"uv": [0.5, 1, 0.25, 9], "texture": "#1"},
				"up": {"uv": [1.25, 1.25, 1.5, 1], "texture": "#1"},
				"down": {"uv": [1.25, 1.25, 1.5, 1.5], "texture": "#1"}
			}
		},
		{
			"from": [-16, 24, 20],
			"to": [32, 25, 21],
			"rotation": {"angle": 0, "axis": "y", "origin": [16, 0, 0]},
			"faces": {
				"north": {"uv": [11.75, 0, 0, 0.25], "texture": "#1"},
				"east": {"uv": [1.25, 1.25, 1, 1.5], "texture": "#1"},
				"south": {"uv": [11.75, 0.25, 0, 0.5], "texture": "#1"},
				"west": {"uv": [1.25, 1, 1, 1.25], "texture": "#1"},
				"up": {"uv": [0, 0.75, 11.75, 0.5], "texture": "#1"},
				"down": {"uv": [0, 0.75, 11.75, 1], "texture": "#1"}
			}
		}
	]
}