{
	"__credit": "Generated using Animated Java (https://animated-java.dev/)",
	"textures": {
		"0": "minecraft:rpg/mobs/gbrpg/pikaspooder/pikachu"
	},
	"elements": [
		{
			"faces": {
				"north": {"uv": [15.125, 0.125, 15.5, 0.25], "texture": "#0"},
				"east": {"uv": [15, 0.125, 15.125, 0.25], "texture": "#0"},
				"south": {"uv": [15.625, 0.125, 16, 0.25], "texture": "#0"},
				"west": {"uv": [15.5, 0.125, 15.625, 0.25], "texture": "#0"},
				"up": {"uv": [15.5, 0.125, 15.125, 0], "texture": "#0"},
				"down": {"uv": [15.875, 0, 15.5, 0.125], "texture": "#0"}
			},
			"to": [8.52045, 7.35614, 8.2],
			"from": [7.27045, 6.75614, 7.8],
			"rotation": {"angle": -22.5, "axis": "z", "origin": [6.8, 6.92, 8]}
		},
		{
			"faces": {
				"north": {"uv": [15.125, 0.125, 15.25, 0.5], "texture": "#0"},
				"east": {"uv": [15, 0.125, 15.125, 0.5], "texture": "#0"},
				"south": {"uv": [15.375, 0.125, 15.5, 0.5], "texture": "#0"},
				"west": {"uv": [15.25, 0.125, 15.375, 0.5], "texture": "#0"},
				"up": {"uv": [15.25, 0.125, 15.125, 0], "texture": "#0"},
				"down": {"uv": [15.375, 0, 15.25, 0.125], "texture": "#0"}
			},
			"to": [7.43469, 7.6947, 8.2],
			"from": [6.83469, 6.4147, 7.8],
			"rotation": {"angle": 45, "axis": "z", "origin": [6.8, 6.92, 8]}
		},
		{
			"faces": {
				"north": {"uv": [15.125, 0.125, 15.25, 1.375], "texture": "#0"},
				"east": {"uv": [15, 0.125, 15.125, 1.375], "texture": "#0"},
				"south": {"uv": [15.375, 0.125, 15.5, 1.375], "texture": "#0"},
				"west": {"uv": [15.25, 0.125, 15.375, 1.375], "texture": "#0"},
				"up": {"uv": [15.25, 0.125, 15.125, 0], "texture": "#0"},
				"down": {"uv": [15.375, 0, 15.25, 0.125], "texture": "#0"}
			},
			"to": [6.49079, 7.28528, 8.2],
			"from": [6.09079, 3.20528, 7.8],
			"rotation": {"angle": -22.5, "axis": "z", "origin": [6.8, 6.92, 8]}
		},
		{
			"faces": {
				"north": {"uv": [15.5, 4.625, 15.625, 4.875], "texture": "#0"},
				"east": {"uv": [15.375, 4.625, 15.5, 4.875], "texture": "#0"},
				"south": {"uv": [15.75, 4.625, 15.875, 4.875], "texture": "#0"},
				"west": {"uv": [15.625, 4.625, 15.75, 4.875], "texture": "#0"},
				"up": {"uv": [15.625, 4.625, 15.5, 4.5], "texture": "#0"},
				"down": {"uv": [15.75, 4.5, 15.625, 4.625], "texture": "#0"}
			},
			"to": [6.59079, 3.20528, 8.3],
			"from": [5.99079, 2.40528, 7.7],
			"rotation": {"angle": -22.5, "axis": "z", "origin": [6.8, 6.92, 8]}
		},
		{
			"faces": {
				"north": {"uv": [15.125, 0.125, 15.25, 0.25], "texture": "#0"},
				"east": {"uv": [15, 0.125, 15.125, 0.25], "texture": "#0"},
				"south": {"uv": [15.375, 0.125, 15.5, 0.25], "texture": "#0"},
				"west": {"uv": [15.25, 0.125, 15.375, 0.25], "texture": "#0"},
				"up": {"uv": [15.25, 0.125, 15.125, 0], "texture": "#0"},
				"down": {"uv": [15.375, 0, 15.25, 0.125], "texture": "#0"}
			},
			"to": [6.70079, 7.91528, 8.2],
			"from": [6.26079, 7.45528, 7.8],
			"rotation": {"angle": 0, "axis": "y", "origin": [9.5579, 4.49185, 6.8]}
		}
	],
	"display": {
		"head": {
			"translation": [0, 5.6, 0],
			"scale": [4, 4, 4],
			"rotation": [0, 0, 0]
		}
	}
}