{
	"credit": "Made with Blockbench",
	"texture_size": [128, 128],
	"textures": {
		"3": "gbspace/oxygen_vent",
		"particle": "gbspace/oxygen_vent"
	},
	"elements": [
		{
			"from": [-0.4, 15, -0.4],
			"to": [16.4, 16, 16.4],
			"rotation": {"angle": 0, "axis": "y", "origin": [8, 23, 8]},
			"faces": {
				"north": {"uv": [8.125, 1.125, 10.25, 1.25], "texture": "#3"},
				"east": {"uv": [8.125, 1.25, 10.25, 1.375], "texture": "#3"},
				"south": {"uv": [8.125, 1.375, 10.25, 1.5], "texture": "#3"},
				"west": {"uv": [8.125, 1.5, 10.25, 1.625], "texture": "#3"},
				"up": {"uv": [2.125, 2.125, 0, 0], "texture": "#3"},
				"down": {"uv": [2.125, 2.125, 0, 4.25], "texture": "#3"}
			}
		},
		{
			"from": [0.6, 16, 0.6],
			"to": [15.4, 16.5, 15.4],
			"rotation": {"angle": 0, "axis": "y", "origin": [8, 24, 8]},
			"faces": {
				"north": {"uv": [5.875, 5.75, 7.75, 5.875], "texture": "#3"},
				"east": {"uv": [8.125, 2.5, 10, 2.625], "texture": "#3"},
				"south": {"uv": [8.125, 2.625, 10, 2.75], "texture": "#3"},
				"west": {"uv": [8.125, 2.75, 10, 2.875], "texture": "#3"},
				"up": {"uv": [5.875, 6.125, 4, 4.25], "texture": "#3"},
				"down": {"uv": [6.125, 0, 4.25, 1.875], "texture": "#3"}
			}
		},
		{
			"from": [-0.4, 0, -0.4],
			"to": [16.4, 1, 16.4],
			"faces": {
				"north": {"uv": [8.125, 1.625, 10.25, 1.75], "texture": "#3"},
				"east": {"uv": [8.125, 2.125, 10.25, 2.25], "texture": "#3"},
				"south": {"uv": [8.125, 2.25, 10.25, 2.375], "texture": "#3"},
				"west": {"uv": [8.125, 2.375, 10.25, 2.5], "texture": "#3"},
				"up": {"uv": [4.25, 4.25, 2.125, 2.125], "texture": "#3"},
				"down": {"uv": [4.25, 0, 2.125, 2.125], "texture": "#3"}
			}
		},
		{
			"from": [0, 1, 0],
			"to": [16, 15, 16],
			"faces": {
				"north": {"uv": [4.25, 1.875, 6.25, 3.625], "texture": "#3"},
				"east": {"uv": [5.875, 5.875, 7.875, 7.625], "texture": "#3"},
				"south": {"uv": [5.875, 3.625, 7.875, 5.375], "texture": "#3"},
				"west": {"uv": [6.125, 0, 8.125, 1.75], "texture": "#3"},
				"up": {"uv": [2, 6.25, 0, 4.25], "texture": "#3"},
				"down": {"uv": [4, 4.25, 2, 6.25], "texture": "#3"}
			}
		}
	],
	"display": {
		"thirdperson_righthand": {
			"translation": [-5.75, -1, 0]
		},
		"firstperson_righthand": {
			"rotation": [0, 45, 0],
			"scale": [0.6, 0.6, 0.6]
		},
		"firstperson_lefthand": {
			"rotation": [0, 225, 0],
			"scale": [0.6, 0.6, 0.6]
		},
		"ground": {
			"translation": [0, 2, 0],
			"scale": [0.5, 0.5, 0.5]
		},
		"head": {
			"translation": [0, 5.25, 0],
			"scale": [1.6, 1.6, 1.6]
		},
		"fixed": {
			"rotation": [90, -180, -180],
			"translation": [0, -16, -15],
			"scale": [2.001, 2.001, 2.001]
		},
		"gui": {
			"rotation": [30, 255, 0],
			"translation": [0, 0, 0],
			"scale": [0.625, 0.625, 0.625]
		}
	},
	"groups": [
		{
			"name": "group",
			"origin": [8, 8, 8],
			"children": [
				{
					"name": "group",
					"origin": [8, 8, 8],
					"children": [0, 1, 2, 3]
				}
			]
		}
	]
}