{
	"credit": "Made with Blockbench",
	"textures": {
		"0": "block/orange_wool",
		"particle": "block/orange_wool"
	},
	"elements": [
		{
			"from": [-15, 0, -2],
			"to": [32, 1, 18],
			"faces": {
				"north": {"uv": [0, 0, 16, 1], "texture": "#0"},
				"east": {"uv": [0, 0, 16, 1], "texture": "#0"},
				"south": {"uv": [0, 0, 16, 1], "texture": "#0"},
				"west": {"uv": [0, 0, 16, 1], "texture": "#0"},
				"up": {"uv": [0, 0, 16, 16], "texture": "#0"},
				"down": {"uv": [0, 0, 16, 16], "texture": "#0"}
			}
		}
	],
	"display": {
		"thirdperson_righthand": {
			"rotation": [20, -153, 99],
			"translation": [4.5, 3, 1],
			"scale": [0.55, 0.55, 0.55]
		},
		"thirdperson_lefthand": {
			"rotation": [20, -153, 99],
			"translation": [4.5, 3, 1],
			"scale": [0.55, 0.55, 0.55]
		},
		"firstperson_righthand": {
			"rotation": [20, -153, 99],
			"translation": [4.5, 3, 1],
			"scale": [0.55, 0.55, 0.55]
		},
		"firstperson_lefthand": {
			"rotation": [20, -153, 99],
			"translation": [4.5, 3, 1],
			"scale": [0.55, 0.55, 0.55]
		},
		"ground": {
			"translation": [0, 5.25, 0]
		},
		"gui": {
			"rotation": [30, 225, 0],
			"scale": [0.625, 0.625, 0.625]
		}
	}
}