{
	"credit": "Made with Blockbench",
	"texture_size": [64, 64],
	"textures": {
		"0": "furniture/smithing_table_2",
		"particle": "furniture/smithing_table_2"
	},
	"elements": [
		{
			"from": [-16, 13, 0],
			"to": [16, 16, 16],
			"faces": {
				"north": {"uv": [0, 8, 8, 8.75], "texture": "#0"},
				"east": {"uv": [0, 4, 4, 4.75], "texture": "#0"},
				"south": {"uv": [0, 8, 8, 8.75], "texture": "#0"},
				"west": {"uv": [0, 4, 4, 4.75], "texture": "#0"},
				"up": {"uv": [0, 8, 8, 12], "texture": "#0"},
				"down": {"uv": [0, 8, 8, 12], "texture": "#0"}
			}
		},
		{
			"from": [13, 0, 1],
			"to": [15, 13, 3],
			"faces": {
				"north": {"uv": [4, 4, 4.5, 7.25], "texture": "#0"},
				"east": {"uv": [4, 4, 4.5, 7.25], "texture": "#0"},
				"south": {"uv": [4, 4, 4.5, 7.25], "texture": "#0"},
				"west": {"uv": [4, 4, 4.5, 7.25], "texture": "#0"},
				"up": {"uv": [4, 4, 4.5, 4.5], "texture": "#0"},
				"down": {"uv": [4.25, 4, 4.75, 4.5], "texture": "#0"}
			}
		},
		{
			"from": [13, 0, 13],
			"to": [15, 13, 15],
			"faces": {
				"north": {"uv": [4, 4, 4.5, 7.25], "texture": "#0"},
				"east": {"uv": [4, 4, 4.5, 7.25], "texture": "#0"},
				"south": {"uv": [4, 4, 4.5, 7.25], "texture": "#0"},
				"west": {"uv": [4, 4, 4.5, 7.25], "texture": "#0"},
				"up": {"uv": [4, 4, 4.5, 4.5], "texture": "#0"},
				"down": {"uv": [4, 4, 4.5, 4.5], "texture": "#0"}
			}
		},
		{
			"from": [-15, 0, 1],
			"to": [-13, 13, 3],
			"faces": {
				"north": {"uv": [4, 4, 4.5, 7.25], "texture": "#0"},
				"east": {"uv": [4, 4, 4.5, 7.25], "texture": "#0"},
				"south": {"uv": [4, 4, 4.5, 7.25], "texture": "#0"},
				"west": {"uv": [4, 4, 4.5, 7.25], "texture": "#0"},
				"up": {"uv": [4, 4, 4.5, 4.5], "texture": "#0"},
				"down": {"uv": [4, 4, 4.5, 4.5], "texture": "#0"}
			}
		},
		{
			"from": [-15, 0, 13],
			"to": [-13, 13, 15],
			"faces": {
				"north": {"uv": [4, 4, 4.5, 7.25], "texture": "#0"},
				"east": {"uv": [4, 4, 4.5, 7.25], "texture": "#0"},
				"south": {"uv": [4, 4, 4.5, 7.25], "texture": "#0"},
				"west": {"uv": [4, 4, 4.5, 7.25], "texture": "#0"},
				"up": {"uv": [4, 4, 4.5, 4.5], "texture": "#0"},
				"down": {"uv": [4, 4, 4.5, 4.5], "texture": "#0"}
			}
		},
		{
			"from": [13, 0, 3],
			"to": [14, 13, 13],
			"faces": {
				"north": {"uv": [8.5, 0.75, 8.75, 4], "texture": "#0"},
				"east": {"uv": [8.5, 0.75, 11, 4], "texture": "#0"},
				"south": {"uv": [8.5, 0.75, 8.75, 4], "texture": "#0"},
				"west": {"uv": [8.5, 0.75, 11, 4], "texture": "#0"},
				"up": {"uv": [8.5, 0.75, 8.75, 3.25], "texture": "#0"},
				"down": {"uv": [8.5, 0.75, 8.75, 3.25], "texture": "#0"}
			}
		},
		{
			"from": [-14, 0, 3],
			"to": [-13, 13, 13],
			"faces": {
				"north": {"uv": [8.5, 0.75, 8.75, 4], "texture": "#0"},
				"east": {"uv": [8.5, 0.75, 11, 4], "texture": "#0"},
				"south": {"uv": [8.5, 0.75, 8.75, 4], "texture": "#0"},
				"west": {"uv": [8.5, 0.75, 11, 4], "texture": "#0"},
				"up": {"uv": [8.5, 0.75, 8.75, 3.25], "texture": "#0"},
				"down": {"uv": [8.5, 0.75, 8.75, 3.25], "texture": "#0"}
			}
		},
		{
			"from": [-13, 0, 13],
			"to": [13, 13, 14],
			"faces": {
				"north": {"uv": [8.5, 0.75, 15, 4], "texture": "#0"},
				"east": {"uv": [8.5, 0.75, 8.75, 4], "texture": "#0"},
				"south": {"uv": [8.5, 0.75, 15, 4], "texture": "#0"},
				"west": {"uv": [8.5, 0.75, 8.75, 4], "texture": "#0"},
				"up": {"uv": [8.5, 0.75, 15, 1], "texture": "#0"},
				"down": {"uv": [8.5, 0.75, 15, 1], "texture": "#0"}
			}
		}
	],
	"display": {
		"thirdperson_righthand": {
			"translation": [0, 3, 1],
			"scale": [0.55, 0.55, 0.55]
		},
		"thirdperson_lefthand": {
			"translation": [0, 3, 1],
			"scale": [0.55, 0.55, 0.55]
		},
		"firstperson_righthand": {
			"rotation": [0, -90, 25],
			"translation": [1.13, 3.2, 1.13],
			"scale": [0.68, 0.68, 0.68]
		},
		"firstperson_lefthand": {
			"rotation": [0, -90, 25],
			"translation": [1.13, 3.2, 1.13],
			"scale": [0.68, 0.68, 0.68]
		},
		"ground": {
			"translation": [4.75, 2, 0],
			"scale": [0.5, 0.5, 0.5]
		},
		"gui": {
			"rotation": [30, 225, 0],
			"translation": [-3.5, -1.75, 0],
			"scale": [0.625, 0.625, 0.625]
		},
		"head": {
			"rotation": [-180, -156, 1],
			"translation": [-5.75, 5, 0],
			"scale": [1.6, 1.6, 1.6]
		},
		"fixed": {
			"rotation": [90, -180, -180],
			"translation": [0, 0, -14],
			"scale": [2.001, 2.001, 2.001]
		}
	},
	"groups": [
		{
			"name": "group",
			"origin": [0, 0, 0],
			"children": [0, 1, 2, 3, 4, 5, 6, 7]
		}
	]
}