{
	"credit": "Made with Blockbench",
	"texture_size": [64, 64],
	"textures": {
		"0": "furniture/smithing_table_2",
		"particle": "furniture/smithing_table_2"
	},
	"elements": [
		{
			"from": [-16, 13, 0],
			"to": [16, 16, 16],
			"faces": {
				"north": {"uv": [0, 8, 8, 8.75], "texture": "#0"},
				"east": {"uv": [0, 8, 4, 8.75], "texture": "#0"},
				"south": {"uv": [0, 8, 8, 8.75], "texture": "#0"},
				"west": {"uv": [0, 8, 4, 8.75], "texture": "#0"},
				"up": {"uv": [0, 8, 8, 12], "texture": "#0"},
				"down": {"uv": [0, 8, 8, 12], "texture": "#0"}
			}
		},
		{
			"from": [-14, 0, 2],
			"to": [14, 13, 14],
			"faces": {
				"north": {"uv": [8.5, 0.75, 15.5, 4], "texture": "#0"},
				"east": {"uv": [4.5, 0.75, 7.5, 4], "texture": "#0"},
				"south": {"uv": [8.5, 0.75, 15.5, 4], "texture": "#0"},
				"west": {"uv": [4.5, 0.75, 7.5, 4], "texture": "#0"},
				"up": {"uv": [0.5, 8.5, 7.5, 11.5], "texture": "#0"},
				"down": {"uv": [8.5, 0.75, 15.5, 3.75], "texture": "#0"}
			}
		},
		{
			"from": [-15, 0, 1],
			"to": [-13, 13, 3],
			"faces": {
				"north": {"uv": [4, 4, 4.5, 7.25], "texture": "#0"},
				"east": {"uv": [4, 4, 4.5, 7.25], "texture": "#0"},
				"south": {"uv": [4, 4, 4.5, 7.25], "texture": "#0"},
				"west": {"uv": [4, 4, 4.5, 7.25], "texture": "#0"},
				"up": {"uv": [4, 4, 4.5, 4.5], "texture": "#0"},
				"down": {"uv": [4, 4, 4.5, 4.5], "texture": "#0"}
			}
		},
		{
			"from": [-15, 0, 13],
			"to": [-13, 13, 15],
			"faces": {
				"north": {"uv": [4, 4, 4.5, 7.25], "texture": "#0"},
				"east": {"uv": [4, 4, 4.5, 7.25], "texture": "#0"},
				"south": {"uv": [4, 4, 4.5, 7.25], "texture": "#0"},
				"west": {"uv": [4, 4, 4.5, 7.25], "texture": "#0"},
				"up": {"uv": [4, 4, 4.5, 4.5], "texture": "#0"},
				"down": {"uv": [4, 4, 4.5, 4.5], "texture": "#0"}
			}
		},
		{
			"from": [13, 0, 1],
			"to": [15, 13, 3],
			"faces": {
				"north": {"uv": [4, 4, 4.5, 7.25], "texture": "#0"},
				"east": {"uv": [4, 4, 4.5, 7.25], "texture": "#0"},
				"south": {"uv": [4, 4, 4.5, 7.25], "texture": "#0"},
				"west": {"uv": [4, 4, 4.5, 7.25], "texture": "#0"},
				"up": {"uv": [4, 4, 4.5, 4.5], "texture": "#0"},
				"down": {"uv": [4, 4, 4.5, 4.5], "texture": "#0"}
			}
		},
		{
			"from": [13, 0, 13],
			"to": [15, 13, 15],
			"faces": {
				"north": {"uv": [4, 4, 4.5, 7.25], "texture": "#0"},
				"east": {"uv": [4, 4, 4.5, 7.25], "texture": "#0"},
				"south": {"uv": [4, 4, 4.5, 7.25], "texture": "#0"},
				"west": {"uv": [4, 4, 4.5, 7.25], "texture": "#0"},
				"up": {"uv": [4, 4, 4.5, 4.5], "texture": "#0"},
				"down": {"uv": [4, 4, 4.5, 4.5], "texture": "#0"}
			}
		},
		{
			"from": [8, 4.875, 1],
			"to": [9, 11.125, 2],
			"rotation": {"angle": 0, "axis": "y", "origin": [-1.5, 4.0625, 0.5]},
			"faces": {
				"north": {"uv": [4, 4.5, 4.25, 6.0625], "rotation": 180, "texture": "#0"},
				"east": {"uv": [4, 4.5, 4.25, 6.0625], "rotation": 180, "texture": "#0"},
				"south": {"uv": [4, 4.5, 4.25, 6.0625], "rotation": 180, "texture": "#0"},
				"west": {"uv": [4, 4.25, 4.25, 5.8125], "rotation": 180, "texture": "#0"},
				"up": {"uv": [4.25, 4.5, 4.5, 4.75], "rotation": 180, "texture": "#0"},
				"down": {"uv": [4.25, 4.75, 4.5, 5], "rotation": 180, "texture": "#0"}
			}
		},
		{
			"from": [-9, 3.875, 1],
			"to": [-8, 11.125, 2],
			"rotation": {"angle": 0, "axis": "y", "origin": [-1.5, 4.0625, 0.5]},
			"faces": {
				"north": {"uv": [4, 4.5, 4.25, 6.0625], "rotation": 180, "texture": "#0"},
				"east": {"uv": [4, 4.5, 4.25, 6.0625], "rotation": 180, "texture": "#0"},
				"south": {"uv": [4, 4.5, 4.25, 6.0625], "rotation": 180, "texture": "#0"},
				"west": {"uv": [4, 4.25, 4.25, 5.8125], "rotation": 180, "texture": "#0"},
				"up": {"uv": [4.25, 4.5, 4.5, 4.75], "rotation": 180, "texture": "#0"},
				"down": {"uv": [4.25, 4.75, 4.5, 5], "rotation": 180, "texture": "#0"}
			}
		},
		{
			"from": [6.5, 5.125, 0.5],
			"to": [10.5, 7.125, 2.5],
			"rotation": {"angle": 0, "axis": "y", "origin": [-1.5, 4.0625, 0.5]},
			"faces": {
				"north": {"uv": [0, 4, 1, 4.5], "rotation": 180, "texture": "#0"},
				"east": {"uv": [0, 4, 0.5, 4.5], "rotation": 180, "texture": "#0"},
				"south": {"uv": [0, 4, 1, 4.5], "rotation": 180, "texture": "#0"},
				"west": {"uv": [0, 4, 0.5, 4.5], "rotation": 180, "texture": "#0"},
				"up": {"uv": [0, 4, 1, 4.5], "rotation": 180, "texture": "#0"},
				"down": {"uv": [0, 4, 1, 4.5], "rotation": 180, "texture": "#0"}
			}
		},
		{
			"from": [-9.5, 4.125, 0.5],
			"to": [-6.5, 6.125, 2.5],
			"rotation": {"angle": 0, "axis": "y", "origin": [-1.5, 4.0625, 0.5]},
			"faces": {
				"north": {"uv": [0, 4, 0.75, 4.5], "rotation": 180, "texture": "#0"},
				"east": {"uv": [0, 4, 0.5, 4.5], "rotation": 180, "texture": "#0"},
				"south": {"uv": [0, 4, 0.75, 4.5], "rotation": 180, "texture": "#0"},
				"west": {"uv": [0, 4, 0.5, 4.5], "rotation": 180, "texture": "#0"},
				"up": {"uv": [0, 4, 0.75, 4.5], "rotation": 180, "texture": "#0"},
				"down": {"uv": [0, 4, 0.75, 4.5], "rotation": 180, "texture": "#0"}
			}
		},
		{
			"from": [-10.5, 4.125, 0.5],
			"to": [-9.75, 6.125, 2.5],
			"rotation": {"angle": 0, "axis": "y", "origin": [-1.5, 4.0625, 0.5]},
			"faces": {
				"north": {"uv": [0, 4, 0.1875, 4.5], "rotation": 180, "texture": "#0"},
				"east": {"uv": [0, 4, 0.5, 4.5], "rotation": 180, "texture": "#0"},
				"south": {"uv": [0, 4, 0.1875, 4.5], "rotation": 180, "texture": "#0"},
				"west": {"uv": [0, 4, 0.5, 4.5], "rotation": 180, "texture": "#0"},
				"up": {"uv": [0, 4, 0.1875, 4.5], "rotation": 180, "texture": "#0"},
				"down": {"uv": [0, 4, 0.1875, 4.5], "rotation": 180, "texture": "#0"}
			}
		},
		{
			"from": [-9.75, 4.375, 0.75],
			"to": [-9.5, 5.875, 2.25],
			"rotation": {"angle": 0, "axis": "y", "origin": [-1.5, 4.0625, 0.5]},
			"faces": {
				"north": {"uv": [0, 4, 0.0625, 4.375], "rotation": 180, "texture": "#0"},
				"east": {"uv": [0, 4, 0.375, 4.375], "rotation": 180, "texture": "#0"},
				"south": {"uv": [0, 4, 0.0625, 4.375], "rotation": 180, "texture": "#0"},
				"west": {"uv": [0, 4, 0.375, 4.375], "rotation": 180, "texture": "#0"},
				"up": {"uv": [0, 4, 0.0625, 4.375], "rotation": 180, "texture": "#0"},
				"down": {"uv": [0, 4, 0.0625, 4.375], "rotation": 180, "texture": "#0"}
			}
		},
		{
			"from": [4, 0, 1.5],
			"to": [5, 5, 2],
			"rotation": {"angle": 22.5, "axis": "z", "origin": [-1.5, 2.5, 0.75]},
			"faces": {
				"north": {"uv": [0, 4, 0.25, 5.25], "texture": "#0"},
				"east": {"uv": [0, 4, 0.125, 5.25], "texture": "#0"},
				"south": {"uv": [0, 4, 0.25, 5.25], "texture": "#0"},
				"west": {"uv": [0, 4, 0.125, 5.25], "texture": "#0"},
				"up": {"uv": [0, 4, 0.25, 4.125], "texture": "#0"},
				"down": {"uv": [0, 4.25, 0.25, 4.375], "texture": "#0"}
			}
		},
		{
			"from": [-1.30029, 3.53701, 1.375],
			"to": [-0.30029, 8.53701, 1.875],
			"rotation": {"angle": -22.5, "axis": "z", "origin": [-0.80029, 7.78701, 1.75]},
			"faces": {
				"north": {"uv": [0, 4, 0.25, 5.25], "rotation": 180, "texture": "#0"},
				"east": {"uv": [0, 4, 0.125, 5.25], "rotation": 180, "texture": "#0"},
				"south": {"uv": [0, 4, 0.25, 5.25], "rotation": 180, "texture": "#0"},
				"west": {"uv": [0, 4, 0.125, 5.25], "rotation": 180, "texture": "#0"},
				"up": {"uv": [0, 4.25, 0.25, 4.375], "rotation": 180, "texture": "#0"},
				"down": {"uv": [0, 4, 0.25, 4.125], "rotation": 180, "texture": "#0"}
			}
		},
		{
			"from": [-1.30029, 3.53701, 1.5],
			"to": [-0.30029, 8.53701, 2],
			"rotation": {"angle": 22.5, "axis": "z", "origin": [-0.80029, 7.78701, 1.75]},
			"faces": {
				"north": {"uv": [0, 4, 0.25, 5.25], "rotation": 180, "texture": "#0"},
				"east": {"uv": [0, 4, 0.125, 5.25], "rotation": 180, "texture": "#0"},
				"south": {"uv": [0, 4, 0.25, 5.25], "rotation": 180, "texture": "#0"},
				"west": {"uv": [0, 4, 0.125, 5.25], "rotation": 180, "texture": "#0"},
				"up": {"uv": [0, 4.25, 0.25, 4.375], "rotation": 180, "texture": "#0"},
				"down": {"uv": [0, 4, 0.25, 4.125], "rotation": 180, "texture": "#0"}
			}
		},
		{
			"from": [-1.30029, 8.53701, 1.375],
			"to": [-0.30029, 10.53701, 1.875],
			"rotation": {"angle": -22.5, "axis": "z", "origin": [-0.80029, 7.78701, 1.75]},
			"faces": {
				"north": {"uv": [4.25, 0.75, 4.5, 1.25], "rotation": 180, "texture": "#0"},
				"east": {"uv": [4, 0.75, 4.125, 1.25], "rotation": 180, "texture": "#0"},
				"south": {"uv": [4.25, 0.75, 4.5, 1.25], "rotation": 180, "texture": "#0"},
				"west": {"uv": [4, 0.75, 4.125, 1.25], "rotation": 180, "texture": "#0"},
				"up": {"uv": [4, 0.75, 4.25, 0.875], "rotation": 180, "texture": "#0"},
				"down": {"uv": [4, 0.75, 4.25, 0.875], "rotation": 180, "texture": "#0"}
			}
		},
		{
			"from": [-1.30029, 8.53701, 1.5],
			"to": [-0.30029, 10.53701, 2],
			"rotation": {"angle": 22.5, "axis": "z", "origin": [-0.80029, 7.78701, 1.75]},
			"faces": {
				"north": {"uv": [4.25, 0.75, 4.5, 1.25], "rotation": 180, "texture": "#0"},
				"east": {"uv": [4, 0.75, 4.125, 1.25], "rotation": 180, "texture": "#0"},
				"south": {"uv": [4.25, 0.75, 4.5, 1.25], "rotation": 180, "texture": "#0"},
				"west": {"uv": [4, 0.75, 4.125, 1.25], "rotation": 180, "texture": "#0"},
				"up": {"uv": [4, 0.75, 4.25, 0.875], "rotation": 180, "texture": "#0"},
				"down": {"uv": [4, 0.75, 4.25, 0.875], "rotation": 180, "texture": "#0"}
			}
		},
		{
			"from": [8, 4.875, 14],
			"to": [9, 11.125, 15],
			"rotation": {"angle": -22.5, "axis": "z", "origin": [8.5, 7.0625, 14.5]},
			"faces": {
				"north": {"uv": [4.25, 4.5, 4, 6.0625], "rotation": 180, "texture": "#0"},
				"east": {"uv": [4.25, 4.5, 4, 6.0625], "rotation": 180, "texture": "#0"},
				"south": {"uv": [4.25, 4.5, 4, 6.0625], "rotation": 180, "texture": "#0"},
				"west": {"uv": [4.25, 4.25, 4, 5.8125], "rotation": 180, "texture": "#0"},
				"up": {"uv": [4.25, 4.75, 4.5, 4.5], "rotation": 180, "texture": "#0"},
				"down": {"uv": [4.25, 5, 4.5, 4.75], "rotation": 180, "texture": "#0"}
			}
		},
		{
			"from": [-9, 3.875, 14],
			"to": [-8, 11.125, 15],
			"rotation": {"angle": 22.5, "axis": "z", "origin": [-9.0625, 5.71875, 14.5]},
			"faces": {
				"north": {"uv": [4.25, 4.5, 4, 6.0625], "rotation": 180, "texture": "#0"},
				"east": {"uv": [4.25, 4.5, 4, 6.0625], "rotation": 180, "texture": "#0"},
				"south": {"uv": [4.25, 4.5, 4, 6.0625], "rotation": 180, "texture": "#0"},
				"west": {"uv": [4.25, 4.25, 4, 5.8125], "rotation": 180, "texture": "#0"},
				"up": {"uv": [4.25, 4.75, 4.5, 4.5], "rotation": 180, "texture": "#0"},
				"down": {"uv": [4.25, 5, 4.5, 4.75], "rotation": 180, "texture": "#0"}
			}
		},
		{
			"from": [6.5, 5.125, 13.5],
			"to": [10.5, 7.125, 15.5],
			"rotation": {"angle": -22.5, "axis": "z", "origin": [8.5, 7.0625, 14.5]},
			"faces": {
				"north": {"uv": [1, 4, 0, 4.5], "rotation": 180, "texture": "#0"},
				"east": {"uv": [0.5, 4, 0, 4.5], "rotation": 180, "texture": "#0"},
				"south": {"uv": [1, 4, 0, 4.5], "rotation": 180, "texture": "#0"},
				"west": {"uv": [0.5, 4, 0, 4.5], "rotation": 180, "texture": "#0"},
				"up": {"uv": [0, 4.5, 1, 4], "rotation": 180, "texture": "#0"},
				"down": {"uv": [0, 4.5, 1, 4], "rotation": 180, "texture": "#0"}
			}
		},
		{
			"from": [-9.5, 4.125, 13.5],
			"to": [-6.5, 6.125, 15.5],
			"rotation": {"angle": 22.5, "axis": "z", "origin": [-9.0625, 5.71875, 14.5]},
			"faces": {
				"north": {"uv": [0.75, 4, 0, 4.5], "rotation": 180, "texture": "#0"},
				"east": {"uv": [0.5, 4, 0, 4.5], "rotation": 180, "texture": "#0"},
				"south": {"uv": [0.75, 4, 0, 4.5], "rotation": 180, "texture": "#0"},
				"west": {"uv": [0.5, 4, 0, 4.5], "rotation": 180, "texture": "#0"},
				"up": {"uv": [0, 4.5, 0.75, 4], "rotation": 180, "texture": "#0"},
				"down": {"uv": [0, 4.5, 0.75, 4], "rotation": 180, "texture": "#0"}
			}
		},
		{
			"from": [-10.5, 4.125, 13.5],
			"to": [-9.75, 6.125, 15.5],
			"rotation": {"angle": 22.5, "axis": "z", "origin": [-9.0625, 5.71875, 14.5]},
			"faces": {
				"north": {"uv": [0.1875, 4, 0, 4.5], "rotation": 180, "texture": "#0"},
				"east": {"uv": [0.5, 4, 0, 4.5], "rotation": 180, "texture": "#0"},
				"south": {"uv": [0.1875, 4, 0, 4.5], "rotation": 180, "texture": "#0"},
				"west": {"uv": [0.5, 4, 0, 4.5], "rotation": 180, "texture": "#0"},
				"up": {"uv": [0, 4.5, 0.1875, 4], "rotation": 180, "texture": "#0"},
				"down": {"uv": [0, 4.5, 0.1875, 4], "rotation": 180, "texture": "#0"}
			}
		},
		{
			"from": [-9.75, 4.375, 13.75],
			"to": [-9.5, 5.875, 15.25],
			"rotation": {"angle": 22.5, "axis": "z", "origin": [-9.0625, 5.71875, 14.5]},
			"faces": {
				"north": {"uv": [0.0625, 4, 0, 4.375], "rotation": 180, "texture": "#0"},
				"east": {"uv": [0.375, 4, 0, 4.375], "rotation": 180, "texture": "#0"},
				"south": {"uv": [0.0625, 4, 0, 4.375], "rotation": 180, "texture": "#0"},
				"west": {"uv": [0.375, 4, 0, 4.375], "rotation": 180, "texture": "#0"},
				"up": {"uv": [0, 4.375, 0.0625, 4], "rotation": 180, "texture": "#0"},
				"down": {"uv": [0, 4.375, 0.0625, 4], "rotation": 180, "texture": "#0"}
			}
		},
		{
			"from": [3.54328, 2.2961, 14],
			"to": [4.54328, 7.2961, 14.5],
			"rotation": {"angle": -22.5, "axis": "z", "origin": [4.04328, 4.7961, 14.25]},
			"faces": {
				"north": {"uv": [0.25, 4, 0, 5.25], "rotation": 180, "texture": "#0"},
				"east": {"uv": [0.125, 4, 0, 5.25], "rotation": 180, "texture": "#0"},
				"south": {"uv": [0.25, 4, 0, 5.25], "rotation": 180, "texture": "#0"},
				"west": {"uv": [0.125, 4, 0, 5.25], "rotation": 180, "texture": "#0"},
				"up": {"uv": [0, 4.375, 0.25, 4.25], "rotation": 180, "texture": "#0"},
				"down": {"uv": [0, 4.125, 0.25, 4], "rotation": 180, "texture": "#0"}
			}
		},
		{
			"from": [-2.30029, 5.03701, 14.125],
			"to": [-1.30029, 10.03701, 14.625],
			"rotation": {"angle": -22.5, "axis": "z", "origin": [-1.80029, 5.78701, 14.3125]},
			"faces": {
				"north": {"uv": [0.25, 4, 0, 5.25], "texture": "#0"},
				"east": {"uv": [0.125, 4, 0, 5.25], "texture": "#0"},
				"south": {"uv": [0.25, 4, 0, 5.25], "texture": "#0"},
				"west": {"uv": [0.125, 4, 0, 5.25], "texture": "#0"},
				"up": {"uv": [0, 4.125, 0.25, 4], "texture": "#0"},
				"down": {"uv": [0, 4.375, 0.25, 4.25], "texture": "#0"}
			}
		},
		{
			"from": [-2.30029, 5.03701, 14],
			"to": [-1.30029, 10.03701, 14.5],
			"rotation": {"angle": 22.5, "axis": "z", "origin": [-1.80029, 5.78701, 14.3125]},
			"faces": {
				"north": {"uv": [0.25, 4, 0, 5.25], "texture": "#0"},
				"east": {"uv": [0.125, 4, 0, 5.25], "texture": "#0"},
				"south": {"uv": [0.25, 4, 0, 5.25], "texture": "#0"},
				"west": {"uv": [0.125, 4, 0, 5.25], "texture": "#0"},
				"up": {"uv": [0, 4.125, 0.25, 4], "texture": "#0"},
				"down": {"uv": [0, 4.375, 0.25, 4.25], "texture": "#0"}
			}
		},
		{
			"from": [-2.30029, 3.03701, 14.125],
			"to": [-1.30029, 5.03701, 14.625],
			"rotation": {"angle": -22.5, "axis": "z", "origin": [-1.80029, 5.78701, 14.3125]},
			"faces": {
				"north": {"uv": [4.5, 0.75, 4.25, 1.25], "texture": "#0"},
				"east": {"uv": [4.125, 0.75, 4, 1.25], "texture": "#0"},
				"south": {"uv": [4.5, 0.75, 4.25, 1.25], "texture": "#0"},
				"west": {"uv": [4.125, 0.75, 4, 1.25], "texture": "#0"},
				"up": {"uv": [4, 0.875, 4.25, 0.75], "texture": "#0"},
				"down": {"uv": [4, 0.875, 4.25, 0.75], "texture": "#0"}
			}
		},
		{
			"from": [-2.30029, 3.03701, 14],
			"to": [-1.30029, 5.03701, 14.5],
			"rotation": {"angle": 22.5, "axis": "z", "origin": [-1.80029, 5.78701, 14.3125]},
			"faces": {
				"north": {"uv": [4.5, 0.75, 4.25, 1.25], "texture": "#0"},
				"east": {"uv": [4.125, 0.75, 4, 1.25], "texture": "#0"},
				"south": {"uv": [4.5, 0.75, 4.25, 1.25], "texture": "#0"},
				"west": {"uv": [4.125, 0.75, 4, 1.25], "texture": "#0"},
				"up": {"uv": [4, 0.875, 4.25, 0.75], "texture": "#0"},
				"down": {"uv": [4, 0.875, 4.25, 0.75], "texture": "#0"}
			}
		}
	],
	"display": {
		"thirdperson_righthand": {
			"rotation": [75, -45, 0],
			"translation": [0, 2.5, 0],
			"scale": [0.375, 0.375, 0.375]
		},
		"thirdperson_lefthand": {
			"rotation": [75, 45, 0],
			"translation": [0, 2.5, 0],
			"scale": [0.375, 0.375, 0.375]
		},
		"firstperson_righthand": {
			"rotation": [0, 45, 0],
			"scale": [0.4, 0.4, 0.4]
		},
		"firstperson_lefthand": {
			"rotation": [0, 225, 0],
			"scale": [0.4, 0.4, 0.4]
		},
		"ground": {
			"translation": [0, 3, 0],
			"scale": [0.25, 0.25, 0.25]
		},
		"gui": {
			"rotation": [30, 225, 0],
			"translation": [-3.25, -1.5, 0],
			"scale": [0.625, 0.625, 0.625]
		},
		"head": {
			"rotation": [0, -90, 0],
			"translation": [0, 14.25, -19],
			"scale": [4, 1, 1]
		},
		"fixed": {
			"rotation": [90, -180, -180],
			"translation": [0, 0, -16],
			"scale": [2.001, 2.001, 2.001]
		}
	},
	"groups": [
		{
			"name": "group",
			"origin": [0, 0, 0],
			"children": [0, 1,
				{
					"name": "group",
					"origin": [16, 0, 16],
					"children": [2, 3, 4, 5]
				}
			]
		},
		{
			"name": "group",
			"origin": [0, 0, 0],
			"children": [6, 7, 8, 9, 10, 11, 12, 13, 14, 15, 16]
		},
		{
			"name": "group",
			"origin": [0, 0, 0],
			"children": [17, 18, 19, 20, 21, 22, 23, 24, 25, 26, 27]
		}
	]
}