{
	"credit": "Made with Blockbench",
	"textures": {
		"0": "block/stone",
		"particle": "block/stone"
	},
	"elements": [
		{
			"from": [12, 0, 9],
			"to": [15, 0.6, 11],
			"faces": {
				"north": {"uv": [0, 0, 3, 0.6], "texture": "#0"},
				"east": {"uv": [0, 0, 2, 0.6], "texture": "#0"},
				"south": {"uv": [0, 0, 3, 0.6], "texture": "#0"},
				"west": {"uv": [0, 0, 2, 0.6], "texture": "#0"},
				"up": {"uv": [0, 0, 3, 2], "texture": "#0"},
				"down": {"uv": [0, 0, 3, 2], "texture": "#0"}
			}
		},
		{
			"from": [5, 0, 6],
			"to": [9, 0.6, 9],
			"faces": {
				"north": {"uv": [0, 0, 4, 0.6], "texture": "#0"},
				"east": {"uv": [0, 0, 3, 0.6], "texture": "#0"},
				"south": {"uv": [0, 0, 4, 0.6], "texture": "#0"},
				"west": {"uv": [0, 0, 3, 0.6], "texture": "#0"},
				"up": {"uv": [0, 0, 4, 3], "texture": "#0"},
				"down": {"uv": [0, 0, 4, 3], "texture": "#0"}
			}
		},
		{
			"from": [4, 0, 12],
			"to": [6, 0.6, 15],
			"faces": {
				"north": {"uv": [0, 0, 2, 0.6], "texture": "#0"},
				"east": {"uv": [0, 0, 3, 0.6], "texture": "#0"},
				"south": {"uv": [0, 0, 2, 0.6], "texture": "#0"},
				"west": {"uv": [0, 0, 3, 0.6], "texture": "#0"},
				"up": {"uv": [0, 0, 2, 3], "texture": "#0"},
				"down": {"uv": [0, 0, 2, 3], "texture": "#0"}
			}
		},
		{
			"from": [12, 0, 4],
			"to": [14, 0.6, 6],
			"faces": {
				"north": {"uv": [0, 0, 2, 0.6], "texture": "#0"},
				"east": {"uv": [0, 0, 2, 0.6], "texture": "#0"},
				"south": {"uv": [0, 0, 2, 0.6], "texture": "#0"},
				"west": {"uv": [0, 0, 2, 0.6], "texture": "#0"},
				"up": {"uv": [0, 0, 2, 2], "texture": "#0"},
				"down": {"uv": [0, 0, 2, 2], "texture": "#0"}
			}
		},
		{
			"from": [1, 0, 8],
			"to": [3, 0.6, 11],
			"faces": {
				"north": {"uv": [0, 0, 2, 0.6], "texture": "#0"},
				"east": {"uv": [0, 0, 3, 0.6], "texture": "#0"},
				"south": {"uv": [0, 0, 2, 0.6], "texture": "#0"},
				"west": {"uv": [0, 0, 3, 0.6], "texture": "#0"},
				"up": {"uv": [0, 0, 2, 3], "texture": "#0"},
				"down": {"uv": [0, 0, 2, 3], "texture": "#0"}
			}
		},
		{
			"from": [9, 0, 13],
			"to": [11, 0.6, 15],
			"faces": {
				"north": {"uv": [0, 0, 2, 0.6], "texture": "#0"},
				"east": {"uv": [0, 0, 2, 0.6], "texture": "#0"},
				"south": {"uv": [0, 0, 2, 0.6], "texture": "#0"},
				"west": {"uv": [0, 0, 2, 0.6], "texture": "#0"},
				"up": {"uv": [0, 0, 2, 2], "texture": "#0"},
				"down": {"uv": [0, 0, 2, 2], "texture": "#0"}
			}
		},
		{
			"from": [8, 0, 1],
			"to": [10, 0, 4],
			"faces": {
				"north": {"uv": [0, 0, 2, 0], "texture": "#0"},
				"east": {"uv": [0, 0, 3, 0], "texture": "#0"},
				"south": {"uv": [0, 0, 2, 0], "texture": "#0"},
				"west": {"uv": [0, 0, 3, 0], "texture": "#0"},
				"up": {"uv": [0, 0, 2, 3], "texture": "#0"},
				"down": {"uv": [0, 0, 2, 3], "texture": "#0"}
			}
		},
		{
			"from": [3, 0, 2],
			"to": [5, 0.6, 4],
			"faces": {
				"north": {"uv": [0, 0, 2, 0.6], "texture": "#0"},
				"east": {"uv": [0, 0, 2, 0.6], "texture": "#0"},
				"south": {"uv": [0, 0, 2, 0.6], "texture": "#0"},
				"west": {"uv": [0, 0, 2, 0.6], "texture": "#0"},
				"up": {"uv": [0, 0, 2, 2], "texture": "#0"},
				"down": {"uv": [0, 0, 2, 2], "texture": "#0"}
			}
		}
	],
	"display": {
		"thirdperson_righthand": {
			"translation": [-5.75, -1, 0]
		},
		"firstperson_righthand": {
			"rotation": [0, 45, 0],
			"scale": [0.6, 0.6, 0.6]
		},
		"firstperson_lefthand": {
			"rotation": [0, 225, 0],
			"scale": [0.6, 0.6, 0.6]
		},
		"ground": {
			"translation": [0, 2, 0],
			"scale": [0.5, 0.5, 0.5]
		},
		"gui": {
			"rotation": [30, 225, 0],
			"scale": [0.625, 0.625, 0.625]
		},
		"head": {
			"translation": [0, 5.25, 0],
			"scale": [1.6, 1.6, 1.6]
		},
		"fixed": {
			"rotation": [90, -180, -180],
			"translation": [0, 0, -16],
			"scale": [2.001, 2.001, 2.001]
		}
	}
}