{
	"credit": "Made by lavafoxerex",
	"textures": {
		"0": "rpg/weapon/devas_2/odachi/muramasa",
		"particle": "rpg/weapon/devas_2/odachi/muramasa"
	},
	"elements": [
		{
			"from": [7.55, -8.5, 7.55],
			"to": [8.45, -0.5, 8.45],
			"rotation": {"angle": 45, "axis": "y", "origin": [8, 0, 8]},
			"faces": {
				"north": {"uv": [5, 0, 5.9, 8], "texture": "#0"},
				"east": {"uv": [5, 0, 5.9, 8], "texture": "#0"},
				"south": {"uv": [5, 0, 5.9, 8], "texture": "#0"},
				"west": {"uv": [5, 0, 5.9, 8], "texture": "#0"},
				"up": {"uv": [6, 0, 6.9, 0.9], "texture": "#0"},
				"down": {"uv": [6, 0, 6.9, 0.9], "texture": "#0"}
			}
		},
		{
			"from": [7.5, -9.25, 7.5],
			"to": [8.5, -8.5, 8.5],
			"rotation": {"angle": 45, "axis": "y", "origin": [8, -14.875, 8]},
			"faces": {
				"north": {"uv": [7.5, 2.5, 9.5, 4], "texture": "#0"},
				"east": {"uv": [7.5, 2.5, 9.5, 4], "texture": "#0"},
				"south": {"uv": [7.5, 2.5, 9.5, 4], "texture": "#0"},
				"west": {"uv": [7.5, 2.5, 9.5, 4], "texture": "#0"},
				"up": {"uv": [7.5, 2, 8.5, 3], "texture": "#0"},
				"down": {"uv": [7.5, 2, 8.5, 3], "texture": "#0"}
			}
		},
		{
			"from": [7.5, -8.5, 7.5],
			"to": [8.25, -7.5, 8.25],
			"rotation": {"angle": 45, "axis": "y", "origin": [8, -14.875, 8]},
			"faces": {
				"north": {"uv": [8.75, 1.5, 9.5, 2.5], "texture": "#0"},
				"east": {"uv": [8.75, 1.5, 9.5, 2.5], "texture": "#0"},
				"south": {"uv": [8.75, 1.5, 9.5, 2.5], "texture": "#0"},
				"west": {"uv": [7.5, 1.5, 8.25, 2.5], "texture": "#0"},
				"up": {"uv": [7.5, 2, 8.25, 2.75], "texture": "#0"},
				"down": {"uv": [7.5, 2, 8.25, 2.75], "texture": "#0"}
			}
		},
		{
			"from": [7.4, 0, 7.65],
			"to": [8.6, 0.5, 8.35],
			"rotation": {"angle": 0, "axis": "y", "origin": [8, 7, 8]},
			"faces": {
				"north": {"uv": [2, 0, 4, 1.5], "texture": "#0"},
				"east": {"uv": [2.5, 0, 4, 1.5], "texture": "#0"},
				"south": {"uv": [2, 0, 4, 1.5], "texture": "#0"},
				"west": {"uv": [2, 0, 3.5, 1.5], "texture": "#0"},
				"up": {"uv": [2, 1, 3.2, 1.7], "texture": "#0"},
				"down": {"uv": [2, 1, 3.2, 1.7], "texture": "#0"}
			}
		},
		{
			"from": [7.5, 10.5, 7.75],
			"to": [8.5, 20.5, 8.25],
			"rotation": {"angle": 0, "axis": "y", "origin": [8, 7, 8]},
			"faces": {
				"north": {"uv": [0, 0, 1, 10], "texture": "#0"},
				"east": {"uv": [1.5, 0, 2, 10], "texture": "#0"},
				"south": {"uv": [1, 0, 2, 10], "texture": "#0"},
				"west": {"uv": [0.5, 0, 1, 10], "texture": "#0"},
				"up": {"uv": [0, 0, 1, 0.5], "texture": "#0"},
				"down": {"uv": [1, 0, 2, 0.5], "texture": "#0"}
			}
		},
		{
			"from": [7.5, 20.5, 7.75],
			"to": [8.5, 25.5, 8.25],
			"rotation": {"angle": 0, "axis": "y", "origin": [8, 7, 8]},
			"faces": {
				"north": {"uv": [0, 4, 1, 9], "texture": "#0"},
				"east": {"uv": [1.5, 4, 2, 9], "texture": "#0"},
				"south": {"uv": [1, 4, 2, 9], "texture": "#0"},
				"west": {"uv": [0.5, 4, 1, 9], "texture": "#0"},
				"up": {"uv": [0, 0, 1, 0.5], "texture": "#0"},
				"down": {"uv": [1, 0, 2, 0.5], "texture": "#0"}
			}
		},
		{
			"from": [7.5, 0.5, 7.75],
			"to": [8.5, 10.5, 8.25],
			"rotation": {"angle": 0, "axis": "y", "origin": [8, 7, 8]},
			"faces": {
				"north": {"uv": [0, 0, 1, 10], "texture": "#0"},
				"east": {"uv": [1.5, 0, 2, 10], "texture": "#0"},
				"south": {"uv": [1, 0, 2, 10], "texture": "#0"},
				"west": {"uv": [0.5, 0, 1, 10], "texture": "#0"},
				"up": {"uv": [0, 0, 1, 0.5], "texture": "#0"},
				"down": {"uv": [1, 0, 2, 0.5], "texture": "#0"}
			}
		},
		{
			"name": "octagon",
			"from": [7.5, 25.4875, 7.75],
			"to": [7.8392, 26.1625, 8.25],
			"rotation": {"angle": 0, "axis": "y", "origin": [7.5, 25.1, 8]},
			"faces": {
				"north": {"uv": [0, 5, 0.3392, 5.675], "texture": "#0"},
				"east": {"uv": [0, 5, 0.5, 5.675], "texture": "#0"},
				"south": {"uv": [0, 5, 0.3392, 5.675], "texture": "#0"},
				"west": {"uv": [0, 4.5, 0.5, 5.175], "texture": "#0"},
				"up": {"uv": [0, 0, 0.3392, 0.5], "texture": "#0"},
				"down": {"uv": [0.5, 0, 0.8392, 0.5], "texture": "#0"}
			}
		},
		{
			"name": "octagon",
			"from": [8.025, 24.6733, 7.75],
			"to": [8.5, 25.60173, 8.25],
			"rotation": {"angle": 45, "axis": "z", "origin": [7.5, 25.0875, 8]},
			"faces": {
				"north": {"uv": [0, 5, 0.475, 5.92843], "texture": "#0"},
				"east": {"uv": [0, 5, 0.5, 5.92843], "texture": "#0"},
				"south": {"uv": [0, 5, 0.475, 5.92843], "texture": "#0"},
				"west": {"uv": [0.5, 5, 1, 5.92843], "texture": "#0"},
				"up": {"uv": [0, 0, 0.475, 0.5], "texture": "#0"},
				"down": {"uv": [0.5, 0, 0.975, 0.5], "texture": "#0"}
			}
		},
		{
			"name": "octagon",
			"from": [7.32617, -0.5, 6.62322],
			"to": [8.32028, 0, 6.82322],
			"rotation": {"angle": 45, "axis": "y", "origin": [8, -0.25, 8]},
			"faces": {
				"north": {"uv": [8.5, 1.5, 9.49411, 2], "texture": "#0"},
				"east": {"uv": [8.5, 1.5, 8.7, 2], "texture": "#0"},
				"south": {"uv": [8.5, 1.5, 9.49411, 2], "texture": "#0"},
				"west": {"uv": [8.5, 1.5, 8.7, 2], "texture": "#0"},
				"up": {"uv": [8.5, 1.5, 9.49411, 1.7], "texture": "#0"},
				"down": {"uv": [8.5, 1.5, 9.49411, 1.7], "texture": "#0"}
			}
		},
		{
			"name": "octagon",
			"from": [6.62322, -0.5, 7.32617],
			"to": [6.82322, 0, 8.32028],
			"rotation": {"angle": 45, "axis": "y", "origin": [8, -0.25, 8]},
			"faces": {
				"north": {"uv": [8.5, 1.5, 8.7, 2], "texture": "#0"},
				"east": {"uv": [8.5, 1.5, 9.49411, 2], "texture": "#0"},
				"south": {"uv": [8.5, 1.5, 8.7, 2], "texture": "#0"},
				"west": {"uv": [8.5, 1.5, 9.49411, 2], "texture": "#0"},
				"up": {"uv": [8.5, 1.5, 8.7, 2.49411], "texture": "#0"},
				"down": {"uv": [8.5, 1.5, 8.7, 2.49411], "texture": "#0"}
			}
		},
		{
			"name": "octagon",
			"from": [7.67972, -0.5, 9.17678],
			"to": [8.67383, 0, 9.37678],
			"rotation": {"angle": 45, "axis": "y", "origin": [8, -0.25, 8]},
			"faces": {
				"north": {"uv": [8.5, 1.5, 9.49411, 2], "texture": "#0"},
				"east": {"uv": [8.5, 1.5, 8.7, 2], "texture": "#0"},
				"south": {"uv": [8.5, 1.5, 9.49411, 2], "texture": "#0"},
				"west": {"uv": [8.5, 1.5, 8.7, 2], "texture": "#0"},
				"up": {"uv": [8.5, 1.5, 9.49411, 1.7], "texture": "#0"},
				"down": {"uv": [8.5, 1.5, 9.49411, 1.7], "texture": "#0"}
			}
		},
		{
			"name": "octagon",
			"from": [7.25294, -0.5, 6.8],
			"to": [8.74706, 0, 7],
			"rotation": {"angle": 0, "axis": "y", "origin": [8, -0.25, 8]},
			"faces": {
				"north": {"uv": [8.5, 1.5, 9.99411, 2], "texture": "#0"},
				"east": {"uv": [8.5, 1.5, 8.7, 2], "texture": "#0"},
				"south": {"uv": [8.5, 1.5, 9.99411, 2], "texture": "#0"},
				"west": {"uv": [8.5, 1.5, 8.7, 2], "texture": "#0"},
				"up": {"uv": [8.5, 1.5, 9.99411, 1.7], "texture": "#0"},
				"down": {"uv": [8.5, 1.5, 9.99411, 1.7], "texture": "#0"}
			}
		},
		{
			"name": "octagon",
			"from": [9.17678, -0.5, 7.67972],
			"to": [9.37678, 0, 8.67383],
			"rotation": {"angle": 45, "axis": "y", "origin": [8, -0.25, 8]},
			"faces": {
				"north": {"uv": [8.5, 1.5, 8.7, 2], "texture": "#0"},
				"east": {"uv": [8.5, 1.5, 9.49411, 2], "texture": "#0"},
				"south": {"uv": [8.5, 1.5, 8.7, 2], "texture": "#0"},
				"west": {"uv": [8.5, 1.5, 9.49411, 2], "texture": "#0"},
				"up": {"uv": [8.5, 1.5, 8.7, 2.49411], "texture": "#0"},
				"down": {"uv": [8.5, 1.5, 8.7, 2.49411], "texture": "#0"}
			}
		},
		{
			"name": "octagon",
			"from": [6.55, -0.5, 7.50294],
			"to": [6.75, 0, 8.49706],
			"rotation": {"angle": 0, "axis": "y", "origin": [8, -0.25, 8]},
			"faces": {
				"north": {"uv": [8.5, 1.5, 8.7, 2], "texture": "#0"},
				"east": {"uv": [8.5, 1.5, 9.49411, 2], "texture": "#0"},
				"south": {"uv": [8.5, 1.5, 8.7, 2], "texture": "#0"},
				"west": {"uv": [8.5, 1.5, 9.49411, 2], "texture": "#0"},
				"up": {"uv": [8.5, 1.5, 8.7, 2.49411], "texture": "#0"},
				"down": {"uv": [8.5, 1.5, 8.7, 2.49411], "texture": "#0"}
			}
		},
		{
			"name": "octagon",
			"from": [9.25, -0.5, 7.50294],
			"to": [9.45, 0, 8.49706],
			"rotation": {"angle": 0, "axis": "y", "origin": [8, -0.25, 8]},
			"faces": {
				"north": {"uv": [8.5, 1.5, 8.7, 2], "texture": "#0"},
				"east": {"uv": [8.5, 1.5, 9.49411, 2], "texture": "#0"},
				"south": {"uv": [8.5, 1.5, 8.7, 2], "texture": "#0"},
				"west": {"uv": [8.5, 1.5, 9.49411, 2], "texture": "#0"},
				"up": {"uv": [8.5, 1.5, 8.7, 2.49411], "texture": "#0"},
				"down": {"uv": [8.5, 1.5, 8.7, 2.49411], "texture": "#0"}
			}
		},
		{
			"name": "octagon",
			"from": [7.25294, -0.5, 9],
			"to": [8.74706, 0, 9.2],
			"rotation": {"angle": 0, "axis": "y", "origin": [8, -0.25, 8]},
			"faces": {
				"north": {"uv": [8.5, 1.5, 9.99411, 2], "texture": "#0"},
				"east": {"uv": [8.5, 1.5, 8.7, 2], "texture": "#0"},
				"south": {"uv": [8.5, 1.5, 9.99411, 2], "texture": "#0"},
				"west": {"uv": [8.5, 1.5, 8.7, 2], "texture": "#0"},
				"up": {"uv": [8.5, 1.5, 9.99411, 1.7], "texture": "#0"},
				"down": {"uv": [8.5, 1.5, 9.99411, 1.7], "texture": "#0"}
			}
		},
		{
			"name": "octagon",
			"from": [7.75, -0.3, 6.95],
			"to": [8.25, -0.2, 9.05],
			"rotation": {"angle": 0, "axis": "y", "origin": [7.97635, -0.25, 8]},
			"faces": {
				"north": {"uv": [8.5, 1.5, 9, 1.6], "texture": "#0"},
				"east": {"uv": [8.5, 1.5, 10.6, 1.6], "texture": "#0"},
				"south": {"uv": [8.5, 1.5, 9, 1.6], "texture": "#0"},
				"west": {"uv": [8.5, 1.5, 10.6, 1.6], "texture": "#0"},
				"up": {"uv": [8.5, 1.5, 9, 3.6], "texture": "#0"},
				"down": {"uv": [8.5, 1.5, 9, 3.6], "texture": "#0"}
			}
		},
		{
			"name": "octagon",
			"from": [6.7, -0.3, 7.75],
			"to": [9.3, -0.2, 8.25],
			"rotation": {"angle": 0, "axis": "y", "origin": [7.75, -0.25, 7.77365]},
			"faces": {
				"north": {"uv": [8.5, 1.5, 11.1, 1.6], "texture": "#0"},
				"east": {"uv": [8.5, 1.5, 9, 1.6], "texture": "#0"},
				"south": {"uv": [8.5, 1.5, 11.1, 1.6], "texture": "#0"},
				"west": {"uv": [8.5, 1.5, 9, 1.6], "texture": "#0"},
				"up": {"uv": [8.5, 1.5, 11.1, 2], "texture": "#0"},
				"down": {"uv": [8.5, 1.5, 11.1, 2], "texture": "#0"}
			}
		},
		{
			"name": "octagon",
			"from": [7.68934, -0.5, 7.25],
			"to": [8.31066, 0, 8.75],
			"rotation": {"angle": 45, "axis": "y", "origin": [8, -0.25, 8]},
			"faces": {
				"north": {"uv": [8.5, 1.5, 9.12132, 2], "texture": "#0"},
				"east": {"uv": [8.5, 1.5, 10, 2], "texture": "#0"},
				"south": {"uv": [8.5, 1.5, 9.12132, 2], "texture": "#0"},
				"west": {"uv": [8.5, 1.5, 10, 2], "texture": "#0"},
				"up": {"uv": [8.5, 1.5, 9.12132, 3], "texture": "#0"},
				"down": {"uv": [8.5, 1.5, 9.12132, 3], "texture": "#0"}
			}
		},
		{
			"name": "octagon",
			"from": [7.68934, -0.5, 7.25],
			"to": [8.31066, 0, 8.75],
			"rotation": {"angle": 0, "axis": "y", "origin": [8, -0.25, 8]},
			"faces": {
				"north": {"uv": [8.5, 1.5, 9.12132, 2], "texture": "#0"},
				"east": {"uv": [8.5, 1.5, 10, 2], "texture": "#0"},
				"south": {"uv": [8.5, 1.5, 9.12132, 2], "texture": "#0"},
				"west": {"uv": [8.5, 1.5, 10, 2], "texture": "#0"},
				"up": {"uv": [8.5, 1.5, 9.12132, 3], "texture": "#0"},
				"down": {"uv": [8.5, 1.5, 9.12132, 3], "texture": "#0"}
			}
		},
		{
			"name": "octagon",
			"from": [7.25, -0.5, 7.68934],
			"to": [8.75, 0, 8.31066],
			"rotation": {"angle": 45, "axis": "y", "origin": [8, -0.25, 8]},
			"faces": {
				"north": {"uv": [8.5, 1.5, 10, 2], "texture": "#0"},
				"east": {"uv": [8.5, 1.5, 9.12132, 2], "texture": "#0"},
				"south": {"uv": [8.5, 1.5, 10, 2], "texture": "#0"},
				"west": {"uv": [8.5, 1.5, 9.12132, 2], "texture": "#0"},
				"up": {"uv": [8.5, 1.5, 10, 2.12132], "texture": "#0"},
				"down": {"uv": [8.5, 1.5, 10, 2.12132], "texture": "#0"}
			}
		},
		{
			"name": "octagon",
			"from": [7.25, -0.5, 7.68934],
			"to": [8.75, 0, 8.31066],
			"rotation": {"angle": 0, "axis": "y", "origin": [8, -0.25, 8]},
			"faces": {
				"north": {"uv": [8.5, 1.5, 10, 2], "texture": "#0"},
				"east": {"uv": [8.5, 1.5, 9.12132, 2], "texture": "#0"},
				"south": {"uv": [8.5, 1.5, 10, 2], "texture": "#0"},
				"west": {"uv": [8.5, 1.5, 9.12132, 2], "texture": "#0"},
				"up": {"uv": [8.5, 1.5, 10, 2.12132], "texture": "#0"},
				"down": {"uv": [8.5, 1.5, 10, 2.12132], "texture": "#0"}
			}
		}
	],
	"groups": [
		{
			"name": "group",
			"origin": [8, 8, 8],
			"color": 0,
			"children": [
				{
					"name": "group",
					"origin": [8, 8, 8],
					"color": 0,
					"children": [
						0,
						1,
						2,
						3,
						{
							"name": "group",
							"origin": [8, 7, 8],
							"color": 0,
							"children": [
								4,
								5,
								6,
								{
									"name": "octagon",
									"origin": [8, 8, 8],
									"color": 0,
									"children": [7, 8]
								}
							]
						}
					]
				}
			]
		},
		{
			"name": "group",
			"origin": [8, 8, 8],
			"color": 0,
			"children": [
				{
					"name": "octagon",
					"origin": [8, 8, 8],
					"color": 0,
					"children": [9, 10, 11, 12, 13, 14, 15, 16]
				},
				{
					"name": "octagon",
					"origin": [8, 8, 8],
					"color": 0,
					"children": [17, 18]
				},
				{
					"name": "octagon",
					"origin": [8, 8, 8],
					"color": 0,
					"children": [19, 20, 21, 22]
				}
			]
		}
	],
	"display": {
		"thirdperson_righthand": {
			"rotation": [0, 90, 0],
			"translation": [0, 9.25, 0.75]
		},
		"thirdperson_lefthand": {
			"rotation": [180, 90, 0],
			"translation": [0, -5.75, 1.25],
			"scale": [0.8, 0.8, 0.8]
		},
		"firstperson_righthand": {
			"rotation": [-41.25, 90, 0],
			"translation": [0, 9, -3.25]
		},
		"firstperson_lefthand": {
			"rotation": [120, 90, 0],
			"translation": [0, -1, 8]
		},
		"ground": {
			"rotation": [0, 0, -90]
		},
		"gui": {
			"rotation": [0, -180, -45],
			"translation": [-0.25, 0, -0.25],
			"scale": [0.45, 0.45, 0.45]
		},
		"head": {
			"rotation": [-61, 90, 0],
			"scale": [4, 4, 4]
		},
		"fixed": {
			"rotation": [0, 0, -45],
			"translation": [0.25, 0, -0.25],
			"scale": [0.55, 0.55, 0.55]
		}
	}
}